lat,lng,suburb,street,code,ward_id,source,fault_key,first_seen,last_seen,open_hours
-25.8608842,28.1674284,BRONBERRIK,KILDARE AVENUE,TSH,79900066,https://powerfailure.tshwane.gov.za/Tshwanesms/Map.aspx,"-25.8609,28.1674|BRONBERRIK#0",2026-10-10 12:24:06.234248+00:00,2026-10-10 12:24:06.234248+00:00,0.0
-25.8604364,28.1692776,BRONBERRIK,WICKLOW ROAD,TSH,79900066,https://powerfailure.tshwane.gov.za/Tshwanesms/Map.aspx,"-25.8604,28.1693|BRONBERRIK#0",2026-10-10 12:24:06.234248+00:00,2026-10-10 12:24:06.234248+00:00,0.0
-25.7263916,28.1873477,CAPITAL PARK,VAN HEERDEN STREET,TSH,79900001,https://powerfailure.tshwane.gov.za/Tshwanesms/Map.aspx,"-25.7264,28.1873|CAPITAL PARK#0",2026-10-08 17:51:27.458247+00:00,2026-10-10 12:24:06.234248+00:00,42.54
-25.4600214,28.0885546,SOSHANGUVE-GG,TAU STREET,TSH,79900011,https://powerfailure.tshwane.gov.za/Tshwanesms/Map.aspx,"-25.4600,28.0886|SOSHANGUVE-GG#0",2026-09-29 20:42:53.961596+00:00,2026-10-10 12:24:06.234248+00:00,255.69
-25.4628512,28.0890304,SOSHANGUVE-GG,STAND 434,TSH,79900011,https://powerfailure.tshwane.gov.za/Tshwanesms/Map.aspx,"-25.4629,28.0890|SOSHANGUVE-GG#0",2026-10-10 05:43:32.746880+00:00,2026-10-10 12:24:06.234248+00:00,6.68
-25.4707001,28.0919003,SOSHANGUVE-GG,STAND 1058,TSH,79900094,https://powerfailure.tshwane.gov.za/Tshwanesms/Map.aspx,"-25.4707,28.0919|SOSHANGUVE-GG#0",2026-09-28 21:54:04.654174+00:00,2026-10-10 12:24:06.234248+00:00,278.5
-25.4682802,28.0935589,SOSHANGUVE-GG,STAND 1290,TSH,79900094,https://powerfailure.tshwane.gov.za/Tshwanesms/Map.aspx,"-25.4683,28.0936|SOSHANGUVE-GG#0",2026-09-29 20:42:53.961596+00:00,2026-10-10 12:24:06.234248+00:00,255.69
-25.4658244,28.0931522,SOSHANGUVE-GG,STAND 1444,TSH,79900094,https://powerfailure.tshwane.gov.za/Tshwanesms/Map.aspx,"-25.4658,28.0932|SOSHANGUVE-GG#0",2026-10-10 05:43:32.746880+00:00,2026-10-10 12:24:06.234248+00:00,6.68
-25.4636581,28.0958705,SOSHANGUVE-GG,STAND 1588,TSH,79900094,https://powerfailure.tshwane.gov.za/Tshwanesms/Map.aspx,"-25.4637,28.0959|SOSHANGUVE-GG#0",2026-09-28 15:21:37.292442+00:00,2026-10-10 12:24:06.234248+00:00,285.04
-25.4594152,28.0965381,SOSHANGUVE-GG,STAND 1880,TSH,79900094,https://powerfailure.tshwane.gov.za/Tshwanesms/Map.aspx,"-25.4594,28.0965|SOSHANGUVE-GG#0",2026-10-08 17:51:27.458247+00:00,2026-10-10 12:24:06.234248+00:00,42.54
-25.4699464,28.0989736,SOSHANGUVE-GG,STAND 2348,TSH,79900094,https://powerfailure.tshwane.gov.za/Tshwanesms/Map.aspx,"-25.4699,28.0990|SOSHANGUVE-GG#0",2026-09-29 20:42:53.961596+00:00,2026-10-10 12:24:06.234248+00:00,255.69
-25.5163474,28.1112952,SOSHANGUVE-H,STAND 412,TSH,79900034,https://powerfailure.tshwane.gov.za/Tshwanesms/Map.aspx,"-25.5163,28.1113|SOSHANGUVE-H#0",2026-09-29 20:42:53.961596+00:00,2026-10-10 12:24:06.234248+00:00,255.69
-25.8583398,28.2130386,DORINGKLOOF,SEDER AVENUE,TSH,79900078,https://powerfailure.tshwane.gov.za/Tshwanesms/Map.aspx,"-25.8583,28.2130|DORINGKLOOF#0",2026-09-23 15:54:26.696532+00:00,2026-10-10 12:24:06.234248+00:00,404.49
-25.6451193,28.2355593,DOORNPOORT,OLIENHOUTBOOM ROAD,TSH,79900096,https://powerfailure.tshwane.gov.za/Tshwanesms/Map.aspx,"-25.6451,28.2356|DOORNPOORT#0",2026-09-25 10:58:56.127220+00:00,2026-10-10 12:24:06.234248+00:00,361.42
-25.6512416,28.2316265,DOORNPOORT,POLO PLACE,TSH,79900096,https://powerfailure.tshwane.gov.za/Tshwanesms/Map.aspx,"-25.6512,28.2316|DOORNPOORT#0",2026-09-25 10:58:56.127220+00:00,2026-10-10 12:24:06.234248+00:00,361.42
-25.6500717,28.2461917,DOORNPOORT X06,AIRPORT ROAD,TSH,79900096,https://powerfailure.tshwane.gov.za/Tshwanesms/Map.aspx,"-25.6501,28.2462|DOORNPOORT X06#0",2026-09-25 10:58:56.127220+00:00,2026-10-10 12:24:06.234248+00:00,361.42
-25.6531066,28.2507689,DOORNPOORT X29,OLINIA STREET,TSH,79900096,https://powerfailure.tshwane.gov.za/Tshwanesms/Map.aspx,"-25.6531,28.2508|DOORNPOORT X29#0",2026-10-09 19:30:15.533813+00:00,2026-10-10 12:24:06.234248+00:00,16.9
-25.6562113,28.2505417,DOORNPOORT X29,BRACKEN AVENUE,TSH,79900096,https://powerfailure.tshwane.gov.za/Tshwanesms/Map.aspx,"-25.6562,28.2505|DOORNPOORT X29#0",2026-10-09 13:08:42.013082+00:00,2026-10-10 12:24:06.234248+00:00,23.26
-25.656739,28.2525246,DOORNPOORT X31,ALECTRA CRESCENT,TSH,79900096,https://powerfailure.tshwane.gov.za/Tshwanesms/Map.aspx,"-25.6567,28.2525|DOORNPOORT X31#0",2026-10-10 05:43:32.746880+00:00,2026-10-10 12:24:06.234248+00:00,6.68
-25.6532411,28.2523698,DOORNPOORT X32,DR V D MERWE ROAD,TSH,79900096,https://powerfailure.tshwane.gov.za/Tshwanesms/Map.aspx,"-25.6532,28.2524|DOORNPOORT X32#0",2026-10-09 19:30:15.533813+00:00,2026-10-10 12:24:06.234248+00:00,16.9
-25.6522594,28.2535356,DOORNPOORT X32,OVENBUSH STREET,TSH,79900096,https://powerfailure.tshwane.gov.za/Tshwanesms/Map.aspx,"-25.6523,28.2535|DOORNPOORT X32#0",2026-10-09 13:08:42.013082+00:00,2026-10-10 12:24:06.234248+00:00,23.26
-25.6520188,28.2532071,DOORNPOORT X32,KAMAROO STREET,TSH,79900096,https://powerfailure.tshwane.gov.za/Tshwanesms/Map.aspx,"-25.6520,28.2532|DOORNPOORT X32#0",2026-10-09 13:08:42.013082+00:00,2026-10-10 12:24:06.234248+00:00,23.26
-25.6538634,28.2528121,DOORNPOORT X33,DR V D MERWE ROAD,TSH,79900096,https://powerfailure.tshwane.gov.za/Tshwanesms/Map.aspx,"-25.6539,28.2528|DOORNPOORT X33#0",2026-10-09 19:30:15.533813+00:00,2026-10-10 12:24:06.234248+00:00,16.9
-25.6509784,28.2696766,DOORNPOORT X41,RIVEA STREET,TSH,79900096,https://powerfailure.tshwane.gov.za/Tshwanesms/Map.aspx,"-25.6510,28.2697|DOORNPOORT X41#0",2026-10-09 13:08:42.013082+00:00,2026-10-10 12:24:06.234248+00:00,23.26
-25.6513693,28.2711058,DOORNPOORT X41,RIVEA STREET,TSH,79900096,https://powerfailure.tshwane.gov.za/Tshwanesms/Map.aspx,"-25.6514,28.2711|DOORNPOORT X41#0",2026-10-09 13:08:42.013082+00:00,2026-10-10 12:24:06.234248+00:00,23.26
-25.6157458,28.2768371,DOORNPOORT 295-JR,N1 PANORAMA PETROPORT,TSH,79900087,https://powerfailure.tshwane.gov.za/Tshwanesms/Map.aspx,"-25.6157,28.2768|DOORNPOORT 295-JR#0",2026-10-09 19:30:15.533813+00:00,2026-10-10 12:24:06.234248+00:00,16.9
-25.6157458,28.2768371,DOORNPOORT 295-JR,N1 PANORAMA PETROPORT,TSH,79900087,https://powerfailure.tshwane.gov.za/Tshwanesms/Map.aspx,"-25.6157,28.2768|DOORNPOORT 295-JR#1",2026-10-09 19:30:15.533813+00:00,2026-10-10 12:24:06.234248+00:00,16.9
-25.6587142,28.2628387,DOORNPOORT 295-JR,BREED STREET,TSH,79900096,https://powerfailure.tshwane.gov.za/Tshwanesms/Map.aspx,"-25.6587,28.2628|DOORNPOORT 295-JR#0",2026-10-09 19:30:15.533813+00:00,2026-10-10 12:24:06.234248+00:00,16.9
-25.7052979,28.3115438,EERSTERUST X06,WYNBERG AVENUE,TSH,79900043,https://powerfailure.tshwane.gov.za/Tshwanesms/Map.aspx,"-25.7053,28.3115|EERSTERUST X06#0",2026-10-09 19:30:15.533813+00:00,2026-10-10 12:24:06.234248+00:00,16.9
-25.7880515,28.3239003,FAERIE GLEN X40,OLD FARM ROAD,TSH,79900044,https://powerfailure.tshwane.gov.za/Tshwanesms/Map.aspx,"-25.7881,28.3239|FAERIE GLEN X40#0",2026-10-02 18:22:22.786014+00:00,2026-10-10 12:24:06.234248+00:00,186.03
-25.6853836,28.15206,FLORAUNA,FLORAUNA ROAD,TSH,79900002,https://powerfailure.tshwane.gov.za/Tshwanesms/Map.aspx,"-25.6854,28.1521|FLORAUNA#0",2026-10-09 13:08:42.013082+00:00,2026-10-10 12:24:06.234248+00:00,23.26
-25.6805215,28.1625878,FLORAUNA X01,OXALIS AVENUE,TSH,79900002,https://powerfailure.tshwane.gov.za/Tshwanesms/Map.aspx,"-25.6805,28.1626|FLORAUNA X01#0",2026-09-23 15:54:26.696532+00:00,2026-10-10 12:24:06.234248+00:00,404.49
-25.7123941,28.2760355,LINDO PARK,CARNATION STREET,TSH,79900052,https://powerfailure.tshwane.gov.za/Tshwanesms/Map.aspx,"-25.7124,28.2760|LINDO PARK#0",2026-10-03 08:01:40.485595+00:00,2026-10-10 12:24:06.234248+00:00,172.37
-25.7144185,28.2755852,LINDO PARK,MAGNOLIA STREET,TSH,79900052,https://powerfailure.tshwane.gov.za/Tshwanesms/Map.aspx,"-25.7144,28.2756|LINDO PARK#0",2026-10-08 17:51:27.458247+00:00,2026-10-10 12:24:06.234248+00:00,42.54
-25.7183567,28.3655658,MAMELODI,STAND 19392,TSH,79900028,https://powerfailure.tshwane.gov.za/Tshwanesms/Map.aspx,"-25.7184,28.3656|MAMELODI#0",2026-09-23 15:54:26.696532+00:00,2026-10-10 12:24:06.234248+00:00,404.49
-25.7124808,28.4189964,MAHUBE VALLEY X03,ROTLOETSO,TSH,79900017,https://powerfailure.tshwane.gov.za/Tshwanesms/Map.aspx,"-25.7125,28.4190|MAHUBE VALLEY X03#0",2026-09-30 23:43:30.173884+00:00,2026-10-10 12:24:06.234248+00:00,228.68
-25.712241,28.4193148,MAHUBE VALLEY X03,ROTLOETSO STREET,TSH,79900017,https://powerfailure.tshwane.gov.za/Tshwanesms/Map.aspx,"-25.7122,28.4193|MAHUBE VALLEY X03#0",2026-09-30 23:43:30.173884+00:00,2026-10-10 12:24:06.234248+00:00,228.68
-25.7484644,28.3003907,MURRAYFIELD,CLYDE STREET,TSH,79900041,https://powerfailure.tshwane.gov.za/Tshwanesms/Map.aspx,"-25.7485,28.3004|MURRAYFIELD#0",2026-10-08 17:51:27.458247+00:00,2026-10-10 12:24:06.234248+00:00,42.54
-25.7507731,28.2993309,MURRAYFIELD,ERIC STREET,TSH,79900041,https://powerfailure.tshwane.gov.za/Tshwanesms/Map.aspx,"-25.7508,28.2993|MURRAYFIELD#0",2026-10-07 23:02:05.111773+00:00,2026-10-10 12:24:06.234248+00:00,61.37
-25.7532959,28.3022507,MURRAYFIELD X01,GLOUDINA ROAD,TSH,79900046,https://powerfailure.tshwane.gov.za/Tshwanesms/Map.aspx,"-25.7533,28.3023|MURRAYFIELD X01#0",2026-09-30 06:38:52.006832+00:00,2026-10-10 12:24:06.234248+00:00,245.75
-25.7536581,28.3014744,MURRAYFIELD X01,GLOUDINA ROAD,TSH,79900046,https://powerfailure.tshwane.gov.za/Tshwanesms/Map.aspx,"-25.7537,28.3015|MURRAYFIELD X01#0",2026-09-30 06:38:52.006832+00:00,2026-10-10 12:24:06.234248+00:00,245.75
-25.7540875,28.3012963,MURRAYFIELD X01,BRENDA ROAD,TSH,79900046,https://powerfailure.tshwane.gov.za/Tshwanesms/Map.aspx,"-25.7541,28.3013|MURRAYFIELD X01#0",2026-09-30 06:38:52.006832+00:00,2026-10-10 12:24:06.234248+00:00,245.75
-25.754225,28.2992056,MURRAYFIELD X01,BRENDA ROAD,TSH,79900046,https://powerfailure.tshwane.gov.za/Tshwanesms/Map.aspx,"-25.7542,28.2992|MURRAYFIELD X01#0",2026-09-30 06:38:52.006832+00:00,2026-10-10 12:24:06.234248+00:00,245.75
-25.755848,28.2986447,MURRAYFIELD X01,GRISELDA ROAD,TSH,79900046,https://powerfailure.tshwane.gov.za/Tshwanesms/Map.aspx,"-25.7558,28.2986|MURRAYFIELD X01#0",2026-09-30 13:37:49.273392+00:00,2026-10-10 12:24:06.234248+00:00,238.77
-25.7366168,28.3483922,NELLMAPIUS,MAMRE- PLACE,TSH,79900086,https://powerfailure.tshwane.gov.za/Tshwanesms/Map.aspx,"-25.7366,28.3484|NELLMAPIUS#0",2026-09-26 14:25:10.204350+00:00,2026-10-10 12:24:06.234248+00:00,333.98
-25.7300931,28.3676031,NELLMAPIUS X03,BLACKLEOPARD STREET,TSH,79900086,https://powerfailure.tshwane.gov.za/Tshwanesms/Map.aspx,"-25.7301,28.3676|NELLMAPIUS X03#0",2026-09-23 15:54:26.696532+00:00,2026-10-10 12:24:06.234248+00:00,404.49
-25.734349,28.3640867,NELLMAPIUS X04,STERKTE CRESCENT,TSH,79900028,https://powerfailure.tshwane.gov.za/Tshwanesms/Map.aspx,"-25.7343,28.3641|NELLMAPIUS X04#0",2026-10-05 06:56:42.468331+00:00,2026-10-10 12:24:06.234248+00:00,125.46
-25.7308819,28.3576251,NELLMAPIUS X04,GESELS STREET,TSH,79900028,https://powerfailure.tshwane.gov.za/Tshwanesms/Map.aspx,"-25.7309,28.3576|NELLMAPIUS X04#0",2026-09-26 14:25:10.204350+00:00,2026-10-10 12:24:06.234248+00:00,333.98
-25.7326616,28.3596795,NELLMAPIUS X04,POELANO STREET,TSH,79900028,https://powerfailure.tshwane.gov.za/Tshwanesms/Map.aspx,"-25.7327,28.3597|NELLMAPIUS X04#0",2026-10-03 08:01:40.485595+00:00,2026-10-10 12:24:06.234248+00:00,172.37
-25.7336955,28.3600222,NELLMAPIUS X04,POELANO STREET,TSH,79900028,https://powerfailure.tshwane.gov.za/Tshwanesms/Map.aspx,"-25.7337,28.3600|NELLMAPIUS X04#0",2026-09-23 15:54:26.696532+00:00,2026-10-10 12:24:06.234248+00:00,404.49
-25.6763158,28.1514335,TILEBA,MIRANDA STREET,TSH,79900098,https://powerfailure.tshwane.gov.za/Tshwanesms/Map.aspx,"-25.6763,28.1514|TILEBA#0",2026-10-09 13:08:42.013082+00:00,2026-10-10 12:24:06.234248+00:00,23.26
-25.7250734,28.2114196,RIETFONTEIN,13TH AVENUE,TSH,79900053,https://powerfailure.tshwane.gov.za/Tshwanesms/Map.aspx,"-25.7251,28.2114|RIETFONTEIN#0",2026-10-09 13:08:42.013082+00:00,2026-10-10 12:24:06.234248+00:00,23.26
-25.7218868,28.2121756,RIETFONTEIN,ELLA STREET,TSH,79900053,https://powerfailure.tshwane.gov.za/Tshwanesms/Map.aspx,"-25.7219,28.2122|RIETFONTEIN#0",2026-10-07 10:10:01.835441+00:00,2026-10-10 12:24:06.234248+00:00,74.23
-25.6990267,28.2306412,RIETFONTEIN,MEYER STREET,TSH,79900052,https://powerfailure.tshwane.gov.za/Tshwanesms/Map.aspx,"-25.6990,28.2306|RIETFONTEIN#0",2026-10-07 23:02:05.111773+00:00,2026-10-10 12:24:06.234248+00:00,61.37
-25.6990267,28.2306412,RIETFONTEIN,MEYER STREET,TSH,79900052,https://powerfailure.tshwane.gov.za/Tshwanesms/Map.aspx,"-25.6990,28.2306|RIETFONTEIN#1",2026-10-07 23:02:05.111773+00:00,2026-10-10 12:24:06.234248+00:00,61.37
-25.6975825,28.2312055,RIETFONTEIN,28TH AVENUE,TSH,79900052,https://powerfailure.tshwane.gov.za/Tshwanesms/Map.aspx,"-25.6976,28.2312|RIETFONTEIN#0",2026-10-07 23:02:05.111773+00:00,2026-10-10 12:24:06.234248+00:00,61.37
-25.7826131,28.3367265,THE WILLOWS 340-JR,DIEP IN DIE BERG STREET,TSH,79900085,https://powerfailure.tshwane.gov.za/Tshwanesms/Map.aspx,"-25.7826,28.3367|THE WILLOWS 340-JR#0",2026-10-08 10:27:19.292786+00:00,2026-10-10 12:24:06.234248+00:00,49.95
-25.7737883,28.3381735,THE WILLOWS 340-JR,LYNNWOOD ROAD (284),TSH,79900085,https://powerfailure.tshwane.gov.za/Tshwanesms/Map.aspx,"-25.7738,28.3382|THE WILLOWS 340-JR#0",2026-10-06 17:09:53.951304+00:00,2026-10-10 12:24:06.234248+00:00,91.24
-25.8379218,28.1444255,ZWARTKOP 356-JR,HILTON STREET,TSH,79900070,https://powerfailure.tshwane.gov.za/Tshwanesms/Map.aspx,"-25.8379,28.1444|ZWARTKOP 356-JR#0",2026-10-10 12:24:06.234248+00:00,2026-10-10 12:24:06.234248+00:00,0.0
-25.7835508,28.3828546,TIJGER VALLEI X20,TIJGER VALLEI,TSH,79900101,https://powerfailure.tshwane.gov.za/Tshwanesms/Map.aspx,"-25.7836,28.3829|TIJGER VALLEI X20#0",2026-10-02 18:22:22.786014+00:00,2026-10-10 12:24:06.234248+00:00,186.03
-25.6857831,28.2651133,MONTANA PARK X01,BRAAM PRETORIUS STREET,TSH,79900005,https://powerfailure.tshwane.gov.za/Tshwanesms/Map.aspx,"-25.6858,28.2651|MONTANA PARK X01#0",2026-09-29 20:42:53.961596+00:00,2026-10-10 12:24:06.234248+00:00,255.69
-25.6862793,28.2668742,MONTANA PARK X01,WEAVER STREET,TSH,79900005,https://powerfailure.tshwane.gov.za/Tshwanesms/Map.aspx,"-25.6863,28.2669|MONTANA PARK X01#0",2026-09-29 08:23:13.536342+00:00,2026-10-10 12:24:06.234248+00:00,268.01
-25.6882401,28.2601072,MONTANA PARK X40,BESEMBIESIE ROAD,TSH,79900005,https://powerfailure.tshwane.gov.za/Tshwanesms/Map.aspx,"-25.6882,28.2601|MONTANA PARK X40#0",2026-09-23 15:54:26.696532+00:00,2026-10-10 12:24:06.234248+00:00,404.49
-25.6698166,28.2253108,ANNLIN X36,BITTERBESSIE STREET,TSH,79900050,https://powerfailure.tshwane.gov.za/Tshwanesms/Map.aspx,"-25.6698,28.2253|ANNLIN X36#0",2026-10-06 10:08:41.992184+00:00,2026-10-10 12:24:06.234248+00:00,98.26
-25.7659335,28.3336522,EQUESTRIA X92,MEADOW AVENUE,TSH,79900085,https://powerfailure.tshwane.gov.za/Tshwanesms/Map.aspx,"-25.7659,28.3337|EQUESTRIA X92#0",2026-09-29 08:23:13.536342+00:00,2026-10-10 12:24:06.234248+00:00,268.01
-25.7653966,28.3323477,EQUESTRIA X127,GRIFFITHS ROAD,TSH,79900085,https://powerfailure.tshwane.gov.za/Tshwanesms/Map.aspx,"-25.7654,28.3323|EQUESTRIA X127#0",2026-09-29 08:23:13.536342+00:00,2026-10-10 12:24:06.234248+00:00,268.01
-25.4854162,28.1027753,SOSHANGUVE-BB,STAND 734,TSH,79900026,https://powerfailure.tshwane.gov.za/Tshwanesms/Map.aspx,"-25.4854,28.1028|SOSHANGUVE-BB#0",2026-09-29 20:42:53.961596+00:00,2026-10-10 12:24:06.234248+00:00,255.69
-25.4939077,28.1003419,SOSHANGUVE-BB,STAND 1281,TSH,79900033,https://powerfailure.tshwane.gov.za/Tshwanesms/Map.aspx,"-25.4939,28.1003|SOSHANGUVE-BB#0",2026-09-29 20:42:53.961596+00:00,2026-10-10 12:24:06.234248+00:00,255.69
-25.476251,28.1044564,SOSHANGUVE-FF,STAND 1358,TSH,79900026,https://powerfailure.tshwane.gov.za/Tshwanesms/Map.aspx,"-25.4763,28.1045|SOSHANGUVE-FF#0",2026-09-29 20:42:53.961596+00:00,2026-10-10 12:24:06.234248+00:00,255.69
-25.5304878,28.0981322,SOSHANGUVE-M,STAND 626,TSH,79900035,https://powerfailure.tshwane.gov.za/Tshwanesms/Map.aspx,"-25.5305,28.0981|SOSHANGUVE-M#0",2026-09-28 15:21:37.292442+00:00,2026-10-10 12:24:06.234248+00:00,285.04
-25.5365335,28.0862716,SOSHANGUVE-M,STAND 935,TSH,79900035,https://powerfailure.tshwane.gov.za/Tshwanesms/Map.aspx,"-25.5365,28.0863|SOSHANGUVE-M#0",2026-09-28 21:54:04.654174+00:00,2026-10-10 12:24:06.234248+00:00,278.5
-25.5369778,28.0869066,SOSHANGUVE-M,STAND 976,TSH,79900035,https://powerfailure.tshwane.gov.za/Tshwanesms/Map.aspx,"-25.5370,28.0869|SOSHANGUVE-M#0",2026-09-28 21:54:04.654174+00:00,2026-10-10 12:24:06.234248+00:00,278.5
-25.5483883,28.0843347,SOSHANGUVE-M X01,STAND 1916,TSH,79900036,https://powerfailure.tshwane.gov.za/Tshwanesms/Map.aspx,"-25.5484,28.0843|SOSHANGUVE-M X01#0",2026-10-10 12:24:06.234248+00:00,2026-10-10 12:24:06.234248+00:00,0.0
-25.5501736,28.0828185,SOSHANGUVE-M X01,STAND 2359,TSH,79900036,https://powerfailure.tshwane.gov.za/Tshwanesms/Map.aspx,"-25.5502,28.0828|SOSHANGUVE-M X01#0",2026-09-30 23:43:30.173884+00:00,2026-10-10 12:24:06.234248+00:00,228.68
-25.7910876,28.3079995,GARSFONTEIN,ELVIRA STREET,TSH,79900044,https://powerfailure.tshwane.gov.za/Tshwanesms/Map.aspx,"-25.7911,28.3080|GARSFONTEIN#0",2026-10-10 12:24:06.234248+00:00,2026-10-10 12:24:06.234248+00:00,0.0
-25.7959378,28.3139343,GARSFONTEIN X01,NIEUWHOUT STREET,TSH,79900044,https://powerfailure.tshwane.gov.za/Tshwanesms/Map.aspx,"-25.7959,28.3139|GARSFONTEIN X01#0",2026-10-10 12:24:06.234248+00:00,2026-10-10 12:24:06.234248+00:00,0.0
-25.7980131,28.2885057,GARSFONTEIN X03,KEESHOND STREET,TSH,79900045,https://powerfailure.tshwane.gov.za/Tshwanesms/Map.aspx,"-25.7980,28.2885|GARSFONTEIN X03#0",2026-10-10 12:24:06.234248+00:00,2026-10-10 12:24:06.234248+00:00,0.0
-25.8003189,28.2932472,GARSFONTEIN X05,FALDA STREET,TSH,79900045,https://powerfailure.tshwane.gov.za/Tshwanesms/Map.aspx,"-25.8003,28.2932|GARSFONTEIN X05#0",2026-10-10 12:24:06.234248+00:00,2026-10-10 12:24:06.234248+00:00,0.0
-25.7871767,28.2848384,GARSFONTEIN X08,BEATRICE MARE STREET,TSH,79900045,https://powerfailure.tshwane.gov.za/Tshwanesms/Map.aspx,"-25.7872,28.2848|GARSFONTEIN X08#0",2026-10-10 12:24:06.234248+00:00,2026-10-10 12:24:06.234248+00:00,0.0
-25.7892419,28.2997315,GARSFONTEIN X08,LENAU STREET,TSH,79900045,https://powerfailure.tshwane.gov.za/Tshwanesms/Map.aspx,"-25.7892,28.2997|GARSFONTEIN X08#0",2026-10-10 12:24:06.234248+00:00,2026-10-10 12:24:06.234248+00:00,0.0
-25.7913691,28.2962144,GARSFONTEIN X08,PETRONELLA STREET,TSH,79900045,https://powerfailure.tshwane.gov.za/Tshwanesms/Map.aspx,"-25.7914,28.2962|GARSFONTEIN X08#0",2026-10-10 12:24:06.234248+00:00,2026-10-10 12:24:06.234248+00:00,0.0
-25.799733,28.3034916,GARSFONTEIN X14,EDGAR STREET,TSH,79900045,https://powerfailure.tshwane.gov.za/Tshwanesms/Map.aspx,"-25.7997,28.3035|GARSFONTEIN X14#0",2026-10-10 12:24:06.234248+00:00,2026-10-10 12:24:06.234248+00:00,0.0
-25.7951313,28.3025115,GARSFONTEIN X17,PRINCEPS CRESCENT,TSH,79900045,https://powerfailure.tshwane.gov.za/Tshwanesms/Map.aspx,"-25.7951,28.3025|GARSFONTEIN X17#0",2026-10-10 12:24:06.234248+00:00,2026-10-10 12:24:06.234248+00:00,0.0
-25.7992688,28.3049439,GARSFONTEIN X14,EDGAR STREET,TSH,79900045,https://powerfailure.tshwane.gov.za/Tshwanesms/Map.aspx,"-25.7993,28.3049|GARSFONTEIN X14#0",2026-10-10 12:24:06.234248+00:00,2026-10-10 12:24:06.234248+00:00,0.0
-25.4683635,28.044783,WINTERVELD X3,STAND,TSH,79900019,https://powerfailure.tshwane.gov.za/Tshwanesms/Map.aspx,"-25.4684,28.0448|WINTERVELD X3#0",2026-09-29 20:42:53.961596+00:00,2026-10-10 12:24:06.234248+00:00,255.69
-25.4683635,28.044783,WINTERVELD X03,STAND,TSH,79900019,https://powerfailure.tshwane.gov.za/Tshwanesms/Map.aspx,"-25.4684,28.0448|WINTERVELD X03#0",2026-09-30 13:37:49.273392+00:00,2026-10-10 12:24:06.234248+00:00,238.77
-25.7278428,28.3879085,MAMELODI,STAND 20868,TSH,79900018,https://powerfailure.tshwane.gov.za/Tshwanesms/Map.aspx,"-25.7278,28.3879|MAMELODI#0",2026-09-23 15:54:26.696532+00:00,2026-10-10 12:24:06.234248+00:00,404.49
-25.7157249,28.4189076,MAMELODI X08,BENJAMIN SEEMA CRESCENT,TSH,79900017,https://powerfailure.tshwane.gov.za/Tshwanesms/Map.aspx,"-25.7157,28.4189|MAMELODI X08#0",2026-09-23 15:54:26.696532+00:00,2026-10-10 12:24:06.234248+00:00,404.49
-25.7704444,28.2663276,MENLO PARK,BORDER ROAD,TSH,79900082,https://powerfailure.tshwane.gov.za/Tshwanesms/Map.aspx,"-25.7704,28.2663|MENLO PARK#0",2026-10-07 10:10:01.835441+00:00,2026-10-10 12:24:06.234248+00:00,74.23
-25.7385138,28.3807457,NELLMAPIUS X08,PLATINUM STREET,TSH,79900015,https://powerfailure.tshwane.gov.za/Tshwanesms/Map.aspx,"-25.7385,28.3807|NELLMAPIUS X08#0",2026-09-23 15:54:26.696532+00:00,2026-10-10 12:24:06.234248+00:00,404.49
-25.910521,28.0949947,OLIEVENHOUTBOS X13,UMPHAFA STREET,TSH,79900106,https://powerfailure.tshwane.gov.za/Tshwanesms/Map.aspx,"-25.9105,28.0950|OLIEVENHOUTBOS X13#0",2026-10-08 10:27:19.292786+00:00,2026-10-10 12:24:06.234248+00:00,49.95
-25.7265208,28.1502468,PRETORIA GARDENS,LOUISE STREET,TSH,79900001,https://powerfailure.tshwane.gov.za/Tshwanesms/Map.aspx,"-25.7265,28.1502|PRETORIA GARDENS#0",2026-10-09 19:30:15.533813+00:00,2026-10-10 12:24:06.234248+00:00,16.9
-25.6825328,28.2197067,SINOVILLE,BLYDE AVENUE,TSH,79900050,https://powerfailure.tshwane.gov.za/Tshwanesms/Map.aspx,"-25.6825,28.2197|SINOVILLE#0",2026-10-06 17:09:53.951304+00:00,2026-10-10 12:24:06.234248+00:00,91.24
-25.6790463,28.2179932,SINOVILLE,MICA AVENUE,TSH,79900050,https://powerfailure.tshwane.gov.za/Tshwanesms/Map.aspx,"-25.6790,28.2180|SINOVILLE#0",2026-10-06 17:09:53.951304+00:00,2026-10-10 12:24:06.234248+00:00,91.24
-25.6802037,28.2176712,SINOVILLE,SEFAKO MAKGATHO DRIVE,TSH,79900050,https://powerfailure.tshwane.gov.za/Tshwanesms/Map.aspx,"-25.6802,28.2177|SINOVILLE#0",2026-10-06 10:08:41.992184+00:00,2026-10-10 12:24:06.234248+00:00,98.26
-25.5471417,28.064203,KOPANONG,UNKNOWN,TSH,79900020,https://powerfailure.tshwane.gov.za/Tshwanesms/Map.aspx,"-25.5471,28.0642|KOPANONG#0",2026-10-09 13:08:42.013082+00:00,2026-10-10 12:24:06.234248+00:00,23.26
-25.7450823,28.2990905,VAL-DE-GRACE,BOESMAN STREET,TSH,79900041,https://powerfailure.tshwane.gov.za/Tshwanesms/Map.aspx,"-25.7451,28.2991|VAL-DE-GRACE#0",2026-10-01 13:04:14.443671+00:00,2026-10-10 12:24:06.234248+00:00,215.33
-25.8466804,28.1489081,WIERDAPARK X01,BOEKENHOUT ROAD,TSH,79900070,https://powerfailure.tshwane.gov.za/Tshwanesms/Map.aspx,"-25.8467,28.1489|WIERDAPARK X01#0",2026-10-10 12:24:06.234248+00:00,2026-10-10 12:24:06.234248+00:00,0.0
-25.8477458,28.1458351,WIERDAPARK X01,ORIOLE AVENUE,TSH,79900070,https://powerfailure.tshwane.gov.za/Tshwanesms/Map.aspx,"-25.8477,28.1458|WIERDAPARK X01#0",2026-10-10 12:24:06.234248+00:00,2026-10-10 12:24:06.234248+00:00,0.0
-25.8514143,28.1432251,WIERDAPARK X01,THEO STREET,TSH,79900070,https://powerfailure.tshwane.gov.za/Tshwanesms/Map.aspx,"-25.8514,28.1432|WIERDAPARK X01#0",2026-10-10 12:24:06.234248+00:00,2026-10-10 12:24:06.234248+00:00,0.0
-25.8497832,28.1444926,WIERDAPARK X01,BOSDUIF CRESCENT,TSH,79900070,https://powerfailure.tshwane.gov.za/Tshwanesms/Map.aspx,"-25.8498,28.1445|WIERDAPARK X01#0",2026-10-10 12:24:06.234248+00:00,2026-10-10 12:24:06.234248+00:00,0.0
-25.855003,28.1349328,WIERDAPARK X06,GEELVINK ROAD,TSH,79900070,https://powerfailure.tshwane.gov.za/Tshwanesms/Map.aspx,"-25.8550,28.1349|WIERDAPARK X06#0",2026-10-10 12:24:06.234248+00:00,2026-10-10 12:24:06.234248+00:00,0.0
-25.8639436,28.1517463,WIERDAPARK X05,CHRIS HOUGAARD STREET,TSH,79900070,https://powerfailure.tshwane.gov.za/Tshwanesms/Map.aspx,"-25.8639,28.1517|WIERDAPARK X05#0",2026-10-10 12:24:06.234248+00:00,2026-10-10 12:24:06.234248+00:00,0.0
-25.7492693,28.341759,WILLOWGLEN AH,PL D-075-08-14,TSH,79900041,https://powerfailure.tshwane.gov.za/Tshwanesms/Map.aspx,"-25.7493,28.3418|WILLOWGLEN AH#0",2026-09-30 23:43:30.173884+00:00,2026-10-10 12:24:06.234248+00:00,228.68
-25.7520797,28.362658,WILLOW PARK MANOR X65,MOKWA STREET,TSH,79900086,https://powerfailure.tshwane.gov.za/Tshwanesms/Map.aspx,"-25.7521,28.3627|WILLOW PARK MANOR X65#0",2026-09-24 11:52:55.215094+00:00,2026-10-10 12:24:06.234248+00:00,384.52
-25.6581701,28.1603089,WOLMER,HORN STREET,TSH,79900002,https://powerfailure.tshwane.gov.za/Tshwanesms/Map.aspx,"-25.6582,28.1603|WOLMER#0",2026-10-09 13:08:42.013082+00:00,2026-10-10 12:24:06.234248+00:00,23.26
-25.6603315,28.1599473,WOLMER,HORN STREET,TSH,79900002,https://powerfailure.tshwane.gov.za/Tshwanesms/Map.aspx,"-25.6603,28.1599|WOLMER#0",2026-10-09 13:08:42.013082+00:00,2026-10-10 12:24:06.234248+00:00,23.26
-25.6611281,28.1656192,WOLMER,BAKENKLOOF STREET,TSH,79900002,https://powerfailure.tshwane.gov.za/Tshwanesms/Map.aspx,"-25.6611,28.1656|WOLMER#0",2026-10-09 13:08:42.013082+00:00,2026-10-10 12:24:06.234248+00:00,23.26
-25.6661357,28.1596019,WOLMER,HORN STREET,TSH,79900002,https://powerfailure.tshwane.gov.za/Tshwanesms/Map.aspx,"-25.6661,28.1596|WOLMER#0",2026-10-08 10:27:19.292786+00:00,2026-10-10 12:24:06.234248+00:00,49.95
-25.6668486,28.1602306,WOLMER,VELDKORNET ROOS STREET,TSH,79900002,https://powerfailure.tshwane.gov.za/Tshwanesms/Map.aspx,"-25.6668,28.1602|WOLMER#0",2026-10-09 13:08:42.013082+00:00,2026-10-10 12:24:06.234248+00:00,23.26
-25.6676972,28.1592903,WOLMER,STASIE STREET,TSH,79900002,https://powerfailure.tshwane.gov.za/Tshwanesms/Map.aspx,"-25.6677,28.1593|WOLMER#0",2026-10-09 13:08:42.013082+00:00,2026-10-10 12:24:06.234248+00:00,23.26
-25.6664899,28.1135255,KARENPARK,MARANTA AVENUE,TSH,79900004,https://powerfailure.tshwane.gov.za/Tshwanesms/Map.aspx,"-25.6665,28.1135|KARENPARK#0",2026-09-23 15:54:26.696532+00:00,2026-10-10 12:24:06.234248+00:00,404.49
-25.662158,28.1069536,KARENPARK,BREEKHOUT,TSH,79900004,https://powerfailure.tshwane.gov.za/Tshwanesms/Map.aspx,"-25.6622,28.1070|KARENPARK#0",2026-09-23 15:54:26.696532+00:00,2026-10-10 12:24:06.234248+00:00,404.49
-25.8333105,28.1478861,ELDORAIGNE,SAXBY AVENUE,TSH,79900069,https://powerfailure.tshwane.gov.za/Tshwanesms/Map.aspx,"-25.8333,28.1479|ELDORAIGNE#0",2026-10-10 12:24:06.234248+00:00,2026-10-10 12:24:06.234248+00:00,0.0
-25.8333105,28.1478861,ELDORAIGNE,SAXBY AVENUE,TSH,79900069,https://powerfailure.tshwane.gov.za/Tshwanesms/Map.aspx,"-25.8333,28.1479|ELDORAIGNE#1",2026-10-10 12:24:06.234248+00:00,2026-10-10 12:24:06.234248+00:00,0.0
-25.8358832,28.1527949,ELDORAIGNE,ALAN ROAD,TSH,79900069,https://powerfailure.tshwane.gov.za/Tshwanesms/Map.aspx,"-25.8359,28.1528|ELDORAIGNE#0",2026-10-10 12:24:06.234248+00:00,2026-10-10 12:24:06.234248+00:00,0.0
-25.8396918,28.1483459,ELDORAIGNE,CHRISTOPHER ROAD,TSH,79900069,https://powerfailure.tshwane.gov.za/Tshwanesms/Map.aspx,"-25.8397,28.1483|ELDORAIGNE#0",2026-10-10 12:24:06.234248+00:00,2026-10-10 12:24:06.234248+00:00,0.0
-25.8470548,28.1529911,ELDORAIGNE,WEAVIND AVENUE,TSH,79900069,https://powerfailure.tshwane.gov.za/Tshwanesms/Map.aspx,"-25.8471,28.1530|ELDORAIGNE#0",2026-10-10 12:24:06.234248+00:00,2026-10-10 12:24:06.234248+00:00,0.0
-25.8494616,28.154571,ELDORAIGNE,IRELAND AVENUE,TSH,79900069,https://powerfailure.tshwane.gov.za/Tshwanesms/Map.aspx,"-25.8495,28.1546|ELDORAIGNE#0",2026-10-10 12:24:06.234248+00:00,2026-10-10 12:24:06.234248+00:00,0.0
-25.8319323,28.1551052,ELDORAIGNE X01,HYDE AVENUE,TSH,79900069,https://powerfailure.tshwane.gov.za/Tshwanesms/Map.aspx,"-25.8319,28.1551|ELDORAIGNE X01#0",2026-10-10 12:24:06.234248+00:00,2026-10-10 12:24:06.234248+00:00,0.0
-25.8407176,28.1616387,ELDORAIGNE X01,FREDERIK AVENUE,TSH,79900069,https://powerfailure.tshwane.gov.za/Tshwanesms/Map.aspx,"-25.8407,28.1616|ELDORAIGNE X01#0",2026-10-10 12:24:06.234248+00:00,2026-10-10 12:24:06.234248+00:00,0.0
-25.8386092,28.1584964,ELDORAIGNE X01,RABIE ROAD,TSH,79900069,https://powerfailure.tshwane.gov.za/Tshwanesms/Map.aspx,"-25.8386,28.1585|ELDORAIGNE X01#0",2026-10-10 12:24:06.234248+00:00,2026-10-10 12:24:06.234248+00:00,0.0
-25.8441443,28.1608734,ELDORAIGNE X01,WILHELM ROAD,TSH,79900069,https://powerfailure.tshwane.gov.za/Tshwanesms/Map.aspx,"-25.8441,28.1609|ELDORAIGNE X01#0",2026-10-10 12:24:06.234248+00:00,2026-10-10 12:24:06.234248+00:00,0.0
-25.8440556,28.1599138,ELDORAIGNE X01,WILHELM ROAD,TSH,79900069,https://powerfailure.tshwane.gov.za/Tshwanesms/Map.aspx,"-25.8441,28.1599|ELDORAIGNE X01#0",2026-10-10 12:24:06.234248+00:00,2026-10-10 12:24:06.234248+00:00,0.0
-25.8462717,28.1600013,ELDORAIGNE X01,KOOS SMAL ROAD,TSH,79900069,https://powerfailure.tshwane.gov.za/Tshwanesms/Map.aspx,"-25.8463,28.1600|ELDORAIGNE X01#0",2026-10-10 12:24:06.234248+00:00,2026-10-10 12:24:06.234248+00:00,0.0
-25.8484128,28.1594053,ELDORAIGNE X01,EDWARDS ROAD,TSH,79900069,https://powerfailure.tshwane.gov.za/Tshwanesms/Map.aspx,"-25.8484,28.1594|ELDORAIGNE X01#0",2026-10-10 12:24:06.234248+00:00,2026-10-10 12:24:06.234248+00:00,0.0
-25.8493448,28.1614263,ELDORAIGNE X01,EDWARDS ROAD,TSH,79900069,https://powerfailure.tshwane.gov.za/Tshwanesms/Map.aspx,"-25.8493,28.1614|ELDORAIGNE X01#0",2026-10-10 12:24:06.234248+00:00,2026-10-10 12:24:06.234248+00:00,0.0
-25.8567093,28.1557222,ELDORAIGNE X06,CALEY STREET,TSH,79900069,https://powerfailure.tshwane.gov.za/Tshwanesms/Map.aspx,"-25.8567,28.1557|ELDORAIGNE X06#0",2026-10-10 12:24:06.234248+00:00,2026-10-10 12:24:06.234248+00:00,0.0
-25.8578073,28.1561816,ELDORAIGNE X06,FITZGERALD STREET,TSH,79900069,https://powerfailure.tshwane.gov.za/Tshwanesms/Map.aspx,"-25.8578,28.1562|ELDORAIGNE X06#0",2026-10-10 12:24:06.234248+00:00,2026-10-10 12:24:06.234248+00:00,0.0
-25.8621213,28.1541039,ELDORAIGNE X06,MELCHOME STREET,TSH,79900069,https://powerfailure.tshwane.gov.za/Tshwanesms/Map.aspx,"-25.8621,28.1541|ELDORAIGNE X06#0",2026-10-10 12:24:06.234248+00:00,2026-10-10 12:24:06.234248+00:00,0.0
-25.8619685,28.153642,ELDORAIGNE X06,DE BEER STREET,TSH,79900069,https://powerfailure.tshwane.gov.za/Tshwanesms/Map.aspx,"-25.8620,28.1536|ELDORAIGNE X06#0",2026-10-10 12:24:06.234248+00:00,2026-10-10 12:24:06.234248+00:00,0.0
-25.8612176,28.1560859,ELDORAIGNE X06,BRINK STREET,TSH,79900069,https://powerfailure.tshwane.gov.za/Tshwanesms/Map.aspx,"-25.8612,28.1561|ELDORAIGNE X06#0",2026-10-10 12:24:06.234248+00:00,2026-10-10 12:24:06.234248+00:00,0.0
-25.8541898,28.1550844,ELDORAIGNE X10,IRELAND AVENUE,TSH,79900069,https://powerfailure.tshwane.gov.za/Tshwanesms/Map.aspx,"-25.8542,28.1551|ELDORAIGNE X10#0",2026-10-10 12:24:06.234248+00:00,2026-10-10 12:24:06.234248+00:00,0.0
-25.8518,28.1517842,ELDORAIGNE X11,SPRINGBOK STREET,TSH,79900069,https://powerfailure.tshwane.gov.za/Tshwanesms/Map.aspx,"-25.8518,28.1518|ELDORAIGNE X11#0",2026-10-10 12:24:06.234248+00:00,2026-10-10 12:24:06.234248+00:00,0.0
-25.8556087,28.1526731,ELDORAIGNE X11,COLLEEN NOOK,TSH,79900069,https://powerfailure.tshwane.gov.za/Tshwanesms/Map.aspx,"-25.8556,28.1527|ELDORAIGNE X11#0",2026-10-10 12:24:06.234248+00:00,2026-10-10 12:24:06.234248+00:00,0.0
-25.8545317,28.1527649,ELDORAIGNE X11,KOEDOE STREET,TSH,79900069,https://powerfailure.tshwane.gov.za/Tshwanesms/Map.aspx,"-25.8545,28.1528|ELDORAIGNE X11#0",2026-10-10 12:24:06.234248+00:00,2026-10-10 12:24:06.234248+00:00,0.0
-25.8555808,28.1602802,ELDORAIGNE X03,QUIET CLOSE,TSH,79900069,https://powerfailure.tshwane.gov.za/Tshwanesms/Map.aspx,"-25.8556,28.1603|ELDORAIGNE X03#0",2026-10-10 12:24:06.234248+00:00,2026-10-10 12:24:06.234248+00:00,0.0
-25.8618713,28.1613785,ELDORAIGNE X03,WILLEM ROAD,TSH,79900069,https://powerfailure.tshwane.gov.za/Tshwanesms/Map.aspx,"-25.8619,28.1614|ELDORAIGNE X03#0",2026-10-10 12:24:06.234248+00:00,2026-10-10 12:24:06.234248+00:00,0.0
-25.8535043,28.159408,ELDORAIGNE X03,SOETDORING BEND,TSH,79900069,https://powerfailure.tshwane.gov.za/Tshwanesms/Map.aspx,"-25.8535,28.1594|ELDORAIGNE X03#0",2026-10-10 12:24:06.234248+00:00,2026-10-10 12:24:06.234248+00:00,0.0
-25.8637091,28.162045,ELDORAIGNE X16,KAREEKRAAL AVENUE,TSH,79900069,https://powerfailure.tshwane.gov.za/Tshwanesms/Map.aspx,"-25.8637,28.1620|ELDORAIGNE X16#0",2026-10-10 12:24:06.234248+00:00,2026-10-10 12:24:06.234248+00:00,0.0
-25.8380334,28.1458008,ELDORAIGNE X26,HILTON AVENUE,TSH,79900070,https://powerfailure.tshwane.gov.za/Tshwanesms/Map.aspx,"-25.8380,28.1458|ELDORAIGNE X26#0",2026-10-10 12:24:06.234248+00:00,2026-10-10 12:24:06.234248+00:00,0.0
-25.8587186,28.151947,ELDORAIGNE X27,PIET HUGO STREET,TSH,79900069,https://powerfailure.tshwane.gov.za/Tshwanesms/Map.aspx,"-25.8587,28.1519|ELDORAIGNE X27#0",2026-10-10 12:24:06.234248+00:00,2026-10-10 12:24:06.234248+00:00,0.0
-25.8567325,28.1543865,ELDORAIGNE X27,JUSTIN CRESCENT,TSH,79900069,https://powerfailure.tshwane.gov.za/Tshwanesms/Map.aspx,"-25.8567,28.1544|ELDORAIGNE X27#0",2026-10-10 12:24:06.234248+00:00,2026-10-10 12:24:06.234248+00:00,0.0
-25.8432908,28.1453802,ELDORAIGNE,GAVIN CLOSE.,TSH,79900070,https://powerfailure.tshwane.gov.za/Tshwanesms/Map.aspx,"-25.8433,28.1454|ELDORAIGNE#0",2026-10-10 12:24:06.234248+00:00,2026-10-10 12:24:06.234248+00:00,0.0
-25.8415158,28.1444938,ELDORAIGNE X33,LINDIE CLOSE,TSH,79900070,https://powerfailure.tshwane.gov.za/Tshwanesms/Map.aspx,"-25.8415,28.1445|ELDORAIGNE X33#0",2026-10-10 12:24:06.234248+00:00,2026-10-10 12:24:06.234248+00:00,0.0
-25.8395963,28.1415321,ELDORAIGNE X35,FERGIE PLACE,TSH,79900070,https://powerfailure.tshwane.gov.za/Tshwanesms/Map.aspx,"-25.8396,28.1415|ELDORAIGNE X35#0",2026-10-10 12:24:06.234248+00:00,2026-10-10 12:24:06.234248+00:00,0.0
-25.8373177,28.1265657,ELDORAIGNE X31,TSESSEBE AVENUE,TSH,79900070,https://powerfailure.tshwane.gov.za/Tshwanesms/Map.aspx,"-25.8373,28.1266|ELDORAIGNE X31#0",2026-10-10 12:24:06.234248+00:00,2026-10-10 12:24:06.234248+00:00,0.0
-25.837895,28.1274062,ELDORAIGNE X31,ZEBRA CRESCENT,TSH,79900070,https://powerfailure.tshwane.gov.za/Tshwanesms/Map.aspx,"-25.8379,28.1274|ELDORAIGNE X31#0",2026-10-10 12:24:06.234248+00:00,2026-10-10 12:24:06.234248+00:00,0.0
-25.8386352,28.1304723,ELDORAIGNE X31,LYNX CRESCENT,TSH,79900070,https://powerfailure.tshwane.gov.za/Tshwanesms/Map.aspx,"-25.8386,28.1305|ELDORAIGNE X31#0",2026-10-10 12:24:06.234248+00:00,2026-10-10 12:24:06.234248+00:00,0.0
-25.8382497,28.1253391,ELDORAIGNE X31,TSESSEBE AVENUE,TSH,79900070,https://powerfailure.tshwane.gov.za/Tshwanesms/Map.aspx,"-25.8382,28.1253|ELDORAIGNE X31#0",2026-10-10 12:24:06.234248+00:00,2026-10-10 12:24:06.234248+00:00,0.0
-25.8359109,28.1328847,ELDORAIGNE X40,TALA STREET,TSH,79900070,https://powerfailure.tshwane.gov.za/Tshwanesms/Map.aspx,"-25.8359,28.1329|ELDORAIGNE X40#0",2026-10-10 12:24:06.234248+00:00,2026-10-10 12:24:06.234248+00:00,0.0
-25.8344785,28.1380542,ELDORAIGNE X42,FINSKA STREET,TSH,79900070,https://powerfailure.tshwane.gov.za/Tshwanesms/Map.aspx,"-25.8345,28.1381|ELDORAIGNE X42#0",2026-10-10 12:24:06.234248+00:00,2026-10-10 12:24:06.234248+00:00,0.0
-25.8656961,28.1555504,ELDORAIGNE X47,GRANT CLOSE,TSH,79900069,https://powerfailure.tshwane.gov.za/Tshwanesms/Map.aspx,"-25.8657,28.1556|ELDORAIGNE X47#0",2026-10-10 12:24:06.234248+00:00,2026-10-10 12:24:06.234248+00:00,0.0
-25.8356676,28.1404057,ELDORAIGNE X53,LANG VERWAGT STREET,TSH,79900070,https://powerfailure.tshwane.gov.za/Tshwanesms/Map.aspx,"-25.8357,28.1404|ELDORAIGNE X53#0",2026-10-10 12:24:06.234248+00:00,2026-10-10 12:24:06.234248+00:00,0.0
-25.6421692,27.9876622,MIDDELWATER 593-JQ,PL DW-064-59E-2N (PORTION R),TSH,79900031,https://powerfailure.tshwane.gov.za/Tshwanesms/Map.aspx,"-25.6422,27.9877|MIDDELWATER 593-JQ#0",2026-10-06 10:08:41.992184+00:00,2026-10-10 12:24:06.234248+00:00,98.26
-25.4428306,28.1206003,SOSHANGUVE-V,FUNEKILE STREET,TSH,79900025,https://powerfailure.tshwane.gov.za/Tshwanesms/Map.aspx,"-25.4428,28.1206|SOSHANGUVE-V#0",2026-09-23 15:54:26.696532+00:00,2026-10-10 12:24:06.234248+00:00,404.49
-25.7009793,28.3986176,MAMELODI X05,MMUTLANA STREET,TSH,79900016,https://powerfailure.tshwane.gov.za/Tshwanesms/Map.aspx,"-25.7010,28.3986|MAMELODI X05#0",2026-09-23 15:54:26.696532+00:00,2026-10-10 12:24:06.234248+00:00,404.49
-25.7387547,28.3008728,MEYERSPARK,WILLIAM STREET,TSH,79900041,https://powerfailure.tshwane.gov.za/Tshwanesms/Map.aspx,"-25.7388,28.3009|MEYERSPARK#0",2026-10-05 15:56:27.539408+00:00,2026-10-10 12:24:06.234248+00:00,116.46
-25.7432986,28.302631,MEYERSPARK,LILIAN STREET,TSH,79900041,https://powerfailure.tshwane.gov.za/Tshwanesms/Map.aspx,"-25.7433,28.3026|MEYERSPARK#0",2026-10-07 23:02:05.111773+00:00,2026-10-10 12:24:06.234248+00:00,61.37
-25.7426165,28.3053322,MEYERSPARK,RABIE STREET,TSH,79900041,https://powerfailure.tshwane.gov.za/Tshwanesms/Map.aspx,"-25.7426,28.3053|MEYERSPARK#0",2026-10-08 17:51:27.458247+00:00,2026-10-10 12:24:06.234248+00:00,42.54
-25.7418122,28.3061324,MEYERSPARK,WATERMEYER STREET,TSH,79900041,https://powerfailure.tshwane.gov.za/Tshwanesms/Map.aspx,"-25.7418,28.3061|MEYERSPARK#0",2026-10-08 17:51:27.458247+00:00,2026-10-10 12:24:06.234248+00:00,42.54
-25.7392175,28.3170223,MEYERSPARK,MANSER STREET,TSH,79900041,https://powerfailure.tshwane.gov.za/Tshwanesms/Map.aspx,"-25.7392,28.3170|MEYERSPARK#0",2026-10-08 17:51:27.458247+00:00,2026-10-10 12:24:06.234248+00:00,42.54
-25.7387935,28.3192262,MEYERSPARK,MOLLER STREET,TSH,79900041,https://powerfailure.tshwane.gov.za/Tshwanesms/Map.aspx,"-25.7388,28.3192|MEYERSPARK#0",2026-10-08 17:51:27.458247+00:00,2026-10-10 12:24:06.234248+00:00,42.54
-25.7397666,28.3195916,MEYERSPARK,MANSER STREET,TSH,79900041,https://powerfailure.tshwane.gov.za/Tshwanesms/Map.aspx,"-25.7398,28.3196|MEYERSPARK#0",2026-10-08 17:51:27.458247+00:00,2026-10-10 12:24:06.234248+00:00,42.54
-25.7414645,28.3191807,MEYERSPARK,ODENDAAL STREET,TSH,79900041,https://powerfailure.tshwane.gov.za/Tshwanesms/Map.aspx,"-25.7415,28.3192|MEYERSPARK#0",2026-10-09 13:08:42.013082+00:00,2026-10-10 12:24:06.234248+00:00,23.26
-25.7409748,28.3166785,MEYERSPARK,ERASMUS STREET,TSH,79900041,https://powerfailure.tshwane.gov.za/Tshwanesms/Map.aspx,"-25.7410,28.3167|MEYERSPARK#0",2026-10-08 17:51:27.458247+00:00,2026-10-10 12:24:06.234248+00:00,42.54
-25.7420585,28.3149027,MEYERSPARK,ODENDAAL STREET,TSH,79900041,https://powerfailure.tshwane.gov.za/Tshwanesms/Map.aspx,"-25.7421,28.3149|MEYERSPARK#0",2026-10-08 17:51:27.458247+00:00,2026-10-10 12:24:06.234248+00:00,42.54
-25.7426345,28.3192525,MEYERSPARK,CARINUS STREET,TSH,79900041,https://powerfailure.tshwane.gov.za/Tshwanesms/Map.aspx,"-25.7426,28.3193|MEYERSPARK#0",2026-10-08 17:51:27.458247+00:00,2026-10-10 12:24:06.234248+00:00,42.54
-25.7410445,28.3200034,MEYERSPARK X01,ANALEES STREET,TSH,79900041,https://powerfailure.tshwane.gov.za/Tshwanesms/Map.aspx,"-25.7410,28.3200|MEYERSPARK X01#0",2026-10-08 17:51:27.458247+00:00,2026-10-10 12:24:06.234248+00:00,42.54
-25.7422721,28.3210877,MEYERSPARK X02,ODENDAAL STREET,TSH,79900041,https://powerfailure.tshwane.gov.za/Tshwanesms/Map.aspx,"-25.7423,28.3211|MEYERSPARK X02#0",2026-10-07 10:10:01.835441+00:00,2026-10-10 12:24:06.234248+00:00,74.23
-25.7428382,28.3216533,MEYERSPARK X02,CARINUS STREET,TSH,79900041,https://powerfailure.tshwane.gov.za/Tshwanesms/Map.aspx,"-25.7428,28.3217|MEYERSPARK X02#0",2026-10-08 10:27:19.292786+00:00,2026-10-10 12:24:06.234248+00:00,49.95
-25.7434057,28.3214193,MEYERSPARK X02,CARINUS STREET,TSH,79900041,https://powerfailure.tshwane.gov.za/Tshwanesms/Map.aspx,"-25.7434,28.3214|MEYERSPARK X02#0",2026-10-05 15:56:27.539408+00:00,2026-10-10 12:24:06.234248+00:00,116.46
-25.7413205,28.3220831,MEYERSPARK X03,ERASMUS STREET,TSH,79900041,https://powerfailure.tshwane.gov.za/Tshwanesms/Map.aspx,"-25.7413,28.3221|MEYERSPARK X03#0",2026-10-08 17:51:27.458247+00:00,2026-10-10 12:24:06.234248+00:00,42.54
-25.7450331,28.3025584,MEYERSPARK X07,NINA STREET,TSH,79900041,https://powerfailure.tshwane.gov.za/Tshwanesms/Map.aspx,"-25.7450,28.3026|MEYERSPARK X07#0",2026-10-08 17:51:27.458247+00:00,2026-10-10 12:24:06.234248+00:00,42.54
-25.7426445,28.3274038,MEYERSPARK X08,DESIMAAL STREET,TSH,79900041,https://powerfailure.tshwane.gov.za/Tshwanesms/Map.aspx,"-25.7426,28.3274|MEYERSPARK X08#0",2026-10-07 10:10:01.835441+00:00,2026-10-10 12:24:06.234248+00:00,74.23
-25.7398482,28.3227295,MEYERSPARK X08,KRITZINGER STREET,TSH,79900041,https://powerfailure.tshwane.gov.za/Tshwanesms/Map.aspx,"-25.7398,28.3227|MEYERSPARK X08#0",2026-10-05 06:56:42.468331+00:00,2026-10-10 12:24:06.234248+00:00,125.46
-25.7376612,28.3249465,MEYERSPARK X08,HIPERBOOL STREET,TSH,79900041,https://powerfailure.tshwane.gov.za/Tshwanesms/Map.aspx,"-25.7377,28.3249|MEYERSPARK X08#0",2026-10-05 15:56:27.539408+00:00,2026-10-10 12:24:06.234248+00:00,116.46
-25.7398795,28.3244012,MEYERSPARK X08,SIMMETRIE STREET,TSH,79900041,https://powerfailure.tshwane.gov.za/Tshwanesms/Map.aspx,"-25.7399,28.3244|MEYERSPARK X08#0",2026-10-07 10:10:01.835441+00:00,2026-10-10 12:24:06.234248+00:00,74.23
-25.7363054,28.3173403,MEYERSPARK X08,KRITZINGER STREET,TSH,79900041,https://powerfailure.tshwane.gov.za/Tshwanesms/Map.aspx,"-25.7363,28.3173|MEYERSPARK X08#0",2026-10-08 17:51:27.458247+00:00,2026-10-10 12:24:06.234248+00:00,42.54
-25.6591942,28.246093,MONTANA X92,KLIPPAN ROAD,TSH,79900096,https://powerfailure.tshwane.gov.za/Tshwanesms/Map.aspx,"-25.6592,28.2461|MONTANA X92#0",2026-09-25 10:58:56.127220+00:00,2026-10-10 12:24:06.234248+00:00,361.42
-25.738058,28.3592288,NELLMAPIUS X04,GONTSE STREET,TSH,79900086,https://powerfailure.tshwane.gov.za/Tshwanesms/Map.aspx,"-25.7381,28.3592|NELLMAPIUS X04#0",2026-09-23 15:54:26.696532+00:00,2026-10-10 12:24:06.234248+00:00,404.49
-25.7424286,28.3638742,NELLMAPIUS X04,KA-NOSI STREET,TSH,79900086,https://powerfailure.tshwane.gov.za/Tshwanesms/Map.aspx,"-25.7424,28.3639|NELLMAPIUS X04#0",2026-10-05 15:56:27.539408+00:00,2026-10-10 12:24:06.234248+00:00,116.46
-25.7416158,28.3603815,NELLMAPIUS X04,SAAMROEP STREET,TSH,79900086,https://powerfailure.tshwane.gov.za/Tshwanesms/Map.aspx,"-25.7416,28.3604|NELLMAPIUS X04#0",2026-09-23 15:54:26.696532+00:00,2026-10-10 12:24:06.234248+00:00,404.49
-25.7408079,28.3617018,NELLMAPIUS X04,RAPELANG STREET,TSH,79900086,https://powerfailure.tshwane.gov.za/Tshwanesms/Map.aspx,"-25.7408,28.3617|NELLMAPIUS X04#0",2026-10-02 22:56:53.748764+00:00,2026-10-10 12:24:06.234248+00:00,181.45
-25.745468,28.3627447,NELLMAPIUS X04,HLAGISA STREET,TSH,79900086,https://powerfailure.tshwane.gov.za/Tshwanesms/Map.aspx,"-25.7455,28.3627|NELLMAPIUS X04#0",2026-09-24 11:52:55.215094+00:00,2026-10-10 12:24:06.234248+00:00,384.52
-25.743586,28.3597342,NELLMAPIUS X04,THUSA STREET,TSH,79900086,https://powerfailure.tshwane.gov.za/Tshwanesms/Map.aspx,"-25.7436,28.3597|NELLMAPIUS X04#0",2026-10-05 15:56:27.539408+00:00,2026-10-10 12:24:06.234248+00:00,116.46
-25.7434884,28.3505129,NELLMAPIUS X04,MMAPULA STREET,TSH,79900086,https://powerfailure.tshwane.gov.za/Tshwanesms/Map.aspx,"-25.7435,28.3505|NELLMAPIUS X04#0",2026-09-26 14:25:10.204350+00:00,2026-10-10 12:24:06.234248+00:00,333.98
-25.7430118,28.3517828,NELLMAPIUS X04,LEBISA STREET,TSH,79900086,https://powerfailure.tshwane.gov.za/Tshwanesms/Map.aspx,"-25.7430,28.3518|NELLMAPIUS X04#0",2026-09-23 15:54:26.696532+00:00,2026-10-10 12:24:06.234248+00:00,404.49
-25.7416901,28.3504242,NELLMAPIUS X04,LESEKO STREET,TSH,79900086,https://powerfailure.tshwane.gov.za/Tshwanesms/Map.aspx,"-25.7417,28.3504|NELLMAPIUS X04#0",2026-09-23 15:54:26.696532+00:00,2026-10-10 12:24:06.234248+00:00,404.49
-25.7297372,28.3729081,NELLMAPIUS X06,IGOLIDE STREET,TSH,79900015,https://powerfailure.tshwane.gov.za/Tshwanesms/Map.aspx,"-25.7297,28.3729|NELLMAPIUS X06#0",2026-09-23 15:54:26.696532+00:00,2026-10-10 12:24:06.234248+00:00,404.49
-25.7570925,28.1362301,PROCLAMATION HILL,SILICON STREET,TSH,79900003,https://powerfailure.tshwane.gov.za/Tshwanesms/Map.aspx,"-25.7571,28.1362|PROCLAMATION HILL#0",2026-10-10 12:24:06.234248+00:00,2026-10-10 12:24:06.234248+00:00,0.0
-25.8591243,28.1254091,RASLOUW AH,ERASMUS AVENUE,TSH,79900070,https://powerfailure.tshwane.gov.za/Tshwanesms/Map.aspx,"-25.8591,28.1254|RASLOUW AH#0",2026-10-10 12:24:06.234248+00:00,2026-10-10 12:24:06.234248+00:00,0.0
-25.6880237,28.2168673,WONDERBOOM X04,KNYSNA AVENUE,TSH,79900050,https://powerfailure.tshwane.gov.za/Tshwanesms/Map.aspx,"-25.6880,28.2169|WONDERBOOM X04#0",2026-10-06 17:09:53.951304+00:00,2026-10-10 12:24:06.234248+00:00,91.24
-25.6334848,28.317139,RYNOUE AH,PL DW-096-07W,TSH,79900087,https://powerfailure.tshwane.gov.za/Tshwanesms/Map.aspx,"-25.6335,28.3171|RYNOUE AH#0",2026-10-04 06:47:51.169722+00:00,2026-10-10 12:24:06.234248+00:00,149.6
-25.696248,28.2117696,WONDERBOOM SOUTH,16TH AVENUE,TSH,79900054,https://powerfailure.tshwane.gov.za/Tshwanesms/Map.aspx,"-25.6962,28.2118|WONDERBOOM SOUTH#0",2026-09-28 21:54:04.654174+00:00,2026-10-10 12:24:06.234248+00:00,278.5
-25.8865557,28.6899675,BRONKHORSTBAAI,BRONKHORSTBAAI,TSH,79900105,https://powerfailure.tshwane.gov.za/Tshwanesms/Map.aspx,"-25.8866,28.6900|BRONKHORSTBAAI#0",2026-09-28 21:54:04.654174+00:00,2026-10-10 12:24:06.234248+00:00,278.5
-25.8886136,28.6884566,BRONKHORSTBAAI,BRONKHORSTBAAI,TSH,79900105,https://powerfailure.tshwane.gov.za/Tshwanesms/Map.aspx,"-25.8886,28.6885|BRONKHORSTBAAI#0",2026-10-02 18:22:22.786014+00:00,2026-10-10 12:24:06.234248+00:00,186.03
-25.7200786,28.7115682,RETHABISENG X01,RETHABISENG,TSH,79900103,https://powerfailure.tshwane.gov.za/Tshwanesms/Map.aspx,"-25.7201,28.7116|RETHABISENG X01#0",2026-09-23 15:54:26.696532+00:00,2026-10-10 12:24:06.234248+00:00,404.49
-25.7230248,28.7154825,RETHABISENG X04,RETHABISENG,TSH,79900103,https://powerfailure.tshwane.gov.za/Tshwanesms/Map.aspx,"-25.7230,28.7155|RETHABISENG X04#0",2026-09-24 11:52:55.215094+00:00,2026-10-10 12:24:06.234248+00:00,384.52
-25.4495317,28.0860403,SOSHANGUVE-HH,STAND 886,TSH,79900011,https://powerfailure.tshwane.gov.za/Tshwanesms/Map.aspx,"-25.4495,28.0860|SOSHANGUVE-HH#0",2026-10-10 12:24:06.234248+00:00,2026-10-10 12:24:06.234248+00:00,0.0
-25.4505262,28.0922813,SOSHANGUVE-HH,STAND 1566,TSH,79900011,https://powerfailure.tshwane.gov.za/Tshwanesms/Map.aspx,"-25.4505,28.0923|SOSHANGUVE-HH#0",2026-09-23 15:54:26.696532+00:00,2026-10-10 12:24:06.234248+00:00,404.49
-25.4581757,28.0845111,SOSHANGUVE-JJ,STAND 884,TSH,79900011,https://powerfailure.tshwane.gov.za/Tshwanesms/Map.aspx,"-25.4582,28.0845|SOSHANGUVE-JJ#0",2026-09-28 15:21:37.292442+00:00,2026-10-10 12:24:06.234248+00:00,285.04
-25.7092114,28.3177218,EERSTERUST X05,PAUL PIETERSEN AVENUE,TSH,79900043,https://powerfailure.tshwane.gov.za/Tshwanesms/Map.aspx,"-25.7092,28.3177|EERSTERUST X05#0",2026-10-09 19:30:15.533813+00:00,2026-10-10 12:24:06.234248+00:00,16.9
-25.7079246,28.3109519,EERSTERUST X05,HARDING AVENUE,TSH,79900043,https://powerfailure.tshwane.gov.za/Tshwanesms/Map.aspx,"-25.7079,28.3110|EERSTERUST X05#0",2026-10-09 19:30:15.533813+00:00,2026-10-10 12:24:06.234248+00:00,16.9
-25.7163408,28.3129668,EERSTERUST X02,ZELIK GLYNE AVENUE,TSH,79900043,https://powerfailure.tshwane.gov.za/Tshwanesms/Map.aspx,"-25.7163,28.3130|EERSTERUST X02#0",2026-10-09 19:30:15.533813+00:00,2026-10-10 12:24:06.234248+00:00,16.9
-25.7012453,28.3045736,EERSTERUST X06,RANGERS AVENUE,TSH,79900043,https://powerfailure.tshwane.gov.za/Tshwanesms/Map.aspx,"-25.7012,28.3046|EERSTERUST X06#0",2026-09-28 06:45:25.816546+00:00,2026-10-10 12:24:06.234248+00:00,293.64
-25.4872481,28.1253883,SOSHANGUVE-P,STAND 2344,TSH,79900088,https://powerfailure.tshwane.gov.za/Tshwanesms/Map.aspx,"-25.4872,28.1254|SOSHANGUVE-P#0",2026-09-23 15:54:26.696532+00:00,2026-10-10 12:24:06.234248+00:00,404.49
-25.4414978,28.1088487,SOSHANGUVE-T,STAND,TSH,79900025,https://powerfailure.tshwane.gov.za/Tshwanesms/Map.aspx,"-25.4415,28.1088|SOSHANGUVE-T#0",2026-09-30 23:43:30.173884+00:00,2026-10-10 12:24:06.234248+00:00,228.68
-25.8479694,28.1707945,HENNOPSPARK X39,CRINUM NOOK,TSH,79900066,https://powerfailure.tshwane.gov.za/Tshwanesms/Map.aspx,"-25.8480,28.1708|HENNOPSPARK X39#0",2026-10-10 12:24:06.234248+00:00,2026-10-10 12:24:06.234248+00:00,0.0
-25.8469619,28.1683335,HENNOPSPARK X39,WISTERIA CRESCENT,TSH,79900066,https://powerfailure.tshwane.gov.za/Tshwanesms/Map.aspx,"-25.8470,28.1683|HENNOPSPARK X39#0",2026-10-10 12:24:06.234248+00:00,2026-10-10 12:24:06.234248+00:00,0.0
-25.8763299,28.2158011,IRENE,PIONEER ROAD,TSH,79900065,https://powerfailure.tshwane.gov.za/Tshwanesms/Map.aspx,"-25.8763,28.2158|IRENE#0",2026-09-23 15:54:26.696532+00:00,2026-10-10 12:24:06.234248+00:00,404.49
-25.771415,28.274874,LYNNWOOD GLEN,ALCADE ROAD,TSH,79900046,https://powerfailure.tshwane.gov.za/Tshwanesms/Map.aspx,"-25.7714,28.2749|LYNNWOOD GLEN#0",2026-10-05 06:56:42.468331+00:00,2026-10-10 12:24:06.234248+00:00,125.46
-25.7786628,28.290174,LYNNWOOD PARK,LAUREN STREET,TSH,79900046,https://powerfailure.tshwane.gov.za/Tshwanesms/Map.aspx,"-25.7787,28.2902|LYNNWOOD PARK#0",2026-09-23 15:54:26.696532+00:00,2026-10-10 12:24:06.234248+00:00,404.49
-25.8471526,28.2045141,LYTTELTON MANOR X03,CLIFTON AVENUE,TSH,79900057,https://powerfailure.tshwane.gov.za/Tshwanesms/Map.aspx,"-25.8472,28.2045|LYTTELTON MANOR X03#0",2026-09-23 15:54:26.696532+00:00,2026-10-10 12:24:06.234248+00:00,404.49
-25.8489588,28.2114379,LYTTELTON MANOR X03,TURKOOIS ROAD,TSH,79900057,https://powerfailure.tshwane.gov.za/Tshwanesms/Map.aspx,"-25.8490,28.2114|LYTTELTON MANOR X03#0",2026-09-23 15:54:26.696532+00:00,2026-10-10 12:24:06.234248+00:00,404.49
-25.6218498,28.3096925,KAMEELDRIFT 298-JR,TIAN STREET,TSH,79900087,https://powerfailure.tshwane.gov.za/Tshwanesms/Map.aspx,"-25.6218,28.3097|KAMEELDRIFT 298-JR#0",2026-10-04 06:47:51.169722+00:00,2026-10-10 12:24:06.234248+00:00,149.6
-25.6218498,28.3096925,KAMEELDRIFT 298-JR,TIAN STREET,TSH,79900087,https://powerfailure.tshwane.gov.za/Tshwanesms/Map.aspx,"-25.6218,28.3097|KAMEELDRIFT 298-JR#1",2026-10-04 06:47:51.169722+00:00,2026-10-10 12:24:06.234248+00:00,149.6
-25.6779708,28.3269989,KAMEELDRIFT 298-JR,PL BP-141A,TSH,79900087,https://powerfailure.tshwane.gov.za/Tshwanesms/Map.aspx,"-25.6780,28.3270|KAMEELDRIFT 298-JR#0",2026-10-08 10:27:19.292786+00:00,2026-10-10 12:24:06.234248+00:00,49.95
-25.739258,28.5361831,RAYTON,PEREL,TSH,79900100,https://powerfailure.tshwane.gov.za/Tshwanesms/Map.aspx,"-25.7393,28.5362|RAYTON#0",2026-10-04 18:07:06.777167+00:00,2026-10-10 12:24:06.234248+00:00,138.28
-25.7395999,28.5353158,RAYTON,PEREL,TSH,79900100,https://powerfailure.tshwane.gov.za/Tshwanesms/Map.aspx,"-25.7396,28.5353|RAYTON#0",2026-10-04 18:07:06.777167+00:00,2026-10-10 12:24:06.234248+00:00,138.28
-25.7449707,28.5360277,RAYTON,STANLEY,TSH,79900100,https://powerfailure.tshwane.gov.za/Tshwanesms/Map.aspx,"-25.7450,28.5360|RAYTON#0",2026-10-04 18:07:06.777167+00:00,2026-10-10 12:24:06.234248+00:00,138.28
-25.7345836,28.5360062,RAYTON X01,GROBLER CRESCENT,TSH,79900100,https://powerfailure.tshwane.gov.za/Tshwanesms/Map.aspx,"-25.7346,28.5360|RAYTON X01#0",2026-10-04 18:07:06.777167+00:00,2026-10-10 12:24:06.234248+00:00,138.28
-25.7365009,28.5338142,RAYTON X01,NOORD,TSH,79900100,https://powerfailure.tshwane.gov.za/Tshwanesms/Map.aspx,"-25.7365,28.5338|RAYTON X01#0",2026-10-04 18:07:06.777167+00:00,2026-10-10 12:24:06.234248+00:00,138.28
-25.7310596,28.5356846,RAYTON X02,PROZESKY AVENUE,TSH,79900100,https://powerfailure.tshwane.gov.za/Tshwanesms/Map.aspx,"-25.7311,28.5357|RAYTON X02#0",2026-10-04 18:07:06.777167+00:00,2026-10-10 12:24:06.234248+00:00,138.28
-25.7319933,28.537535,RAYTON X04,HENDRIK SCHOEMAN,TSH,79900100,https://powerfailure.tshwane.gov.za/Tshwanesms/Map.aspx,"-25.7320,28.5375|RAYTON X04#0",2026-10-04 18:07:06.777167+00:00,2026-10-10 12:24:06.234248+00:00,138.28
-25.7445888,28.5390843,RAYTON X13,BOSVELD CRESCENT,TSH,79900100,https://powerfailure.tshwane.gov.za/Tshwanesms/Map.aspx,"-25.7446,28.5391|RAYTON X13#0",2026-10-04 18:07:06.777167+00:00,2026-10-10 12:24:06.234248+00:00,138.28
-25.4431354,28.0800071,SOSHANGUVE-PP X01,STAND,TSH,79900025,https://powerfailure.tshwane.gov.za/Tshwanesms/Map.aspx,"-25.4431,28.0800|SOSHANGUVE-PP X01#0",2026-10-10 12:24:06.234248+00:00,2026-10-10 12:24:06.234248+00:00,0.0
-25.8541777,28.1429728,WIERDAPARK,WILLEM BOTHA STREET,TSH,79900070,https://powerfailure.tshwane.gov.za/Tshwanesms/Map.aspx,"-25.8542,28.1430|WIERDAPARK#0",2026-10-10 12:24:06.234248+00:00,2026-10-10 12:24:06.234248+00:00,0.0
-25.8522611,28.1487535,WIERDAPARK,SPRINGBOK STREET,TSH,79900070,https://powerfailure.tshwane.gov.za/Tshwanesms/Map.aspx,"-25.8523,28.1488|WIERDAPARK#0",2026-10-10 12:24:06.234248+00:00,2026-10-10 12:24:06.234248+00:00,0.0
-25.8562103,28.1466378,WIERDAPARK,KOEDOE STREET,TSH,79900070,https://powerfailure.tshwane.gov.za/Tshwanesms/Map.aspx,"-25.8562,28.1466|WIERDAPARK#0",2026-10-10 12:24:06.234248+00:00,2026-10-10 12:24:06.234248+00:00,0.0
-25.8563319,28.1458386,WIERDAPARK,KOEDOE STREET,TSH,79900070,https://powerfailure.tshwane.gov.za/Tshwanesms/Map.aspx,"-25.8563,28.1458|WIERDAPARK#0",2026-10-10 12:24:06.234248+00:00,2026-10-10 12:24:06.234248+00:00,0.0
-25.8563319,28.1458386,WIERDAPARK,KOEDOE STREET,TSH,79900070,https://powerfailure.tshwane.gov.za/Tshwanesms/Map.aspx,"-25.8563,28.1458|WIERDAPARK#1",2026-10-10 12:24:06.234248+00:00,2026-10-10 12:24:06.234248+00:00,0.0
-25.8545555,28.1501207,WIERDAPARK,KOEDOE STREET,TSH,79900070,https://powerfailure.tshwane.gov.za/Tshwanesms/Map.aspx,"-25.8546,28.1501|WIERDAPARK#0",2026-10-10 12:24:06.234248+00:00,2026-10-10 12:24:06.234248+00:00,0.0
-25.8559562,28.1507753,WIERDAPARK,ELAND STREET,TSH,79900070,https://powerfailure.tshwane.gov.za/Tshwanesms/Map.aspx,"-25.8560,28.1508|WIERDAPARK#0",2026-10-10 12:24:06.234248+00:00,2026-10-10 12:24:06.234248+00:00,0.0
-25.8595727,28.1493631,WIERDAPARK,FRIEDERICHE STREET,TSH,79900070,https://powerfailure.tshwane.gov.za/Tshwanesms/Map.aspx,"-25.8596,28.1494|WIERDAPARK#0",2026-10-10 12:24:06.234248+00:00,2026-10-10 12:24:06.234248+00:00,0.0
-25.858743,28.150632,WIERDAPARK,SUSAN STREET,TSH,79900070,https://powerfailure.tshwane.gov.za/Tshwanesms/Map.aspx,"-25.8587,28.1506|WIERDAPARK#0",2026-10-10 12:24:06.234248+00:00,2026-10-10 12:24:06.234248+00:00,0.0
-25.8603721,28.1457723,WIERDAPARK,GEMSBOK STREET,TSH,79900070,https://powerfailure.tshwane.gov.za/Tshwanesms/Map.aspx,"-25.8604,28.1458|WIERDAPARK#0",2026-10-10 12:24:06.234248+00:00,2026-10-10 12:24:06.234248+00:00,0.0
-25.8604044,28.1467172,WIERDAPARK,HENDRIK STREET,TSH,79900070,https://powerfailure.tshwane.gov.za/Tshwanesms/Map.aspx,"-25.8604,28.1467|WIERDAPARK#0",2026-10-10 12:24:06.234248+00:00,2026-10-10 12:24:06.234248+00:00,0.0
-25.8615225,28.148321,WIERDAPARK,WILHELMINA STREET,TSH,79900070,https://powerfailure.tshwane.gov.za/Tshwanesms/Map.aspx,"-25.8615,28.1483|WIERDAPARK#0",2026-10-10 12:24:06.234248+00:00,2026-10-10 12:24:06.234248+00:00,0.0
-25.8624713,28.1491677,WIERDAPARK,FRIEDERICHE STREET,TSH,79900070,https://powerfailure.tshwane.gov.za/Tshwanesms/Map.aspx,"-25.8625,28.1492|WIERDAPARK#0",2026-10-10 12:24:06.234248+00:00,2026-10-10 12:24:06.234248+00:00,0.0
-25.8557481,28.1370554,WIERDAPARK,OCKERT STREET,TSH,79900070,https://powerfailure.tshwane.gov.za/Tshwanesms/Map.aspx,"-25.8557,28.1371|WIERDAPARK#0",2026-10-10 12:24:06.234248+00:00,2026-10-10 12:24:06.234248+00:00,0.0
-25.8595833,28.1411487,WIERDAPARK,KOEDOE STREET,TSH,79900070,https://powerfailure.tshwane.gov.za/Tshwanesms/Map.aspx,"-25.8596,28.1411|WIERDAPARK#0",2026-10-10 12:24:06.234248+00:00,2026-10-10 12:24:06.234248+00:00,0.0
-25.8615728,28.1450442,WIERDAPARK,CHRIS HOUGAARD STREET,TSH,79900070,https://powerfailure.tshwane.gov.za/Tshwanesms/Map.aspx,"-25.8616,28.1450|WIERDAPARK#0",2026-10-10 12:24:06.234248+00:00,2026-10-10 12:24:06.234248+00:00,0.0
-25.8631398,28.1467737,WIERDAPARK,HENRIETTE STREET,TSH,79900070,https://powerfailure.tshwane.gov.za/Tshwanesms/Map.aspx,"-25.8631,28.1468|WIERDAPARK#0",2026-10-10 12:24:06.234248+00:00,2026-10-10 12:24:06.234248+00:00,0.0
-25.8634044,28.1385311,WIERDAPARK,ELAND STREET,TSH,79900070,https://powerfailure.tshwane.gov.za/Tshwanesms/Map.aspx,"-25.8634,28.1385|WIERDAPARK#0",2026-10-10 12:24:06.234248+00:00,2026-10-10 12:24:06.234248+00:00,0.0
-25.8633379,28.1405559,WIERDAPARK,GEMSBOK STREET,TSH,79900070,https://powerfailure.tshwane.gov.za/Tshwanesms/Map.aspx,"-25.8633,28.1406|WIERDAPARK#0",2026-10-10 12:24:06.234248+00:00,2026-10-10 12:24:06.234248+00:00,0.0
-25.8663752,28.1392064,WIERDAPARK,BADENHORST STREET,TSH,79900070,https://powerfailure.tshwane.gov.za/Tshwanesms/Map.aspx,"-25.8664,28.1392|WIERDAPARK#0",2026-10-10 12:24:06.234248+00:00,2026-10-10 12:24:06.234248+00:00,0.0
-25.8635212,28.1414621,WIERDAPARK,GEMSBOK STREET,TSH,79900070,https://powerfailure.tshwane.gov.za/Tshwanesms/Map.aspx,"-25.8635,28.1415|WIERDAPARK#0",2026-10-10 12:24:06.234248+00:00,2026-10-10 12:24:06.234248+00:00,0.0
-25.8663817,28.1416109,WIERDAPARK,HENDRIK STREET,TSH,79900070,https://powerfailure.tshwane.gov.za/Tshwanesms/Map.aspx,"-25.8664,28.1416|WIERDAPARK#0",2026-10-10 12:24:06.234248+00:00,2026-10-10 12:24:06.234248+00:00,0.0
-25.8654332,28.1432519,WIERDAPARK,HENDRIK STREET,TSH,79900070,https://powerfailure.tshwane.gov.za/Tshwanesms/Map.aspx,"-25.8654,28.1433|WIERDAPARK#0",2026-10-10 12:24:06.234248+00:00,2026-10-10 12:24:06.234248+00:00,0.0
-25.8655806,28.144495,WIERDAPARK,DU TOIT STREET,TSH,79900070,https://powerfailure.tshwane.gov.za/Tshwanesms/Map.aspx,"-25.8656,28.1445|WIERDAPARK#0",2026-10-10 12:24:06.234248+00:00,2026-10-10 12:24:06.234248+00:00,0.0
-25.8480509,28.1350257,WIERDAPARK X01,PENQUIN CRESCENT,TSH,79900070,https://powerfailure.tshwane.gov.za/Tshwanesms/Map.aspx,"-25.8481,28.1350|WIERDAPARK X01#0",2026-10-10 12:24:06.234248+00:00,2026-10-10 12:24:06.234248+00:00,0.0
-25.850714,28.1400362,WIERDAPARK X01,GANNET CRESCENT,TSH,79900070,https://powerfailure.tshwane.gov.za/Tshwanesms/Map.aspx,"-25.8507,28.1400|WIERDAPARK X01#0",2026-10-10 12:24:06.234248+00:00,2026-10-10 12:24:06.234248+00:00,0.0
-25.8496719,28.1381975,WIERDAPARK X01,GANNET CRESCENT,TSH,79900070,https://powerfailure.tshwane.gov.za/Tshwanesms/Map.aspx,"-25.8497,28.1382|WIERDAPARK X01#0",2026-10-10 12:24:06.234248+00:00,2026-10-10 12:24:06.234248+00:00,0.0
-25.843905,28.138531,WIERDAPARK X01,PENQUIN CRESCENT,TSH,79900070,https://powerfailure.tshwane.gov.za/Tshwanesms/Map.aspx,"-25.8439,28.1385|WIERDAPARK X01#0",2026-10-10 12:24:06.234248+00:00,2026-10-10 12:24:06.234248+00:00,0.0
-25.8459403,28.1381449,WIERDAPARK X01,CORMORANT CRESCENT,TSH,79900070,https://powerfailure.tshwane.gov.za/Tshwanesms/Map.aspx,"-25.8459,28.1381|WIERDAPARK X01#0",2026-10-10 12:24:06.234248+00:00,2026-10-10 12:24:06.234248+00:00,0.0
-25.8455426,28.1394013,WIERDAPARK X01,GANNET CRESCENT,TSH,79900070,https://powerfailure.tshwane.gov.za/Tshwanesms/Map.aspx,"-25.8455,28.1394|WIERDAPARK X01#0",2026-10-10 12:24:06.234248+00:00,2026-10-10 12:24:06.234248+00:00,0.0
-25.8682348,28.1331408,SWARTKOP 383-JR,ALETTA AVENUE,TSH,79900070,https://powerfailure.tshwane.gov.za/Tshwanesms/Map.aspx,"-25.8682,28.1331|SWARTKOP 383-JR#0",2026-10-10 12:24:06.234248+00:00,2026-10-10 12:24:06.234248+00:00,0.0
-25.5365892,28.1790228,ROOIWAL 270-JR,PL HK-092-11-05-04,TSH,79900096,https://powerfailure.tshwane.gov.za/Tshwanesms/Map.aspx,"-25.5366,28.1790|ROOIWAL 270-JR#0",2026-10-07 10:10:01.835441+00:00,2026-10-10 12:24:06.234248+00:00,74.23
-25.6711473,28.5302196,CULLINAN,STEENBOK STREET,TSH,79900100,https://powerfailure.tshwane.gov.za/Tshwanesms/Map.aspx,"-25.6711,28.5302|CULLINAN#0",2026-10-04 06:47:51.169722+00:00,2026-10-10 12:24:06.234248+00:00,149.6
-25.6687237,28.5312676,CULLINAN,3RD STREET,TSH,79900100,https://powerfailure.tshwane.gov.za/Tshwanesms/Map.aspx,"-25.6687,28.5313|CULLINAN#0",2026-10-04 13:09:40.651455+00:00,2026-10-10 12:24:06.234248+00:00,143.24
-25.6709218,28.5197,CULLINAN,LIBRARY AVENUE,TSH,79900100,https://powerfailure.tshwane.gov.za/Tshwanesms/Map.aspx,"-25.6709,28.5197|CULLINAN#0",2026-10-04 06:47:51.169722+00:00,2026-10-10 12:24:06.234248+00:00,149.6
-25.7993318,28.7495128,ROODEPOORT 504-JR,LANHAM,TSH,79900105,https://powerfailure.tshwane.gov.za/Tshwanesms/Map.aspx,"-25.7993,28.7495|ROODEPOORT 504-JR#0",2026-09-29 08:23:13.536342+00:00,2026-10-10 12:24:06.234248+00:00,268.01
-25.8105613,28.7295376,BRONKHORSTSPRUIT X01,BOTHA STREET,TSH,79900105,https://powerfailure.tshwane.gov.za/Tshwanesms/Map.aspx,"-25.8106,28.7295|BRONKHORSTSPRUIT X01#0",2026-09-29 20:42:53.961596+00:00,2026-10-10 12:24:06.234248+00:00,255.69
-25.809792,28.7284939,BRONKHORSTSPRUIT x   1,GENERAAL LOUIS BOTHA STREET,TSH,79900105,https://powerfailure.tshwane.gov.za/Tshwanesms/Map.aspx,"-25.8098,28.7285|BRONKHORSTSPRUIT X 1#0",2026-09-23 15:54:26.696532+00:00,2026-10-10 12:24:06.234248+00:00,404.49
-25.5703023,28.0683032,SOSHANGUVE SOUTH X02,STAND 9001,TSH,79900089,https://powerfailure.tshwane.gov.za/Tshwanesms/Map.aspx,"-25.5703,28.0683|SOSHANGUVE SOUTH X02#0",2026-10-05 15:56:27.539408+00:00,2026-10-10 12:24:06.234248+00:00,116.46
-25.7765427,28.2117491,GROENKLOOF,HERBERT BAKER STREET,TSH,79900059,https://powerfailure.tshwane.gov.za/Tshwanesms/Map.aspx,"-25.7765,28.2117|GROENKLOOF#0",2026-09-23 15:54:26.696532+00:00,2026-10-10 12:24:06.234248+00:00,404.49
-25.77486,28.2117679,GROENKLOOF,VAN WOUW STREET,TSH,79900059,https://powerfailure.tshwane.gov.za/Tshwanesms/Map.aspx,"-25.7749,28.2118|GROENKLOOF#0",2026-09-23 15:54:26.696532+00:00,2026-10-10 12:24:06.234248+00:00,404.49
-25.7764728,28.2134029,GROENKLOOF,HERBERT BAKER STREET,TSH,79900059,https://powerfailure.tshwane.gov.za/Tshwanesms/Map.aspx,"-25.7765,28.2134|GROENKLOOF#0",2026-09-23 15:54:26.696532+00:00,2026-10-10 12:24:06.234248+00:00,404.49
-25.7767862,28.2151137,GROENKLOOF,VAN WOUW STREET,TSH,79900059,https://powerfailure.tshwane.gov.za/Tshwanesms/Map.aspx,"-25.7768,28.2151|GROENKLOOF#0",2026-09-23 15:54:26.696532+00:00,2026-10-10 12:24:06.234248+00:00,404.49
-25.7725876,28.210687,GROENKLOOF,VAN WOUW STREET,TSH,79900059,https://powerfailure.tshwane.gov.za/Tshwanesms/Map.aspx,"-25.7726,28.2107|GROENKLOOF#0",2026-09-23 15:54:26.696532+00:00,2026-10-10 12:24:06.234248+00:00,404.49
-25.7735962,28.2121135,GROENKLOOF,WENNING STREET,TSH,79900059,https://powerfailure.tshwane.gov.za/Tshwanesms/Map.aspx,"-25.7736,28.2121|GROENKLOOF#0",2026-09-23 15:54:26.696532+00:00,2026-10-10 12:24:06.234248+00:00,404.49
-25.7715823,28.2120628,GROENKLOOF,GEORGE STORRAR DRIVE,TSH,79900059,https://powerfailure.tshwane.gov.za/Tshwanesms/Map.aspx,"-25.7716,28.2121|GROENKLOOF#0",2026-09-23 15:54:26.696532+00:00,2026-10-10 12:24:06.234248+00:00,404.49
-25.7743324,28.2139433,GROENKLOOF,WENNING STREET,TSH,79900059,https://powerfailure.tshwane.gov.za/Tshwanesms/Map.aspx,"-25.7743,28.2139|GROENKLOOF#0",2026-09-23 15:54:26.696532+00:00,2026-10-10 12:24:06.234248+00:00,404.49
-25.6641802,28.2720283,HARTEBEESTFONTEIN 324-JR,HORNBILL CRESCENT,TSH,79900096,https://powerfailure.tshwane.gov.za/Tshwanesms/Map.aspx,"-25.6642,28.2720|HARTEBEESTFONTEIN 324-JR#0",2026-10-09 19:30:15.533813+00:00,2026-10-10 12:24:06.234248+00:00,16.9
-25.8513504,28.1753468,HENNOPSPARK,MAROELA ROAD,TSH,79900066,https://powerfailure.tshwane.gov.za/Tshwanesms/Map.aspx,"-25.8514,28.1753|HENNOPSPARK#0",2026-10-10 12:24:06.234248+00:00,2026-10-10 12:24:06.234248+00:00,0.0
-25.8484214,28.1749265,HENNOPSPARK,WITSTINKHOUT ROAD,TSH,79900066,https://powerfailure.tshwane.gov.za/Tshwanesms/Map.aspx,"-25.8484,28.1749|HENNOPSPARK#0",2026-10-10 12:24:06.234248+00:00,2026-10-10 12:24:06.234248+00:00,0.0
-25.8456719,28.1676612,HENNOPSPARK X01,WILGE ROAD,TSH,79900066,https://powerfailure.tshwane.gov.za/Tshwanesms/Map.aspx,"-25.8457,28.1677|HENNOPSPARK X01#0",2026-10-10 12:24:06.234248+00:00,2026-10-10 12:24:06.234248+00:00,0.0
-25.8462371,28.1691134,HENNOPSPARK X01,VALLEY ROAD,TSH,79900066,https://powerfailure.tshwane.gov.za/Tshwanesms/Map.aspx,"-25.8462,28.1691|HENNOPSPARK X01#0",2026-10-10 12:24:06.234248+00:00,2026-10-10 12:24:06.234248+00:00,0.0
-25.8536096,28.1667336,HENNOPSPARK X05,SPRUIT STREET,TSH,79900066,https://powerfailure.tshwane.gov.za/Tshwanesms/Map.aspx,"-25.8536,28.1667|HENNOPSPARK X05#0",2026-10-10 12:24:06.234248+00:00,2026-10-10 12:24:06.234248+00:00,0.0
-25.8533238,28.1678556,HENNOPSPARK X05,MORELETTA STREET,TSH,79900066,https://powerfailure.tshwane.gov.za/Tshwanesms/Map.aspx,"-25.8533,28.1679|HENNOPSPARK X05#0",2026-10-10 12:24:06.234248+00:00,2026-10-10 12:24:06.234248+00:00,0.0
-25.8552646,28.1656136,HENNOPSPARK X05,BERG STREET,TSH,79900066,https://powerfailure.tshwane.gov.za/Tshwanesms/Map.aspx,"-25.8553,28.1656|HENNOPSPARK X05#0",2026-10-10 12:24:06.234248+00:00,2026-10-10 12:24:06.234248+00:00,0.0
-25.7936541,28.1063353,LAUDIUM,SEVENTH AVENUE,TSH,79900061,https://powerfailure.tshwane.gov.za/Tshwanesms/Map.aspx,"-25.7937,28.1063|LAUDIUM#0",2026-10-09 19:30:15.533813+00:00,2026-10-10 12:24:06.234248+00:00,16.9
-25.7590409,28.2666212,LYNNWOOD,MIMOSA STREET,TSH,79900082,https://powerfailure.tshwane.gov.za/Tshwanesms/Map.aspx,"-25.7590,28.2666|LYNNWOOD#0",2026-10-07 10:10:01.835441+00:00,2026-10-10 12:24:06.234248+00:00,74.23
-25.7700301,28.2670909,LYNNWOOD,BORDER ROAD,TSH,79900082,https://powerfailure.tshwane.gov.za/Tshwanesms/Map.aspx,"-25.7700,28.2671|LYNNWOOD#0",2026-10-07 10:10:01.835441+00:00,2026-10-10 12:24:06.234248+00:00,74.23
-25.768947,28.2674908,LYNNWOOD,ALPINE WAY,TSH,79900082,https://powerfailure.tshwane.gov.za/Tshwanesms/Map.aspx,"-25.7689,28.2675|LYNNWOOD#0",2026-10-07 23:02:05.111773+00:00,2026-10-10 12:24:06.234248+00:00,61.37
-25.7697694,28.2687452,LYNNWOOD,ALPINE WAY,TSH,79900082,https://powerfailure.tshwane.gov.za/Tshwanesms/Map.aspx,"-25.7698,28.2687|LYNNWOOD#0",2026-10-07 23:02:05.111773+00:00,2026-10-10 12:24:06.234248+00:00,61.37
-25.8226304,28.3054371,MORELETAPARK X63,ROCKWOOD CRESCENT,TSH,79900045,https://powerfailure.tshwane.gov.za/Tshwanesms/Map.aspx,"-25.8226,28.3054|MORELETAPARK X63#0",2026-09-29 20:42:53.961596+00:00,2026-10-10 12:24:06.234248+00:00,255.69
-25.8218083,28.306411,MORELETAPARK X63,ROCKWOOD CRESCENT,TSH,79900045,https://powerfailure.tshwane.gov.za/Tshwanesms/Map.aspx,"-25.8218,28.3064|MORELETAPARK X63#0",2026-09-29 08:23:13.536342+00:00,2026-10-10 12:24:06.234248+00:00,268.01
-25.824062,28.3024105,MORELETAPARK X63,CEDARWOOD CRESCENT,TSH,79900045,https://powerfailure.tshwane.gov.za/Tshwanesms/Map.aspx,"-25.8241,28.3024|MORELETAPARK X63#0",2026-09-29 08:23:13.536342+00:00,2026-10-10 12:24:06.234248+00:00,268.01
-25.8248798,28.3028988,MORELETAPARK X63,OAKWOOD CLOSE,TSH,79900045,https://powerfailure.tshwane.gov.za/Tshwanesms/Map.aspx,"-25.8249,28.3029|MORELETAPARK X63#0",2026-09-29 08:23:13.536342+00:00,2026-10-10 12:24:06.234248+00:00,268.01
-25.8227285,28.3064721,MORELETAPARK X63,THORNWOOD CLOSE,TSH,79900045,https://powerfailure.tshwane.gov.za/Tshwanesms/Map.aspx,"-25.8227,28.3065|MORELETAPARK X63#0",2026-09-29 01:52:00.178453+00:00,2026-10-10 12:24:06.234248+00:00,274.54
-25.8249722,28.305833,MORELETAPARK X63,ROCKWOOD CRESCENT,TSH,79900045,https://powerfailure.tshwane.gov.za/Tshwanesms/Map.aspx,"-25.8250,28.3058|MORELETAPARK X63#0",2026-09-29 01:52:00.178453+00:00,2026-10-10 12:24:06.234248+00:00,274.54
-25.8371165,28.3038126,MORELETAPARK X65,WEKKER ROAD,TSH,79900091,https://powerfailure.tshwane.gov.za/Tshwanesms/Map.aspx,"-25.8371,28.3038|MORELETAPARK X65#0",2026-09-29 08:23:13.536342+00:00,2026-10-10 12:24:06.234248+00:00,268.01
-25.8358139,28.3058144,MORELETAPARK X70,HLUHLUWE STREET,TSH,79900091,https://powerfailure.tshwane.gov.za/Tshwanesms/Map.aspx,"-25.8358,28.3058|MORELETAPARK X70#0",2026-10-10 12:24:06.234248+00:00,2026-10-10 12:24:06.234248+00:00,0.0
-25.8418264,28.3012221,MORELETAPARK X49,"JOZINI STREET, CAROB TREE",TSH,79900091,https://powerfailure.tshwane.gov.za/Tshwanesms/Map.aspx,"-25.8418,28.3012|MORELETAPARK X49#0",2026-09-29 08:23:13.536342+00:00,2026-10-10 12:24:06.234248+00:00,268.01
-25.7643247,28.2303777,MUCKLENEUK,MARAIS STREET,TSH,79900056,https://powerfailure.tshwane.gov.za/Tshwanesms/Map.aspx,"-25.7643,28.2304|MUCKLENEUK#0",2026-10-07 23:02:05.111773+00:00,2026-10-10 12:24:06.234248+00:00,61.37
-25.7656746,28.2260483,MUCKLENEUK,NICOLSON STREET,TSH,79900056,https://powerfailure.tshwane.gov.za/Tshwanesms/Map.aspx,"-25.7657,28.2260|MUCKLENEUK#0",2026-10-08 10:27:19.292786+00:00,2026-10-10 12:24:06.234248+00:00,49.95
-25.6609833,28.1771932,PRETORIA NORTH,DANIE THERON STREET,TSH,79900002,https://powerfailure.tshwane.gov.za/Tshwanesms/Map.aspx,"-25.6610,28.1772|PRETORIA NORTH#0",2026-10-04 00:33:07.418287+00:00,2026-10-10 12:24:06.234248+00:00,155.85
-25.6606692,28.1670746,PRETORIA NORTH,WEST STREET,TSH,79900002,https://powerfailure.tshwane.gov.za/Tshwanesms/Map.aspx,"-25.6607,28.1671|PRETORIA NORTH#0",2026-10-04 06:47:51.169722+00:00,2026-10-10 12:24:06.234248+00:00,149.6
-25.6605582,28.1679668,PRETORIA NORTH,WEST STREET,TSH,79900002,https://powerfailure.tshwane.gov.za/Tshwanesms/Map.aspx,"-25.6606,28.1680|PRETORIA NORTH#0",2026-10-04 13:09:40.651455+00:00,2026-10-10 12:24:06.234248+00:00,143.24
-25.6614102,28.1773276,PRETORIA NORTH,DANIE THERON STREET,TSH,79900002,https://powerfailure.tshwane.gov.za/Tshwanesms/Map.aspx,"-25.6614,28.1773|PRETORIA NORTH#0",2026-10-02 12:24:50.491552+00:00,2026-10-10 12:24:06.234248+00:00,191.99
-25.6619342,28.1685361,PRETORIA NORTH,JACK HINDON STREET,TSH,79900002,https://powerfailure.tshwane.gov.za/Tshwanesms/Map.aspx,"-25.6619,28.1685|PRETORIA NORTH#0",2026-10-04 06:47:51.169722+00:00,2026-10-10 12:24:06.234248+00:00,149.6
-25.6638615,28.177723,PRETORIA NORTH,WONDERBOOM STREET,TSH,79900002,https://powerfailure.tshwane.gov.za/Tshwanesms/Map.aspx,"-25.6639,28.1777|PRETORIA NORTH#0",2026-10-04 06:47:51.169722+00:00,2026-10-10 12:24:06.234248+00:00,149.6
-25.6636468,28.1668107,PRETORIA NORTH,WEST STREET,TSH,79900002,https://powerfailure.tshwane.gov.za/Tshwanesms/Map.aspx,"-25.6636,28.1668|PRETORIA NORTH#0",2026-10-04 06:47:51.169722+00:00,2026-10-10 12:24:06.234248+00:00,149.6
-25.6646539,28.1691747,PRETORIA NORTH,JACK HINDON STREET,TSH,79900002,https://powerfailure.tshwane.gov.za/Tshwanesms/Map.aspx,"-25.6647,28.1692|PRETORIA NORTH#0",2026-10-04 06:47:51.169722+00:00,2026-10-10 12:24:06.234248+00:00,149.6
-25.665367,28.1698033,PRETORIA NORTH,EEUFEES STREET,TSH,79900002,https://powerfailure.tshwane.gov.za/Tshwanesms/Map.aspx,"-25.6654,28.1698|PRETORIA NORTH#0",2026-10-04 06:47:51.169722+00:00,2026-10-10 12:24:06.234248+00:00,149.6
-25.6666454,28.1722495,PRETORIA NORTH,EMILY HOBHOUSE AVENUE,TSH,79900002,https://powerfailure.tshwane.gov.za/Tshwanesms/Map.aspx,"-25.6666,28.1722|PRETORIA NORTH#0",2026-10-04 06:47:51.169722+00:00,2026-10-10 12:24:06.234248+00:00,149.6
-25.6674691,28.171189,PRETORIA NORTH,BURGER STREET,TSH,79900002,https://powerfailure.tshwane.gov.za/Tshwanesms/Map.aspx,"-25.6675,28.1712|PRETORIA NORTH#0",2026-10-04 06:47:51.169722+00:00,2026-10-10 12:24:06.234248+00:00,149.6
-25.6675768,28.1680333,PRETORIA NORTH,JACK HINDON STREET,TSH,79900002,https://powerfailure.tshwane.gov.za/Tshwanesms/Map.aspx,"-25.6676,28.1680|PRETORIA NORTH#0",2026-10-04 06:47:51.169722+00:00,2026-10-10 12:24:06.234248+00:00,149.6
-25.6692697,28.1694555,PRETORIA NORTH,.,TSH,79900002,https://powerfailure.tshwane.gov.za/Tshwanesms/Map.aspx,"-25.6693,28.1695|PRETORIA NORTH#0",2026-10-04 06:47:51.169722+00:00,2026-10-10 12:24:06.234248+00:00,149.6
-25.6704341,28.1796707,PRETORIA NORTH,JAN VAN RIEBEECK STREET,TSH,79900002,https://powerfailure.tshwane.gov.za/Tshwanesms/Map.aspx,"-25.6704,28.1797|PRETORIA NORTH#0",2026-10-04 13:09:40.651455+00:00,2026-10-10 12:24:06.234248+00:00,143.24
-25.6700154,28.169389,PRETORIA NORTH,EEUFEES STREET,TSH,79900002,https://powerfailure.tshwane.gov.za/Tshwanesms/Map.aspx,"-25.6700,28.1694|PRETORIA NORTH#0",2026-10-04 00:33:07.418287+00:00,2026-10-10 12:24:06.234248+00:00,155.85
-25.6716325,28.1674989,PRETORIA NORTH,GENL DE WET ROAD,TSH,79900002,https://powerfailure.tshwane.gov.za/Tshwanesms/Map.aspx,"-25.6716,28.1675|PRETORIA NORTH#0",2026-10-04 00:33:07.418287+00:00,2026-10-10 12:24:06.234248+00:00,155.85
-25.6723908,28.1676043,PRETORIA NORTH,JACK HINDON STREET,TSH,79900002,https://powerfailure.tshwane.gov.za/Tshwanesms/Map.aspx,"-25.6724,28.1676|PRETORIA NORTH#0",2026-10-04 06:47:51.169722+00:00,2026-10-10 12:24:06.234248+00:00,149.6
-25.6723908,28.1676043,PRETORIA NORTH,JACK HINDON STREET,TSH,79900002,https://powerfailure.tshwane.gov.za/Tshwanesms/Map.aspx,"-25.6724,28.1676|PRETORIA NORTH#1",2026-10-04 06:47:51.169722+00:00,2026-10-10 12:24:06.234248+00:00,149.6
-25.6738625,28.1706193,PRETORIA NORTH,BURGER STREET,TSH,79900002,https://powerfailure.tshwane.gov.za/Tshwanesms/Map.aspx,"-25.6739,28.1706|PRETORIA NORTH#0",2026-10-04 00:33:07.418287+00:00,2026-10-10 12:24:06.234248+00:00,155.85
-25.6757322,28.1767331,PRETORIA NORTH,GENL BEYERS STREET,TSH,79900002,https://powerfailure.tshwane.gov.za/Tshwanesms/Map.aspx,"-25.6757,28.1767|PRETORIA NORTH#0",2026-10-04 06:47:51.169722+00:00,2026-10-10 12:24:06.234248+00:00,149.6
-25.6757092,28.1673085,PRETORIA NORTH,JACK HINDON STREET,TSH,79900002,https://powerfailure.tshwane.gov.za/Tshwanesms/Map.aspx,"-25.6757,28.1673|PRETORIA NORTH#0",2026-10-07 10:10:01.835441+00:00,2026-10-10 12:24:06.234248+00:00,74.23
-25.6783144,28.1663841,PRETORIA NORTH,WEST STREET,TSH,79900002,https://powerfailure.tshwane.gov.za/Tshwanesms/Map.aspx,"-25.6783,28.1664|PRETORIA NORTH#0",2026-10-02 12:24:50.491552+00:00,2026-10-10 12:24:06.234248+00:00,191.99
-25.6786252,28.1717679,PRETORIA NORTH,EMILY HOBHOUSE AVENUE,TSH,79900002,https://powerfailure.tshwane.gov.za/Tshwanesms/Map.aspx,"-25.6786,28.1718|PRETORIA NORTH#0",2026-10-02 12:24:50.491552+00:00,2026-10-10 12:24:06.234248+00:00,191.99
-25.6792565,28.1701386,PRETORIA NORTH,BURGER STREET,TSH,79900002,https://powerfailure.tshwane.gov.za/Tshwanesms/Map.aspx,"-25.6793,28.1701|PRETORIA NORTH#0",2026-10-04 06:47:51.169722+00:00,2026-10-10 12:24:06.234248+00:00,149.6
-25.6798797,28.1763757,PRETORIA NORTH,GENL BEYERS STREET,TSH,79900002,https://powerfailure.tshwane.gov.za/Tshwanesms/Map.aspx,"-25.6799,28.1764|PRETORIA NORTH#0",2026-10-02 12:24:50.491552+00:00,2026-10-10 12:24:06.234248+00:00,191.99
-25.679892,28.1708833,PRETORIA NORTH,BURGER STREET,TSH,79900002,https://powerfailure.tshwane.gov.za/Tshwanesms/Map.aspx,"-25.6799,28.1709|PRETORIA NORTH#0",2026-10-04 06:47:51.169722+00:00,2026-10-10 12:24:06.234248+00:00,149.6
-25.6803582,28.1668941,PRETORIA NORTH,JACK HINDON STREET,TSH,79900002,https://powerfailure.tshwane.gov.za/Tshwanesms/Map.aspx,"-25.6804,28.1669|PRETORIA NORTH#0",2026-10-04 06:47:51.169722+00:00,2026-10-10 12:24:06.234248+00:00,149.6
-25.6820694,28.1800309,PRETORIA NORTH,KOOS DE LA REY STREET,TSH,79900002,https://powerfailure.tshwane.gov.za/Tshwanesms/Map.aspx,"-25.6821,28.1800|PRETORIA NORTH#0",2026-10-04 06:47:51.169722+00:00,2026-10-10 12:24:06.234248+00:00,149.6
-25.6825994,28.1770143,PRETORIA NORTH,GENL BEYERS STREET,TSH,79900002,https://powerfailure.tshwane.gov.za/Tshwanesms/Map.aspx,"-25.6826,28.1770|PRETORIA NORTH#0",2026-10-04 06:47:51.169722+00:00,2026-10-10 12:24:06.234248+00:00,149.6
-25.6833248,28.172054,PRETORIA NORTH,EMILY HOBHOUSE AVENUE,TSH,79900002,https://powerfailure.tshwane.gov.za/Tshwanesms/Map.aspx,"-25.6833,28.1721|PRETORIA NORTH#0",2026-10-04 13:09:40.651455+00:00,2026-10-10 12:24:06.234248+00:00,143.24
-25.6838149,28.1753329,PRETORIA NORTH,DANIE THERON STREET,TSH,79900002,https://powerfailure.tshwane.gov.za/Tshwanesms/Map.aspx,"-25.6838,28.1753|PRETORIA NORTH#0",2026-10-04 06:47:51.169722+00:00,2026-10-10 12:24:06.234248+00:00,149.6
-25.6846225,28.1806728,PRETORIA NORTH,ERICH MAYER STREET,TSH,79900002,https://powerfailure.tshwane.gov.za/Tshwanesms/Map.aspx,"-25.6846,28.1807|PRETORIA NORTH#0",2026-10-04 06:47:51.169722+00:00,2026-10-10 12:24:06.234248+00:00,149.6
-25.6846865,28.1815482,PRETORIA NORTH,ERICH MAYER STREET,TSH,79900002,https://powerfailure.tshwane.gov.za/Tshwanesms/Map.aspx,"-25.6847,28.1815|PRETORIA NORTH#0",2026-10-04 00:33:07.418287+00:00,2026-10-10 12:24:06.234248+00:00,155.85
-25.6861244,28.1781221,PRETORIA NORTH,JAN VAN RIEBEECK STREET,TSH,79900002,https://powerfailure.tshwane.gov.za/Tshwanesms/Map.aspx,"-25.6861,28.1781|PRETORIA NORTH#0",2026-10-04 06:47:51.169722+00:00,2026-10-10 12:24:06.234248+00:00,149.6
-25.686364,28.1656665,PRETORIA NORTH,WEST STREET,TSH,79900002,https://powerfailure.tshwane.gov.za/Tshwanesms/Map.aspx,"-25.6864,28.1657|PRETORIA NORTH#0",2026-10-04 13:09:40.651455+00:00,2026-10-10 12:24:06.234248+00:00,143.24
-25.6788857,28.1635168,PRETORIA NORTH X03,MOSELIE STREET,TSH,79900002,https://powerfailure.tshwane.gov.za/Tshwanesms/Map.aspx,"-25.6789,28.1635|PRETORIA NORTH X03#0",2026-10-09 13:08:42.013082+00:00,2026-10-10 12:24:06.234248+00:00,23.26
-25.6642595,28.1807858,PRETORIA NORTH,KOOS-DELAREY STREET,TSH,79900002,https://powerfailure.tshwane.gov.za/Tshwanesms/Map.aspx,"-25.6643,28.1808|PRETORIA NORTH#0",2026-10-04 18:07:06.777167+00:00,2026-10-10 12:24:06.234248+00:00,138.28
-25.6806488,28.1812179,PRETORIA NORTH,BRITS ROAD,TSH,79900002,https://powerfailure.tshwane.gov.za/Tshwanesms/Map.aspx,"-25.6806,28.1812|PRETORIA NORTH#0",2026-10-02 12:24:50.491552+00:00,2026-10-10 12:24:06.234248+00:00,191.99
-25.6867127,28.1791555,PRETORIA NORTH,UNKNOWN,TSH,79900002,https://powerfailure.tshwane.gov.za/Tshwanesms/Map.aspx,"-25.6867,28.1792|PRETORIA NORTH#0",2026-10-02 12:24:50.491552+00:00,2026-10-10 12:24:06.234248+00:00,191.99
-25.6876614,28.1828524,PRETORIA NORTH,ABERCROMBIE ROAD,TSH,79900002,https://powerfailure.tshwane.gov.za/Tshwanesms/Map.aspx,"-25.6877,28.1829|PRETORIA NORTH#0",2026-10-04 06:47:51.169722+00:00,2026-10-10 12:24:06.234248+00:00,149.6
-25.6648622,28.1745836,PRETORIA NORTH,BEN VILJOEN STREET,TSH,79900002,https://powerfailure.tshwane.gov.za/Tshwanesms/Map.aspx,"-25.6649,28.1746|PRETORIA NORTH#0",2026-10-04 06:47:51.169722+00:00,2026-10-10 12:24:06.234248+00:00,149.6
-25.6818024,28.1668951,PRETORIA NORTH,JACK HINDON STREET,TSH,79900002,https://powerfailure.tshwane.gov.za/Tshwanesms/Map.aspx,"-25.6818,28.1669|PRETORIA NORTH#0",2026-10-04 06:47:51.169722+00:00,2026-10-10 12:24:06.234248+00:00,149.6
-25.6609148,28.1750988,PRETORIA NORTH,BEN VILJOEN STREET,TSH,79900002,https://powerfailure.tshwane.gov.za/Tshwanesms/Map.aspx,"-25.6609,28.1751|PRETORIA NORTH#0",2026-10-04 06:47:51.169722+00:00,2026-10-10 12:24:06.234248+00:00,149.6
-25.6662355,28.1813834,PRETORIA NORTH,KOOS DE LA REY STREET,TSH,79900002,https://powerfailure.tshwane.gov.za/Tshwanesms/Map.aspx,"-25.6662,28.1814|PRETORIA NORTH#0",2026-10-04 18:07:06.777167+00:00,2026-10-10 12:24:06.234248+00:00,138.28
-25.6762047,28.1763569,PRETORIA NORTH,GENL BEYERS STREET,TSH,79900002,https://powerfailure.tshwane.gov.za/Tshwanesms/Map.aspx,"-25.6762,28.1764|PRETORIA NORTH#0",2026-10-04 06:47:51.169722+00:00,2026-10-10 12:24:06.234248+00:00,149.6
-25.6407374,28.5296341,REFILWE X01,MOYO,TSH,79900099,https://powerfailure.tshwane.gov.za/Tshwanesms/Map.aspx,"-25.6407,28.5296|REFILWE X01#0",2026-10-06 10:08:41.992184+00:00,2026-10-10 12:24:06.234248+00:00,98.26
-25.6949451,28.2417254,VILLIERIA,BREYER AVENUE,TSH,79900052,https://powerfailure.tshwane.gov.za/Tshwanesms/Map.aspx,"-25.6949,28.2417|VILLIERIA#0",2026-10-09 19:30:15.533813+00:00,2026-10-10 12:24:06.234248+00:00,16.9
-25.6972917,28.2392514,VILLIERIA,32ND AVENUE,TSH,79900052,https://powerfailure.tshwane.gov.za/Tshwanesms/Map.aspx,"-25.6973,28.2393|VILLIERIA#0",2026-10-09 13:08:42.013082+00:00,2026-10-10 12:24:06.234248+00:00,23.26
-25.7152366,28.2401174,VILLIERIA,TERBLANCHE STREET,TSH,79900052,https://powerfailure.tshwane.gov.za/Tshwanesms/Map.aspx,"-25.7152,28.2401|VILLIERIA#0",2026-10-08 17:51:27.458247+00:00,2026-10-10 12:24:06.234248+00:00,42.54
-25.7170461,28.2321637,VILLIERIA,27TH AVENUE,TSH,79900052,https://powerfailure.tshwane.gov.za/Tshwanesms/Map.aspx,"-25.7170,28.2322|VILLIERIA#0",2026-10-10 12:24:06.234248+00:00,2026-10-10 12:24:06.234248+00:00,0.0
-25.7229213,28.2204744,VILLIERIA,KERKENBERG AVENUE,TSH,79900053,https://powerfailure.tshwane.gov.za/Tshwanesms/Map.aspx,"-25.7229,28.2205|VILLIERIA#0",2026-10-09 13:08:42.013082+00:00,2026-10-10 12:24:06.234248+00:00,23.26
-25.775179,28.335101,WAPADRAND X01,WATENT CRESCENT,TSH,79900085,https://powerfailure.tshwane.gov.za/Tshwanesms/Map.aspx,"-25.7752,28.3351|WAPADRAND X01#0",2026-09-29 08:23:13.536342+00:00,2026-10-10 12:24:06.234248+00:00,268.01
-25.7761468,28.3307034,WAPADRAND X01,BEUEL AVENUE,TSH,79900085,https://powerfailure.tshwane.gov.za/Tshwanesms/Map.aspx,"-25.7761,28.3307|WAPADRAND X01#0",2026-09-30 13:37:49.273392+00:00,2026-10-10 12:24:06.234248+00:00,238.77
-25.7771282,28.3345659,WAPADRAND X01,WAPADRAND ROAD,TSH,79900085,https://powerfailure.tshwane.gov.za/Tshwanesms/Map.aspx,"-25.7771,28.3346|WAPADRAND X01#0",2026-09-29 08:23:13.536342+00:00,2026-10-10 12:24:06.234248+00:00,268.01
-25.6475414,28.0928359,THE ORCHARDS X11,GILLESPIE ROAD,TSH,79900004,https://powerfailure.tshwane.gov.za/Tshwanesms/Map.aspx,"-25.6475,28.0928|THE ORCHARDS X11#0",2026-09-23 15:54:26.696532+00:00,2026-10-10 12:24:06.234248+00:00,404.49
-25.7480754,28.0883981,LOTUS GARDENS,CYME CRESCENT,TSH,79900007,https://powerfailure.tshwane.gov.za/Tshwanesms/Map.aspx,"-25.7481,28.0884|LOTUS GARDENS#0",2026-10-10 05:43:32.746880+00:00,2026-10-10 12:24:06.234248+00:00,6.68
-25.7708001,28.0899799,ATTERIDGEVILLE X25,KHOZA STREET,TSH,79900051,https://powerfailure.tshwane.gov.za/Tshwanesms/Map.aspx,"-25.7708,28.0900|ATTERIDGEVILLE X25#0",2026-10-06 17:09:53.951304+00:00,2026-10-10 12:24:06.234248+00:00,91.24
-25.8576994,28.1674318,BRONBERRIK,GALWAY AVENUE,TSH,79900066,https://powerfailure.tshwane.gov.za/Tshwanesms/Map.aspx,"-25.8577,28.1674|BRONBERRIK#0",2026-10-10 12:24:06.234248+00:00,2026-10-10 12:24:06.234248+00:00,0.0
-25.462804,28.090784,SOSHANGUVE-GG,STAND 646,TSH,79900094,https://powerfailure.tshwane.gov.za/Tshwanesms/Map.aspx,"-25.4628,28.0908|SOSHANGUVE-GG#0",2026-09-23 15:54:26.696532+00:00,2026-10-10 12:24:06.234248+00:00,404.49
-25.4694264,28.0906244,SOSHANGUVE-GG,STAND 981,TSH,79900094,https://powerfailure.tshwane.gov.za/Tshwanesms/Map.aspx,"-25.4694,28.0906|SOSHANGUVE-GG#0",2026-09-30 23:43:30.173884+00:00,2026-10-10 12:24:06.234248+00:00,228.68
-25.4675717,28.0939413,SOSHANGUVE-GG,STAND 1228,TSH,79900094,https://powerfailure.tshwane.gov.za/Tshwanesms/Map.aspx,"-25.4676,28.0939|SOSHANGUVE-GG#0",2026-10-10 00:00:01.978931+00:00,2026-10-10 12:24:06.234248+00:00,12.4
-25.4645291,28.0933925,SOSHANGUVE-GG,STAND 1367,TSH,79900094,https://powerfailure.tshwane.gov.za/Tshwanesms/Map.aspx,"-25.4645,28.0934|SOSHANGUVE-GG#0",2026-10-08 17:51:27.458247+00:00,2026-10-10 12:24:06.234248+00:00,42.54
-25.4635526,28.0958972,SOSHANGUVE-GG,STAND 1587,TSH,79900094,https://powerfailure.tshwane.gov.za/Tshwanesms/Map.aspx,"-25.4636,28.0959|SOSHANGUVE-GG#0",2026-09-28 15:21:37.292442+00:00,2026-10-10 12:24:06.234248+00:00,285.04
-25.4618697,28.0956541,SOSHANGUVE-GG,STAND 1647,TSH,79900094,https://powerfailure.tshwane.gov.za/Tshwanesms/Map.aspx,"-25.4619,28.0957|SOSHANGUVE-GG#0",2026-09-28 15:21:37.292442+00:00,2026-10-10 12:24:06.234248+00:00,285.04
-25.4575628,28.0999164,SOSHANGUVE-GG,STAND 1800,TSH,79900094,https://powerfailure.tshwane.gov.za/Tshwanesms/Map.aspx,"-25.4576,28.0999|SOSHANGUVE-GG#0",2026-09-28 21:54:04.654174+00:00,2026-10-10 12:24:06.234248+00:00,278.5
-25.5187593,28.1043493,SOSHANGUVE-H,STAND 1230,TSH,79900034,https://powerfailure.tshwane.gov.za/Tshwanesms/Map.aspx,"-25.5188,28.1043|SOSHANGUVE-H#0",2026-09-29 20:42:53.961596+00:00,2026-10-10 12:24:06.234248+00:00,255.69
-25.5253247,28.1151494,SOSHANGUVE-H,STAND 2189,TSH,79900034,https://powerfailure.tshwane.gov.za/Tshwanesms/Map.aspx,"-25.5253,28.1151|SOSHANGUVE-H#0",2026-09-23 15:54:26.696532+00:00,2026-10-10 12:24:06.234248+00:00,404.49
-25.4474937,28.0877214,SOSHANGUVE-HH,STAND 358,TSH,79900011,https://powerfailure.tshwane.gov.za/Tshwanesms/Map.aspx,"-25.4475,28.0877|SOSHANGUVE-HH#0",2026-09-23 15:54:26.696532+00:00,2026-10-10 12:24:06.234248+00:00,404.49
-25.6482889,28.2264644,DOORNPOORT,APACHE AVENUE,TSH,79900096,https://powerfailure.tshwane.gov.za/Tshwanesms/Map.aspx,"-25.6483,28.2265|DOORNPOORT#0",2026-09-25 10:58:56.127220+00:00,2026-10-10 12:24:06.234248+00:00,361.42
-25.6549199,28.2491102,DOORNPOORT X29,AMANDELBOOM ROAD,TSH,79900096,https://powerfailure.tshwane.gov.za/Tshwanesms/Map.aspx,"-25.6549,28.2491|DOORNPOORT X29#0",2026-10-09 13:08:42.013082+00:00,2026-10-10 12:24:06.234248+00:00,23.26
-25.6583112,28.2532688,DOORNPOORT X31,ALECTRA CRESCENT,TSH,79900096,https://powerfailure.tshwane.gov.za/Tshwanesms/Map.aspx,"-25.6583,28.2533|DOORNPOORT X31#0",2026-10-09 13:08:42.013082+00:00,2026-10-10 12:24:06.234248+00:00,23.26
-25.6554792,28.2573648,DOORNPOORT X34,APIUM STREET,TSH,79900096,https://powerfailure.tshwane.gov.za/Tshwanesms/Map.aspx,"-25.6555,28.2574|DOORNPOORT X34#0",2026-10-09 13:08:42.013082+00:00,2026-10-10 12:24:06.234248+00:00,23.26
-25.6511605,28.2690337,DOORNPOORT X40,RIVEA STREET,TSH,79900096,https://powerfailure.tshwane.gov.za/Tshwanesms/Map.aspx,"-25.6512,28.2690|DOORNPOORT X40#0",2026-10-09 13:08:42.013082+00:00,2026-10-10 12:24:06.234248+00:00,23.26
-25.652447,28.2697405,DOORNPOORT X41,STRIGA STREET,TSH,79900096,https://powerfailure.tshwane.gov.za/Tshwanesms/Map.aspx,"-25.6524,28.2697|DOORNPOORT X41#0",2026-10-09 13:08:42.013082+00:00,2026-10-10 12:24:06.234248+00:00,23.26
-25.6520272,28.2714859,DOORNPOORT X41,HESSEA STREET,TSH,79900096,https://powerfailure.tshwane.gov.za/Tshwanesms/Map.aspx,"-25.6520,28.2715|DOORNPOORT X41#0",2026-10-09 13:08:42.013082+00:00,2026-10-10 12:24:06.234248+00:00,23.26
-25.6541894,28.263338,DOORNPOORT 295-JR,BREED STREET,TSH,79900096,https://powerfailure.tshwane.gov.za/Tshwanesms/Map.aspx,"-25.6542,28.2633|DOORNPOORT 295-JR#0",2026-10-09 19:30:15.533813+00:00,2026-10-10 12:24:06.234248+00:00,16.9
-25.6586005,28.2661605,DOORNPOORT 295-JR,BREED STREET,TSH,79900096,https://powerfailure.tshwane.gov.za/Tshwanesms/Map.aspx,"-25.6586,28.2662|DOORNPOORT 295-JR#0",2026-10-09 19:30:15.533813+00:00,2026-10-10 12:24:06.234248+00:00,16.9
-25.6600111,28.2678897,DOORNPOORT 295-JR,HAMERKOP CRESCENT,TSH,79900096,https://powerfailure.tshwane.gov.za/Tshwanesms/Map.aspx,"-25.6600,28.2679|DOORNPOORT 295-JR#0",2026-10-09 19:30:15.533813+00:00,2026-10-10 12:24:06.234248+00:00,16.9
-25.8914784,28.2630934,DOORNKLOOF 391-JR,UITKYK STREET,TSH,79900065,https://powerfailure.tshwane.gov.za/Tshwanesms/Map.aspx,"-25.8915,28.2631|DOORNKLOOF 391-JR#0",2026-10-08 10:27:19.292786+00:00,2026-10-10 12:24:06.234248+00:00,49.95
-25.9036169,28.2515455,DOORNKLOOF 391-JR,PL I-77-57-16-20-2,TSH,79900065,https://powerfailure.tshwane.gov.za/Tshwanesms/Map.aspx,"-25.9036,28.2515|DOORNKLOOF 391-JR#0",2026-10-10 05:43:32.746880+00:00,2026-10-10 12:24:06.234248+00:00,6.68
-25.6985201,28.2703439,EAST LYNNE,BREYER AVENUE,TSH,79900052,https://powerfailure.tshwane.gov.za/Tshwanesms/Map.aspx,"-25.6985,28.2703|EAST LYNNE#0",2026-10-10 12:24:06.234248+00:00,2026-10-10 12:24:06.234248+00:00,0.0
-25.7054919,28.3109856,EERSTERUST X06,WYNBERG AVENUE,TSH,79900043,https://powerfailure.tshwane.gov.za/Tshwanesms/Map.aspx,"-25.7055,28.3110|EERSTERUST X06#0",2026-10-09 19:30:15.533813+00:00,2026-10-10 12:24:06.234248+00:00,16.9
-25.7059131,28.3106471,EERSTERUST X06,FERGUSON CRESENT,TSH,79900043,https://powerfailure.tshwane.gov.za/Tshwanesms/Map.aspx,"-25.7059,28.3106|EERSTERUST X06#0",2026-10-09 19:30:15.533813+00:00,2026-10-10 12:24:06.234248+00:00,16.9
-25.7757623,28.3084445,FAERIE GLEN X01,VIRGINIA STREET,TSH,79900044,https://powerfailure.tshwane.gov.za/Tshwanesms/Map.aspx,"-25.7758,28.3084|FAERIE GLEN X01#0",2026-10-10 05:43:32.746880+00:00,2026-10-10 12:24:06.234248+00:00,6.68
-25.7923305,28.3356559,FAERIE GLEN X28,WATERPOORT STREET,TSH,79900044,https://powerfailure.tshwane.gov.za/Tshwanesms/Map.aspx,"-25.7923,28.3357|FAERIE GLEN X28#0",2026-10-02 18:22:22.786014+00:00,2026-10-10 12:24:06.234248+00:00,186.03
-25.6852966,28.1587288,FLORAUNA,BERG AVENUE,TSH,79900002,https://powerfailure.tshwane.gov.za/Tshwanesms/Map.aspx,"-25.6853,28.1587|FLORAUNA#0",2026-10-09 13:08:42.013082+00:00,2026-10-10 12:24:06.234248+00:00,23.26
-25.6875038,28.1559549,FLORAUNA,FAUNA ROAD,TSH,79900002,https://powerfailure.tshwane.gov.za/Tshwanesms/Map.aspx,"-25.6875,28.1560|FLORAUNA#0",2026-10-09 13:08:42.013082+00:00,2026-10-10 12:24:06.234248+00:00,23.26
-25.6829045,28.1570633,FLORAUNA,SANDAPPEL AVE,TSH,79900002,https://powerfailure.tshwane.gov.za/Tshwanesms/Map.aspx,"-25.6829,28.1571|FLORAUNA#0",2026-10-09 13:08:42.013082+00:00,2026-10-10 12:24:06.234248+00:00,23.26
-25.6843259,28.1592543,FLORAUNA,KRINKHOUT AVENUE,TSH,79900002,https://powerfailure.tshwane.gov.za/Tshwanesms/Map.aspx,"-25.6843,28.1593|FLORAUNA#0",2026-09-23 15:54:26.696532+00:00,2026-10-10 12:24:06.234248+00:00,404.49
-25.6846629,28.1614904,FLORAUNA X01,BERG AVENUE,TSH,79900002,https://powerfailure.tshwane.gov.za/Tshwanesms/Map.aspx,"-25.6847,28.1615|FLORAUNA X01#0",2026-10-09 13:08:42.013082+00:00,2026-10-10 12:24:06.234248+00:00,23.26
-25.713464,28.2819283,LINDO PARK,CARNATION STREET,TSH,79900052,https://powerfailure.tshwane.gov.za/Tshwanesms/Map.aspx,"-25.7135,28.2819|LINDO PARK#0",2026-10-03 08:01:40.485595+00:00,2026-10-10 12:24:06.234248+00:00,172.37
-25.7163108,28.3665848,MAMELODI,STAND 12380,TSH,79900028,https://powerfailure.tshwane.gov.za/Tshwanesms/Map.aspx,"-25.7163,28.3666|MAMELODI#0",2026-09-23 15:54:26.696532+00:00,2026-10-10 12:24:06.234248+00:00,404.49
-25.7145685,28.3733095,MAMELODI,STAND 19451,TSH,79900023,https://powerfailure.tshwane.gov.za/Tshwanesms/Map.aspx,"-25.7146,28.3733|MAMELODI#0",2026-09-23 15:54:26.696532+00:00,2026-10-10 12:24:06.234248+00:00,404.49
-25.7225544,28.37045,MAMELODI,STAND 20435,TSH,79900015,https://powerfailure.tshwane.gov.za/Tshwanesms/Map.aspx,"-25.7226,28.3704|MAMELODI#0",2026-09-23 15:54:26.696532+00:00,2026-10-10 12:24:06.234248+00:00,404.49
-25.7061469,28.414064,MAHUBE VALLEY X03,MAHUBE VALLEY,TSH,79900017,https://powerfailure.tshwane.gov.za/Tshwanesms/Map.aspx,"-25.7061,28.4141|MAHUBE VALLEY X03#0",2026-09-30 23:43:30.173884+00:00,2026-10-10 12:24:06.234248+00:00,228.68
-25.7785088,28.2597814,MAROELANA,PINASTER AVENUE,TSH,79900082,https://powerfailure.tshwane.gov.za/Tshwanesms/Map.aspx,"-25.7785,28.2598|MAROELANA#0",2026-10-07 23:02:05.111773+00:00,2026-10-10 12:24:06.234248+00:00,61.37
-25.7503123,28.2989635,MURRAYFIELD,CLYDE STREET,TSH,79900041,https://powerfailure.tshwane.gov.za/Tshwanesms/Map.aspx,"-25.7503,28.2990|MURRAYFIELD#0",2026-10-09 13:08:42.013082+00:00,2026-10-10 12:24:06.234248+00:00,23.26
-25.7530841,28.298649,MURRAYFIELD X01,GLOUDINA ROAD,TSH,79900046,https://powerfailure.tshwane.gov.za/Tshwanesms/Map.aspx,"-25.7531,28.2986|MURRAYFIELD X01#0",2026-09-30 06:38:52.006832+00:00,2026-10-10 12:24:06.234248+00:00,245.75
-25.7487573,28.3028759,MURRAYFIELD,CLYDE STREET,TSH,79900041,https://powerfailure.tshwane.gov.za/Tshwanesms/Map.aspx,"-25.7488,28.3029|MURRAYFIELD#0",2026-10-08 17:51:27.458247+00:00,2026-10-10 12:24:06.234248+00:00,42.54
-25.729365,28.3524923,NELLMAPIUS x  16,RESTANT V D DORP NEL X 16,TSH,79900028,https://powerfailure.tshwane.gov.za/Tshwanesms/Map.aspx,"-25.7294,28.3525|NELLMAPIUS X 16#0",2026-10-08 10:27:19.292786+00:00,2026-10-10 12:24:06.234248+00:00,49.95
-25.7330506,28.3692652,NELLMAPIUS X03,KABYLIE STREET,TSH,79900086,https://powerfailure.tshwane.gov.za/Tshwanesms/Map.aspx,"-25.7331,28.3693|NELLMAPIUS X03#0",2026-09-23 15:54:26.696532+00:00,2026-10-10 12:24:06.234248+00:00,404.49
-25.735108,28.3709084,NELLMAPIUS X03,RAVENS STREET,TSH,79900086,https://powerfailure.tshwane.gov.za/Tshwanesms/Map.aspx,"-25.7351,28.3709|NELLMAPIUS X03#0",2026-10-06 17:09:53.951304+00:00,2026-10-10 12:24:06.234248+00:00,91.24
-25.7309966,28.3585788,NELLMAPIUS X04,THERESO STREET,TSH,79900028,https://powerfailure.tshwane.gov.za/Tshwanesms/Map.aspx,"-25.7310,28.3586|NELLMAPIUS X04#0",2026-10-02 18:22:22.786014+00:00,2026-10-10 12:24:06.234248+00:00,186.03
-25.7306593,28.3612309,NELLMAPIUS X04,HALLELUJAH CRESCENT,TSH,79900028,https://powerfailure.tshwane.gov.za/Tshwanesms/Map.aspx,"-25.7307,28.3612|NELLMAPIUS X04#0",2026-09-26 14:25:10.204350+00:00,2026-10-10 12:24:06.234248+00:00,333.98
-25.7324924,28.359538,NELLMAPIUS X04,POELANO STREET,TSH,79900028,https://powerfailure.tshwane.gov.za/Tshwanesms/Map.aspx,"-25.7325,28.3595|NELLMAPIUS X04#0",2026-09-26 14:25:10.204350+00:00,2026-10-10 12:24:06.234248+00:00,333.98
-25.6753671,28.1532495,TILEBA,MAKKIE STREET,TSH,79900098,https://powerfailure.tshwane.gov.za/Tshwanesms/Map.aspx,"-25.6754,28.1532|TILEBA#0",2026-10-09 13:08:42.013082+00:00,2026-10-10 12:24:06.234248+00:00,23.26
-25.6775489,28.1583988,TILEBA,VAANDRAGER STREET,TSH,79900098,https://powerfailure.tshwane.gov.za/Tshwanesms/Map.aspx,"-25.6775,28.1584|TILEBA#0",2026-10-09 13:08:42.013082+00:00,2026-10-10 12:24:06.234248+00:00,23.26
-25.7038392,28.2271796,RIETFONTEIN,25TH AVENUE,TSH,79900052,https://powerfailure.tshwane.gov.za/Tshwanesms/Map.aspx,"-25.7038,28.2272|RIETFONTEIN#0",2026-10-07 23:02:05.111773+00:00,2026-10-10 12:24:06.234248+00:00,61.37
-25.6987644,28.2324116,RIETFONTEIN,MEYER STREET,TSH,79900052,https://powerfailure.tshwane.gov.za/Tshwanesms/Map.aspx,"-25.6988,28.2324|RIETFONTEIN#0",2026-10-07 23:02:05.111773+00:00,2026-10-10 12:24:06.234248+00:00,61.37
-25.6969905,28.2311086,RIETFONTEIN,28TH AVENUE,TSH,79900052,https://powerfailure.tshwane.gov.za/Tshwanesms/Map.aspx,"-25.6970,28.2311|RIETFONTEIN#0",2026-10-07 23:02:05.111773+00:00,2026-10-10 12:24:06.234248+00:00,61.37
-25.6773636,28.2060221,SINOVILLE,MIRIANA STREET,TSH,79900050,https://powerfailure.tshwane.gov.za/Tshwanesms/Map.aspx,"-25.6774,28.2060|SINOVILLE#0",2026-10-06 17:09:53.951304+00:00,2026-10-10 12:24:06.234248+00:00,91.24
-25.6771515,28.2064753,SINOVILLE,MIRIANA STREET,TSH,79900050,https://powerfailure.tshwane.gov.za/Tshwanesms/Map.aspx,"-25.6772,28.2065|SINOVILLE#0",2026-10-06 17:09:53.951304+00:00,2026-10-10 12:24:06.234248+00:00,91.24
-25.6745266,28.2115924,SINOVILLE,MIRIANA STREET,TSH,79900050,https://powerfailure.tshwane.gov.za/Tshwanesms/Map.aspx,"-25.6745,28.2116|SINOVILLE#0",2026-10-06 10:08:41.992184+00:00,2026-10-10 12:24:06.234248+00:00,98.26
-25.9033007,28.1313502,THE REEDS X05,VAN NOORDWYK STREET,TSH,79900064,https://powerfailure.tshwane.gov.za/Tshwanesms/Map.aspx,"-25.9033,28.1314|THE REEDS X05#0",2026-10-10 12:24:06.234248+00:00,2026-10-10 12:24:06.234248+00:00,0.0
-25.7487942,28.3321234,THE WILLOWS 340-JR,VIVIAN ROAD,TSH,79900041,https://powerfailure.tshwane.gov.za/Tshwanesms/Map.aspx,"-25.7488,28.3321|THE WILLOWS 340-JR#0",2026-10-05 15:56:27.539408+00:00,2026-10-10 12:24:06.234248+00:00,116.46
-25.6856343,28.2633594,MONTANA PARK X01,BRAAM PRETORIUS STREET,TSH,79900005,https://powerfailure.tshwane.gov.za/Tshwanesms/Map.aspx,"-25.6856,28.2634|MONTANA PARK X01#0",2026-09-29 08:23:13.536342+00:00,2026-10-10 12:24:06.234248+00:00,268.01
-25.7668407,28.3321919,EQUESTRIA X146,FEATHER DUSTER CRESCENT,TSH,79900085,https://powerfailure.tshwane.gov.za/Tshwanesms/Map.aspx,"-25.7668,28.3322|EQUESTRIA X146#0",2026-09-29 08:23:13.536342+00:00,2026-10-10 12:24:06.234248+00:00,268.01
-25.7570485,28.3378284,EQUESTRIA X 241,STAND,TSH,79900085,https://powerfailure.tshwane.gov.za/Tshwanesms/Map.aspx,"-25.7570,28.3378|EQUESTRIA X 241#0",2026-09-29 08:23:13.536342+00:00,2026-10-10 12:24:06.234248+00:00,268.01
-25.7683526,28.0652367,ATTERIDGEVILLE,SEKHU STREET,TSH,79900063,https://powerfailure.tshwane.gov.za/Tshwanesms/Map.aspx,"-25.7684,28.0652|ATTERIDGEVILLE#0",2026-10-09 19:30:15.533813+00:00,2026-10-10 12:24:06.234248+00:00,16.9
-25.4889338,28.0949398,SOSHANGUVE-BB,STAND 418,TSH,79900094,https://powerfailure.tshwane.gov.za/Tshwanesms/Map.aspx,"-25.4889,28.0949|SOSHANGUVE-BB#0",2026-09-29 20:42:53.961596+00:00,2026-10-10 12:24:06.234248+00:00,255.69
-25.4766201,28.1056873,SOSHANGUVE-FF,STAND 1343,TSH,79900026,https://powerfailure.tshwane.gov.za/Tshwanesms/Map.aspx,"-25.4766,28.1057|SOSHANGUVE-FF#0",2026-09-30 23:43:30.173884+00:00,2026-10-10 12:24:06.234248+00:00,228.68
-25.5474307,28.0966792,SOSHANGUVE-L,STAND 2581,TSH,79900035,https://powerfailure.tshwane.gov.za/Tshwanesms/Map.aspx,"-25.5474,28.0967|SOSHANGUVE-L#0",2026-09-30 13:37:49.273392+00:00,2026-10-10 12:24:06.234248+00:00,238.77
-25.549145,28.0953672,SOSHANGUVE-L,STAND 3122,TSH,79900036,https://powerfailure.tshwane.gov.za/Tshwanesms/Map.aspx,"-25.5491,28.0954|SOSHANGUVE-L#0",2026-09-23 15:54:26.696532+00:00,2026-10-10 12:24:06.234248+00:00,404.49
-25.4626469,28.0832787,SOSHANGUVE-LL,STAND 126,TSH,79900011,https://powerfailure.tshwane.gov.za/Tshwanesms/Map.aspx,"-25.4626,28.0833|SOSHANGUVE-LL#0",2026-09-28 21:54:04.654174+00:00,2026-10-10 12:24:06.234248+00:00,278.5
-25.4662175,28.0854285,SOSHANGUVE-LL,STAND 416,TSH,79900011,https://powerfailure.tshwane.gov.za/Tshwanesms/Map.aspx,"-25.4662,28.0854|SOSHANGUVE-LL#0",2026-09-28 21:54:04.654174+00:00,2026-10-10 12:24:06.234248+00:00,278.5
-25.5502879,28.0901346,SOSHANGUVE-M X01,UNKNOWN,TSH,79900036,https://powerfailure.tshwane.gov.za/Tshwanesms/Map.aspx,"-25.5503,28.0901|SOSHANGUVE-M X01#0",2026-09-29 20:42:53.961596+00:00,2026-10-10 12:24:06.234248+00:00,255.69
-25.7948274,28.2979513,GARSFONTEIN X07,KOMMETJIE CRESCENT,TSH,79900045,https://powerfailure.tshwane.gov.za/Tshwanesms/Map.aspx,"-25.7948,28.2980|GARSFONTEIN X07#0",2026-10-10 12:24:06.234248+00:00,2026-10-10 12:24:06.234248+00:00,0.0
-25.7950403,28.2969791,GARSFONTEIN X07,DE BRON ROAD,TSH,79900045,https://powerfailure.tshwane.gov.za/Tshwanesms/Map.aspx,"-25.7950,28.2970|GARSFONTEIN X07#0",2026-10-10 12:24:06.234248+00:00,2026-10-10 12:24:06.234248+00:00,0.0
-25.8002573,28.309583,GARSFONTEIN X04,VERCUEIL STREET,TSH,79900045,https://powerfailure.tshwane.gov.za/Tshwanesms/Map.aspx,"-25.8003,28.3096|GARSFONTEIN X04#0",2026-10-10 12:24:06.234248+00:00,2026-10-10 12:24:06.234248+00:00,0.0
-25.7988314,28.2914413,GARSFONTEIN X03,SALDANHA ST SALDANHA ST,TSH,79900045,https://powerfailure.tshwane.gov.za/Tshwanesms/Map.aspx,"-25.7988,28.2914|GARSFONTEIN X03#0",2026-10-10 12:24:06.234248+00:00,2026-10-10 12:24:06.234248+00:00,0.0
-25.7968851,28.2888215,GARSFONTEIN X06,GEOFF STREET,TSH,79900045,https://powerfailure.tshwane.gov.za/Tshwanesms/Map.aspx,"-25.7969,28.2888|GARSFONTEIN X06#0",2026-10-10 12:24:06.234248+00:00,2026-10-10 12:24:06.234248+00:00,0.0
-25.78729,28.2943209,GARSFONTEIN X08,CLAUDE BRINK STREET,TSH,79900045,https://powerfailure.tshwane.gov.za/Tshwanesms/Map.aspx,"-25.7873,28.2943|GARSFONTEIN X08#0",2026-10-10 12:24:06.234248+00:00,2026-10-10 12:24:06.234248+00:00,0.0
-25.7917188,28.2964067,GARSFONTEIN X08,PETRONELLA STREET,TSH,79900045,https://powerfailure.tshwane.gov.za/Tshwanesms/Map.aspx,"-25.7917,28.2964|GARSFONTEIN X08#0",2026-10-10 12:24:06.234248+00:00,2026-10-10 12:24:06.234248+00:00,0.0
-25.7988027,28.3023585,GARSFONTEIN X17,COLEY STREET,TSH,79900045,https://powerfailure.tshwane.gov.za/Tshwanesms/Map.aspx,"-25.7988,28.3024|GARSFONTEIN X17#0",2026-10-10 12:24:06.234248+00:00,2026-10-10 12:24:06.234248+00:00,0.0
-25.7952228,28.3019305,GARSFONTEIN X17,PRINCEPS CRESCENT,TSH,79900045,https://powerfailure.tshwane.gov.za/Tshwanesms/Map.aspx,"-25.7952,28.3019|GARSFONTEIN X17#0",2026-10-10 12:24:06.234248+00:00,2026-10-10 12:24:06.234248+00:00,0.0
-25.7257919,28.3838565,MAMELODI,STAND 21137,TSH,79900018,https://powerfailure.tshwane.gov.za/Tshwanesms/Map.aspx,"-25.7258,28.3839|MAMELODI#0",2026-10-07 10:10:01.835441+00:00,2026-10-10 12:24:06.234248+00:00,74.23
-25.7248912,28.3966719,MAMELODI X03,STAND 21402,TSH,79900015,https://powerfailure.tshwane.gov.za/Tshwanesms/Map.aspx,"-25.7249,28.3967|MAMELODI X03#0",2026-09-23 15:54:26.696532+00:00,2026-10-10 12:24:06.234248+00:00,404.49
-25.7181544,28.3781503,MAMELODI,STAND 25322,TSH,79900018,https://powerfailure.tshwane.gov.za/Tshwanesms/Map.aspx,"-25.7182,28.3782|MAMELODI#0",2026-09-23 15:54:26.696532+00:00,2026-10-10 12:24:06.234248+00:00,404.49
-25.738857,28.3848108,NELLMAPIUS X08,PLATINUM STREET,TSH,79900015,https://powerfailure.tshwane.gov.za/Tshwanesms/Map.aspx,"-25.7389,28.3848|NELLMAPIUS X08#0",2026-09-23 15:54:26.696532+00:00,2026-10-10 12:24:06.234248+00:00,404.49
-25.7391471,28.3858457,NELLMAPIUS X08,XENON STREET,TSH,79900015,https://powerfailure.tshwane.gov.za/Tshwanesms/Map.aspx,"-25.7391,28.3858|NELLMAPIUS X08#0",2026-09-23 15:54:26.696532+00:00,2026-10-10 12:24:06.234248+00:00,404.49
-25.7349007,28.3870139,NELLMAPIUS X08,XENON STREET,TSH,79900015,https://powerfailure.tshwane.gov.za/Tshwanesms/Map.aspx,"-25.7349,28.3870|NELLMAPIUS X08#0",2026-09-23 15:54:26.696532+00:00,2026-10-10 12:24:06.234248+00:00,404.49
-25.7479431,28.1824821,PRETORIA,PRETORIUS STREET,TSH,79900058,https://powerfailure.tshwane.gov.za/Tshwanesms/Map.aspx,"-25.7479,28.1825|PRETORIA#0",2026-10-09 13:08:42.013082+00:00,2026-10-10 12:24:06.234248+00:00,23.26
-25.7439744,28.1710921,PRETORIA,LUTTIG STREET,TSH,79900058,https://powerfailure.tshwane.gov.za/Tshwanesms/Map.aspx,"-25.7440,28.1711|PRETORIA#0",2026-10-08 17:51:27.458247+00:00,2026-10-10 12:24:06.234248+00:00,42.54
-25.7520032,28.187997,PRETORIA,VISAGIE STREET,TSH,79900058,https://powerfailure.tshwane.gov.za/Tshwanesms/Map.aspx,"-25.7520,28.1880|PRETORIA#0",2026-09-23 15:54:26.696532+00:00,2026-10-10 12:24:06.234248+00:00,404.49
-25.810741,28.3072788,PRETORIUSPARK,LORISTO STREET,TSH,79900045,https://powerfailure.tshwane.gov.za/Tshwanesms/Map.aspx,"-25.8107,28.3073|PRETORIUSPARK#0",2026-09-29 08:23:13.536342+00:00,2026-10-10 12:24:06.234248+00:00,268.01
-25.8131762,28.3089197,PRETORIUSPARK X03,SEELEEU STREET,TSH,79900045,https://powerfailure.tshwane.gov.za/Tshwanesms/Map.aspx,"-25.8132,28.3089|PRETORIUSPARK X03#0",2026-09-29 08:23:13.536342+00:00,2026-10-10 12:24:06.234248+00:00,268.01
-25.818441,28.310373,PRETORIUSPARK X06,EMFULENI AVENUE,TSH,79900045,https://powerfailure.tshwane.gov.za/Tshwanesms/Map.aspx,"-25.8184,28.3104|PRETORIUSPARK X06#0",2026-09-29 08:23:13.536342+00:00,2026-10-10 12:24:06.234248+00:00,268.01
-25.6754376,28.2225241,SINOVILLE,PAFURI AVENUE,TSH,79900050,https://powerfailure.tshwane.gov.za/Tshwanesms/Map.aspx,"-25.6754,28.2225|SINOVILLE#0",2026-10-03 13:19:32.931617+00:00,2026-10-10 12:24:06.234248+00:00,167.08
-25.6796967,28.2234944,SINOVILLE,STEENBRAS AVENUE,TSH,79900050,https://powerfailure.tshwane.gov.za/Tshwanesms/Map.aspx,"-25.6797,28.2235|SINOVILLE#0",2026-10-06 17:09:53.951304+00:00,2026-10-10 12:24:06.234248+00:00,91.24
-25.6846777,28.2232634,SINOVILLE,LIMPOPO AVENUE,TSH,79900050,https://powerfailure.tshwane.gov.za/Tshwanesms/Map.aspx,"-25.6847,28.2233|SINOVILLE#0",2026-10-06 17:09:53.951304+00:00,2026-10-10 12:24:06.234248+00:00,91.24
-25.6877441,28.2245641,SINOVILLE,DOMINIKA STREET,TSH,79900050,https://powerfailure.tshwane.gov.za/Tshwanesms/Map.aspx,"-25.6877,28.2246|SINOVILLE#0",2026-10-09 13:08:42.013082+00:00,2026-10-10 12:24:06.234248+00:00,23.26
-25.6886647,28.2185189,SINOVILLE,KNYSNA AVENUE,TSH,79900050,https://powerfailure.tshwane.gov.za/Tshwanesms/Map.aspx,"-25.6887,28.2185|SINOVILLE#0",2026-10-06 10:08:41.992184+00:00,2026-10-10 12:24:06.234248+00:00,98.26
-25.676641,28.2162511,SINOVILLE,ANTUN STREET,TSH,79900050,https://powerfailure.tshwane.gov.za/Tshwanesms/Map.aspx,"-25.6766,28.2163|SINOVILLE#0",2026-10-06 10:08:41.992184+00:00,2026-10-10 12:24:06.234248+00:00,98.26
-25.6732699,28.2128855,SINOVILLE,MARJORAM AVENUE,TSH,79900050,https://powerfailure.tshwane.gov.za/Tshwanesms/Map.aspx,"-25.6733,28.2129|SINOVILLE#0",2026-10-05 22:35:03.937620+00:00,2026-10-10 12:24:06.234248+00:00,109.82
-25.7447001,28.2976714,VAL-DE-GRACE,STAMVRUG STREET,TSH,79900041,https://powerfailure.tshwane.gov.za/Tshwanesms/Map.aspx,"-25.7447,28.2977|VAL-DE-GRACE#0",2026-10-09 13:08:42.013082+00:00,2026-10-10 12:24:06.234248+00:00,23.26
-25.7456542,28.29674,VAL-DE-GRACE,NABOOM STREET,TSH,79900041,https://powerfailure.tshwane.gov.za/Tshwanesms/Map.aspx,"-25.7457,28.2967|VAL-DE-GRACE#0",2026-10-01 13:04:14.443671+00:00,2026-10-10 12:24:06.234248+00:00,215.33
-25.7440445,28.2944134,VAL-DE-GRACE X08,ONIDA AVENUE,TSH,79900041,https://powerfailure.tshwane.gov.za/Tshwanesms/Map.aspx,"-25.7440,28.2944|VAL-DE-GRACE X08#0",2026-10-10 12:24:06.234248+00:00,2026-10-10 12:24:06.234248+00:00,0.0
-25.8469484,28.1450927,WIERDAPARK X01,ORIOLE AVENUE,TSH,79900070,https://powerfailure.tshwane.gov.za/Tshwanesms/Map.aspx,"-25.8469,28.1451|WIERDAPARK X01#0",2026-10-10 12:24:06.234248+00:00,2026-10-10 12:24:06.234248+00:00,0.0
-25.8460352,28.1468055,WIERDAPARK X01,BOSDUIF CRESCENT,TSH,79900070,https://powerfailure.tshwane.gov.za/Tshwanesms/Map.aspx,"-25.8460,28.1468|WIERDAPARK X01#0",2026-10-10 12:24:06.234248+00:00,2026-10-10 12:24:06.234248+00:00,0.0
-25.8461271,28.1476082,WIERDAPARK X01,BOSDUIF CRESCENT,TSH,79900070,https://powerfailure.tshwane.gov.za/Tshwanesms/Map.aspx,"-25.8461,28.1476|WIERDAPARK X01#0",2026-10-10 12:24:06.234248+00:00,2026-10-10 12:24:06.234248+00:00,0.0
-25.8507018,28.1467975,WIERDAPARK X01,THEO STREET,TSH,79900070,https://powerfailure.tshwane.gov.za/Tshwanesms/Map.aspx,"-25.8507,28.1468|WIERDAPARK X01#0",2026-10-10 12:24:06.234248+00:00,2026-10-10 12:24:06.234248+00:00,0.0
-25.8513486,28.1435664,WIERDAPARK X01,THEO STREET,TSH,79900070,https://powerfailure.tshwane.gov.za/Tshwanesms/Map.aspx,"-25.8513,28.1436|WIERDAPARK X01#0",2026-10-10 12:24:06.234248+00:00,2026-10-10 12:24:06.234248+00:00,0.0
-25.8550549,28.1346892,WIERDAPARK X06,GEELVINK ROAD,TSH,79900070,https://powerfailure.tshwane.gov.za/Tshwanesms/Map.aspx,"-25.8551,28.1347|WIERDAPARK X06#0",2026-10-10 12:24:06.234248+00:00,2026-10-10 12:24:06.234248+00:00,0.0
-25.8555876,28.1362581,WIERDAPARK X06,THEUNS VAN NIEKERK STREET,TSH,79900070,https://powerfailure.tshwane.gov.za/Tshwanesms/Map.aspx,"-25.8556,28.1363|WIERDAPARK X06#0",2026-10-10 12:24:06.234248+00:00,2026-10-10 12:24:06.234248+00:00,0.0
-25.8649015,28.1514986,WIERDAPARK X05,PORCHE AVENUE,TSH,79900070,https://powerfailure.tshwane.gov.za/Tshwanesms/Map.aspx,"-25.8649,28.1515|WIERDAPARK X05#0",2026-10-10 12:24:06.234248+00:00,2026-10-10 12:24:06.234248+00:00,0.0
-25.7734458,28.3404148,WILLOWGLEN AH X01,MEERLUST ROAD,TSH,79900085,https://powerfailure.tshwane.gov.za/Tshwanesms/Map.aspx,"-25.7734,28.3404|WILLOWGLEN AH X01#0",2026-10-05 15:56:27.539408+00:00,2026-10-10 12:24:06.234248+00:00,116.46
-25.7497543,28.3365587,WILLOW PARK MANOR X 42,NORA STREET,TSH,79900041,https://powerfailure.tshwane.gov.za/Tshwanesms/Map.aspx,"-25.7498,28.3366|WILLOW PARK MANOR X 42#0",2026-10-01 05:43:47.300229+00:00,2026-10-10 12:24:06.234248+00:00,222.67
-25.6584998,28.1625442,WOLMER,JOPIE FOURIE STREET,TSH,79900002,https://powerfailure.tshwane.gov.za/Tshwanesms/Map.aspx,"-25.6585,28.1625|WOLMER#0",2026-10-09 13:08:42.013082+00:00,2026-10-10 12:24:06.234248+00:00,23.26
-25.658448,28.1641213,WOLMER,BROODRYK STREET,TSH,79900002,https://powerfailure.tshwane.gov.za/Tshwanesms/Map.aspx,"-25.6584,28.1641|WOLMER#0",2026-10-09 13:08:42.013082+00:00,2026-10-10 12:24:06.234248+00:00,23.26
-25.6588911,28.1656547,WOLMER,BAKENKLOOF STREET,TSH,79900002,https://powerfailure.tshwane.gov.za/Tshwanesms/Map.aspx,"-25.6589,28.1657|WOLMER#0",2026-10-09 13:08:42.013082+00:00,2026-10-10 12:24:06.234248+00:00,23.26
-25.6625567,28.1597465,WOLMER,HORN STREET,TSH,79900002,https://powerfailure.tshwane.gov.za/Tshwanesms/Map.aspx,"-25.6626,28.1597|WOLMER#0",2026-10-09 13:08:42.013082+00:00,2026-10-10 12:24:06.234248+00:00,23.26
-25.6691654,28.1593328,WOLMER,HORN STREET,TSH,79900002,https://powerfailure.tshwane.gov.za/Tshwanesms/Map.aspx,"-25.6692,28.1593|WOLMER#0",2026-10-09 13:08:42.013082+00:00,2026-10-10 12:24:06.234248+00:00,23.26
-25.6593699,28.1637283,WOLMER,JOPIE FOURIE STREET,TSH,79900002,https://powerfailure.tshwane.gov.za/Tshwanesms/Map.aspx,"-25.6594,28.1637|WOLMER#0",2026-10-09 13:08:42.013082+00:00,2026-10-10 12:24:06.234248+00:00,23.26
-25.8182353,28.3610578,ZWAVELPOORT 373-JR,PL MK-051-07,TSH,79900101,https://powerfailure.tshwane.gov.za/Tshwanesms/Map.aspx,"-25.8182,28.3611|ZWAVELPOORT 373-JR#0",2026-09-23 15:54:26.696532+00:00,2026-10-10 12:24:06.234248+00:00,404.49
-25.6785683,28.1124092,AMANDASIG,FEROX STREET,TSH,79900098,https://powerfailure.tshwane.gov.za/Tshwanesms/Map.aspx,"-25.6786,28.1124|AMANDASIG#0",2026-09-23 15:54:26.696532+00:00,2026-10-10 12:24:06.234248+00:00,404.49
-25.6860893,28.1480395,NINAPARK X27,ALBATROS STREET,TSH,79900098,https://powerfailure.tshwane.gov.za/Tshwanesms/Map.aspx,"-25.6861,28.1480|NINAPARK X27#0",2026-10-09 13:08:42.013082+00:00,2026-10-10 12:24:06.234248+00:00,23.26
-25.6613259,28.1038519,KARENPARK X10,SILKY OAK,TSH,79900004,https://powerfailure.tshwane.gov.za/Tshwanesms/Map.aspx,"-25.6613,28.1039|KARENPARK X10#0",2026-09-23 15:54:26.696532+00:00,2026-10-10 12:24:06.234248+00:00,404.49
-25.6613188,28.1101431,KARENPARK X41,PEARL BUSH CRESCENT,TSH,79900004,https://powerfailure.tshwane.gov.za/Tshwanesms/Map.aspx,"-25.6613,28.1101|KARENPARK X41#0",2026-09-23 15:54:26.696532+00:00,2026-10-10 12:24:06.234248+00:00,404.49
-25.5569278,28.0509254,SOSHANGUVE SOUTH X01,STAND 1122,TSH,79900039,https://powerfailure.tshwane.gov.za/Tshwanesms/Map.aspx,"-25.5569,28.0509|SOSHANGUVE SOUTH X01#0",2026-10-09 13:08:42.013082+00:00,2026-10-10 12:24:06.234248+00:00,23.26
-25.5551998,28.0583209,SOSHANGUVE SOUTH X01,STAND 2885,TSH,79900039,https://powerfailure.tshwane.gov.za/Tshwanesms/Map.aspx,"-25.5552,28.0583|SOSHANGUVE SOUTH X01#0",2026-10-06 10:08:41.992184+00:00,2026-10-10 12:24:06.234248+00:00,98.26
-25.8327983,28.147908,ELDORAIGNE,LORENTZ ROAD,TSH,79900069,https://powerfailure.tshwane.gov.za/Tshwanesms/Map.aspx,"-25.8328,28.1479|ELDORAIGNE#0",2026-10-10 12:24:06.234248+00:00,2026-10-10 12:24:06.234248+00:00,0.0
-25.8325679,28.1492979,ELDORAIGNE,LORENTZ ROAD,TSH,79900069,https://powerfailure.tshwane.gov.za/Tshwanesms/Map.aspx,"-25.8326,28.1493|ELDORAIGNE#0",2026-10-10 12:24:06.234248+00:00,2026-10-10 12:24:06.234248+00:00,0.0
-25.8399866,28.1484418,ELDORAIGNE,GEORGE ROAD,TSH,79900069,https://powerfailure.tshwane.gov.za/Tshwanesms/Map.aspx,"-25.8400,28.1484|ELDORAIGNE#0",2026-10-10 12:24:06.234248+00:00,2026-10-10 12:24:06.234248+00:00,0.0
-25.8407536,28.1513028,ELDORAIGNE,SAXBY AVENUE WEST,TSH,79900069,https://powerfailure.tshwane.gov.za/Tshwanesms/Map.aspx,"-25.8408,28.1513|ELDORAIGNE#0",2026-10-10 12:24:06.234248+00:00,2026-10-10 12:24:06.234248+00:00,0.0
-25.8408512,28.1547068,ELDORAIGNE,WEAVIND AVENUE,TSH,79900069,https://powerfailure.tshwane.gov.za/Tshwanesms/Map.aspx,"-25.8409,28.1547|ELDORAIGNE#0",2026-10-10 12:24:06.234248+00:00,2026-10-10 12:24:06.234248+00:00,0.0
-25.8411557,28.1548896,ELDORAIGNE,SAXBY AVENUE EAST,TSH,79900069,https://powerfailure.tshwane.gov.za/Tshwanesms/Map.aspx,"-25.8412,28.1549|ELDORAIGNE#0",2026-10-10 12:24:06.234248+00:00,2026-10-10 12:24:06.234248+00:00,0.0
-25.8338491,28.1553515,ELDORAIGNE X01,HYDE AVENUE,TSH,79900069,https://powerfailure.tshwane.gov.za/Tshwanesms/Map.aspx,"-25.8338,28.1554|ELDORAIGNE X01#0",2026-10-10 12:24:06.234248+00:00,2026-10-10 12:24:06.234248+00:00,0.0
-25.8311949,28.1575907,ELDORAIGNE X01,JAN ROAD,TSH,79900069,https://powerfailure.tshwane.gov.za/Tshwanesms/Map.aspx,"-25.8312,28.1576|ELDORAIGNE X01#0",2026-10-10 12:24:06.234248+00:00,2026-10-10 12:24:06.234248+00:00,0.0
-25.8398996,28.161323,ELDORAIGNE X01,FREDERIK AVENUE,TSH,79900069,https://powerfailure.tshwane.gov.za/Tshwanesms/Map.aspx,"-25.8399,28.1613|ELDORAIGNE X01#0",2026-10-10 12:24:06.234248+00:00,2026-10-10 12:24:06.234248+00:00,0.0
-25.8447326,28.1607584,ELDORAIGNE X01,WILHELM ROAD,TSH,79900069,https://powerfailure.tshwane.gov.za/Tshwanesms/Map.aspx,"-25.8447,28.1608|ELDORAIGNE X01#0",2026-10-10 12:24:06.234248+00:00,2026-10-10 12:24:06.234248+00:00,0.0
-25.844744,28.1585267,ELDORAIGNE X01,MARINUS ROAD,TSH,79900069,https://powerfailure.tshwane.gov.za/Tshwanesms/Map.aspx,"-25.8447,28.1585|ELDORAIGNE X01#0",2026-10-10 12:24:06.234248+00:00,2026-10-10 12:24:06.234248+00:00,0.0
-25.8458629,28.1578329,ELDORAIGNE X01,KOOS SMAL ROAD,TSH,79900069,https://powerfailure.tshwane.gov.za/Tshwanesms/Map.aspx,"-25.8459,28.1578|ELDORAIGNE X01#0",2026-10-10 12:24:06.234248+00:00,2026-10-10 12:24:06.234248+00:00,0.0
-25.8492052,28.1601606,ELDORAIGNE X01,EDWARDS ROAD,TSH,79900069,https://powerfailure.tshwane.gov.za/Tshwanesms/Map.aspx,"-25.8492,28.1602|ELDORAIGNE X01#0",2026-10-10 12:24:06.234248+00:00,2026-10-10 12:24:06.234248+00:00,0.0
-25.8450207,28.1517942,ELDORAIGNE X02,KIEPERSOL ROAD,TSH,79900069,https://powerfailure.tshwane.gov.za/Tshwanesms/Map.aspx,"-25.8450,28.1518|ELDORAIGNE X02#0",2026-10-10 12:24:06.234248+00:00,2026-10-10 12:24:06.234248+00:00,0.0
-25.8631135,28.156337,ELDORAIGNE X09,BARRY HERTZOG STREET,TSH,79900069,https://powerfailure.tshwane.gov.za/Tshwanesms/Map.aspx,"-25.8631,28.1563|ELDORAIGNE X09#0",2026-10-10 12:24:06.234248+00:00,2026-10-10 12:24:06.234248+00:00,0.0
-25.8635488,28.1559158,ELDORAIGNE X09,MILNER STREET,TSH,79900069,https://powerfailure.tshwane.gov.za/Tshwanesms/Map.aspx,"-25.8635,28.1559|ELDORAIGNE X09#0",2026-10-10 12:24:06.234248+00:00,2026-10-10 12:24:06.234248+00:00,0.0
-25.8580582,28.1558016,ELDORAIGNE X06,CALEY STREET,TSH,79900069,https://powerfailure.tshwane.gov.za/Tshwanesms/Map.aspx,"-25.8581,28.1558|ELDORAIGNE X06#0",2026-10-10 12:24:06.234248+00:00,2026-10-10 12:24:06.234248+00:00,0.0
-25.8616503,28.1568796,ELDORAIGNE X06,BRINK STREET,TSH,79900069,https://powerfailure.tshwane.gov.za/Tshwanesms/Map.aspx,"-25.8617,28.1569|ELDORAIGNE X06#0",2026-10-10 12:24:06.234248+00:00,2026-10-10 12:24:06.234248+00:00,0.0
-25.8622143,28.1556129,ELDORAIGNE X06,BLOEM STREET,TSH,79900069,https://powerfailure.tshwane.gov.za/Tshwanesms/Map.aspx,"-25.8622,28.1556|ELDORAIGNE X06#0",2026-10-10 12:24:06.234248+00:00,2026-10-10 12:24:06.234248+00:00,0.0
-25.8548644,28.1544372,ELDORAIGNE X11,COLLEEN NOOK,TSH,79900069,https://powerfailure.tshwane.gov.za/Tshwanesms/Map.aspx,"-25.8549,28.1544|ELDORAIGNE X11#0",2026-10-10 12:24:06.234248+00:00,2026-10-10 12:24:06.234248+00:00,0.0
-25.8504255,28.1580923,ELDORAIGNE,MULDER'S MILE .,TSH,79900069,https://powerfailure.tshwane.gov.za/Tshwanesms/Map.aspx,"-25.8504,28.1581|ELDORAIGNE#0",2026-10-10 12:24:06.234248+00:00,2026-10-10 12:24:06.234248+00:00,0.0
-25.8618669,28.1611392,ELDORAIGNE X03,WILLEM ROAD,TSH,79900069,https://powerfailure.tshwane.gov.za/Tshwanesms/Map.aspx,"-25.8619,28.1611|ELDORAIGNE X03#0",2026-10-10 12:24:06.234248+00:00,2026-10-10 12:24:06.234248+00:00,0.0
-25.860596,28.1608689,ELDORAIGNE X03,SWART STREET,TSH,79900069,https://powerfailure.tshwane.gov.za/Tshwanesms/Map.aspx,"-25.8606,28.1609|ELDORAIGNE X03#0",2026-10-10 12:24:06.234248+00:00,2026-10-10 12:24:06.234248+00:00,0.0
-25.8615725,28.1577512,ELDORAIGNE X03,BRINK STREET,TSH,79900069,https://powerfailure.tshwane.gov.za/Tshwanesms/Map.aspx,"-25.8616,28.1578|ELDORAIGNE X03#0",2026-10-10 12:24:06.234248+00:00,2026-10-10 12:24:06.234248+00:00,0.0
-25.8640181,28.1591129,ELDORAIGNE X03,RUSTIGER AVENUE,TSH,79900069,https://powerfailure.tshwane.gov.za/Tshwanesms/Map.aspx,"-25.8640,28.1591|ELDORAIGNE X03#0",2026-10-10 12:24:06.234248+00:00,2026-10-10 12:24:06.234248+00:00,0.0
-25.855338,28.1550159,ELDORAIGNE X19,IRELAND AVENUE,TSH,79900069,https://powerfailure.tshwane.gov.za/Tshwanesms/Map.aspx,"-25.8553,28.1550|ELDORAIGNE X19#0",2026-10-10 12:24:06.234248+00:00,2026-10-10 12:24:06.234248+00:00,0.0
-25.8547166,28.1561798,ELDORAIGNE,ILANDA PLACE,TSH,79900069,https://powerfailure.tshwane.gov.za/Tshwanesms/Map.aspx,"-25.8547,28.1562|ELDORAIGNE#0",2026-10-10 12:24:06.234248+00:00,2026-10-10 12:24:06.234248+00:00,0.0
-25.8421973,28.143238,ELDORAIGNE X23,TWANI'S NOEKIE .,TSH,79900070,https://powerfailure.tshwane.gov.za/Tshwanesms/Map.aspx,"-25.8422,28.1432|ELDORAIGNE X23#0",2026-10-10 12:24:06.234248+00:00,2026-10-10 12:24:06.234248+00:00,0.0
-25.8422633,28.140137,ELDORAIGNE X23,QUMI S CRESCENT,TSH,79900070,https://powerfailure.tshwane.gov.za/Tshwanesms/Map.aspx,"-25.8423,28.1401|ELDORAIGNE X23#0",2026-10-10 12:24:06.234248+00:00,2026-10-10 12:24:06.234248+00:00,0.0
-25.8415903,28.136803,ELDORAIGNE X28,MEGAN STREET,TSH,79900070,https://powerfailure.tshwane.gov.za/Tshwanesms/Map.aspx,"-25.8416,28.1368|ELDORAIGNE X28#0",2026-10-10 12:24:06.234248+00:00,2026-10-10 12:24:06.234248+00:00,0.0
-25.8578179,28.1521701,ELDORAIGNE X27,JUSTIN CRESCENT,TSH,79900069,https://powerfailure.tshwane.gov.za/Tshwanesms/Map.aspx,"-25.8578,28.1522|ELDORAIGNE X27#0",2026-10-10 12:24:06.234248+00:00,2026-10-10 12:24:06.234248+00:00,0.0
-25.85818,28.1527912,ELDORAIGNE X27,JUSTIN CRESCENT,TSH,79900069,https://powerfailure.tshwane.gov.za/Tshwanesms/Map.aspx,"-25.8582,28.1528|ELDORAIGNE X27#0",2026-10-10 12:24:06.234248+00:00,2026-10-10 12:24:06.234248+00:00,0.0
-25.8353737,28.1497504,ELDORAIGNE,DE HOEVE ROAD,TSH,79900069,https://powerfailure.tshwane.gov.za/Tshwanesms/Map.aspx,"-25.8354,28.1498|ELDORAIGNE#0",2026-10-10 12:24:06.234248+00:00,2026-10-10 12:24:06.234248+00:00,0.0
-25.8420292,28.1451137,ELDORAIGNE X33,LINDIE CLOSE,TSH,79900070,https://powerfailure.tshwane.gov.za/Tshwanesms/Map.aspx,"-25.8420,28.1451|ELDORAIGNE X33#0",2026-10-10 12:24:06.234248+00:00,2026-10-10 12:24:06.234248+00:00,0.0
-25.838914,28.1278667,ELDORAIGNE X31,WATERBUCK AVENUE,TSH,79900070,https://powerfailure.tshwane.gov.za/Tshwanesms/Map.aspx,"-25.8389,28.1279|ELDORAIGNE X31#0",2026-10-10 12:24:06.234248+00:00,2026-10-10 12:24:06.234248+00:00,0.0
-25.8396638,28.1291244,ELDORAIGNE X31,BLESBUCK AVENUE,TSH,79900070,https://powerfailure.tshwane.gov.za/Tshwanesms/Map.aspx,"-25.8397,28.1291|ELDORAIGNE X31#0",2026-10-10 12:24:06.234248+00:00,2026-10-10 12:24:06.234248+00:00,0.0
-25.8388441,28.1363712,ELDORAIGNE X38,PESETAS STREET,TSH,79900070,https://powerfailure.tshwane.gov.za/Tshwanesms/Map.aspx,"-25.8388,28.1364|ELDORAIGNE X38#0",2026-10-10 12:24:06.234248+00:00,2026-10-10 12:24:06.234248+00:00,0.0
-25.8357367,28.1336487,ELDORAIGNE X40,TALA STREET,TSH,79900070,https://powerfailure.tshwane.gov.za/Tshwanesms/Map.aspx,"-25.8357,28.1336|ELDORAIGNE X40#0",2026-10-10 12:24:06.234248+00:00,2026-10-10 12:24:06.234248+00:00,0.0
-25.8343846,28.1378073,ELDORAIGNE X42,FINSKA STREET,TSH,79900070,https://powerfailure.tshwane.gov.za/Tshwanesms/Map.aspx,"-25.8344,28.1378|ELDORAIGNE X42#0",2026-10-10 12:24:06.234248+00:00,2026-10-10 12:24:06.234248+00:00,0.0
-25.8666936,28.1544848,ELDORAIGNE X47,18 LANCIA STREET TULIP PARK,TSH,79900069,https://powerfailure.tshwane.gov.za/Tshwanesms/Map.aspx,"-25.8667,28.1545|ELDORAIGNE X47#0",2026-10-10 12:24:06.234248+00:00,2026-10-10 12:24:06.234248+00:00,0.0
-25.8355857,28.1411879,ELDORAIGNE X53,BOSCHENDAL DRIVE,TSH,79900070,https://powerfailure.tshwane.gov.za/Tshwanesms/Map.aspx,"-25.8356,28.1412|ELDORAIGNE X53#0",2026-10-10 12:24:06.234248+00:00,2026-10-10 12:24:06.234248+00:00,0.0
-25.4492379,28.1235633,SOSHANGUVE-W,STAND,TSH,79900027,https://powerfailure.tshwane.gov.za/Tshwanesms/Map.aspx,"-25.4492,28.1236|SOSHANGUVE-W#0",2026-09-28 21:54:04.654174+00:00,2026-10-10 12:24:06.234248+00:00,278.5
-25.6935584,28.4079779,MAMELODI X17,M SHICEKA CRESENT,TSH,79900093,https://powerfailure.tshwane.gov.za/Tshwanesms/Map.aspx,"-25.6936,28.4080|MAMELODI X17#0",2026-09-23 15:54:26.696532+00:00,2026-10-10 12:24:06.234248+00:00,404.49
-25.7371443,28.3130722,MEYERSPARK,SHOLTO DOUGLAS STREET,TSH,79900041,https://powerfailure.tshwane.gov.za/Tshwanesms/Map.aspx,"-25.7371,28.3131|MEYERSPARK#0",2026-10-05 15:56:27.539408+00:00,2026-10-10 12:24:06.234248+00:00,116.46
-25.7379646,28.3155676,MEYERSPARK,ANNE MARIE STREET,TSH,79900041,https://powerfailure.tshwane.gov.za/Tshwanesms/Map.aspx,"-25.7380,28.3156|MEYERSPARK#0",2026-10-09 13:08:42.013082+00:00,2026-10-10 12:24:06.234248+00:00,23.26
-25.7382843,28.3195327,MEYERSPARK,STAND,TSH,79900041,https://powerfailure.tshwane.gov.za/Tshwanesms/Map.aspx,"-25.7383,28.3195|MEYERSPARK#0",2026-10-09 13:08:42.013082+00:00,2026-10-10 12:24:06.234248+00:00,23.26
-25.7402885,28.3163764,MEYERSPARK,ERASMUS STREET,TSH,79900041,https://powerfailure.tshwane.gov.za/Tshwanesms/Map.aspx,"-25.7403,28.3164|MEYERSPARK#0",2026-10-07 10:10:01.835441+00:00,2026-10-10 12:24:06.234248+00:00,74.23
-25.7398841,28.3162701,MEYERSPARK,MANSER STREET,TSH,79900041,https://powerfailure.tshwane.gov.za/Tshwanesms/Map.aspx,"-25.7399,28.3163|MEYERSPARK#0",2026-10-08 17:51:27.458247+00:00,2026-10-10 12:24:06.234248+00:00,42.54
-25.7419944,28.310322,MEYERSPARK,ODENDAAL STREET,TSH,79900041,https://powerfailure.tshwane.gov.za/Tshwanesms/Map.aspx,"-25.7420,28.3103|MEYERSPARK#0",2026-10-08 17:51:27.458247+00:00,2026-10-10 12:24:06.234248+00:00,42.54
-25.7425132,28.3148949,MEYERSPARK,CARINUS STREET,TSH,79900041,https://powerfailure.tshwane.gov.za/Tshwanesms/Map.aspx,"-25.7425,28.3149|MEYERSPARK#0",2026-10-08 17:51:27.458247+00:00,2026-10-10 12:24:06.234248+00:00,42.54
-25.7431716,28.3172688,MEYERSPARK,CARINUS STREET,TSH,79900041,https://powerfailure.tshwane.gov.za/Tshwanesms/Map.aspx,"-25.7432,28.3173|MEYERSPARK#0",2026-10-08 17:51:27.458247+00:00,2026-10-10 12:24:06.234248+00:00,42.54
-25.744213,28.3088186,MEYERSPARK,VAN NIEKERK STREET,TSH,79900041,https://powerfailure.tshwane.gov.za/Tshwanesms/Map.aspx,"-25.7442,28.3088|MEYERSPARK#0",2026-10-08 17:51:27.458247+00:00,2026-10-10 12:24:06.234248+00:00,42.54
-25.7394135,28.3202914,MEYERSPARK X01,MANSER STREET,TSH,79900041,https://powerfailure.tshwane.gov.za/Tshwanesms/Map.aspx,"-25.7394,28.3203|MEYERSPARK X01#0",2026-10-08 17:51:27.458247+00:00,2026-10-10 12:24:06.234248+00:00,42.54
-25.7422518,28.3207841,MEYERSPARK X02,ODENDAAL STREET,TSH,79900041,https://powerfailure.tshwane.gov.za/Tshwanesms/Map.aspx,"-25.7423,28.3208|MEYERSPARK X02#0",2026-10-08 17:51:27.458247+00:00,2026-10-10 12:24:06.234248+00:00,42.54
-25.7407645,28.323075,MEYERSPARK X03,KRITZINGER STREET,TSH,79900041,https://powerfailure.tshwane.gov.za/Tshwanesms/Map.aspx,"-25.7408,28.3231|MEYERSPARK X03#0",2026-10-08 17:51:27.458247+00:00,2026-10-10 12:24:06.234248+00:00,42.54
-25.7453311,28.3042651,MEYERSPARK X04,EMMARENTIA STREET,TSH,79900041,https://powerfailure.tshwane.gov.za/Tshwanesms/Map.aspx,"-25.7453,28.3043|MEYERSPARK X04#0",2026-10-07 10:10:01.835441+00:00,2026-10-10 12:24:06.234248+00:00,74.23
-25.7446417,28.3026446,MEYERSPARK X07,NINA STREET,TSH,79900041,https://powerfailure.tshwane.gov.za/Tshwanesms/Map.aspx,"-25.7446,28.3026|MEYERSPARK X07#0",2026-10-07 10:10:01.835441+00:00,2026-10-10 12:24:06.234248+00:00,74.23
-25.7412816,28.3276497,MEYERSPARK X08,PARABOOL STREET,TSH,79900041,https://powerfailure.tshwane.gov.za/Tshwanesms/Map.aspx,"-25.7413,28.3276|MEYERSPARK X08#0",2026-10-05 22:35:03.937620+00:00,2026-10-10 12:24:06.234248+00:00,109.82
-25.7419551,28.3261054,MEYERSPARK X08,POLIGOON STREET,TSH,79900041,https://powerfailure.tshwane.gov.za/Tshwanesms/Map.aspx,"-25.7420,28.3261|MEYERSPARK X08#0",2026-10-05 15:56:27.539408+00:00,2026-10-10 12:24:06.234248+00:00,116.46
-25.741674,28.3253378,MEYERSPARK X08,POLIGOON STREET,TSH,79900041,https://powerfailure.tshwane.gov.za/Tshwanesms/Map.aspx,"-25.7417,28.3253|MEYERSPARK X08#0",2026-10-07 23:02:05.111773+00:00,2026-10-10 12:24:06.234248+00:00,61.37
-25.7404433,28.3242463,MEYERSPARK X08,SIMMETRIE STREET,TSH,79900041,https://powerfailure.tshwane.gov.za/Tshwanesms/Map.aspx,"-25.7404,28.3242|MEYERSPARK X08#0",2026-10-07 23:02:05.111773+00:00,2026-10-10 12:24:06.234248+00:00,61.37
-25.7371827,28.3187224,MEYERSPARK X08,KRITZINGER STREET,TSH,79900041,https://powerfailure.tshwane.gov.za/Tshwanesms/Map.aspx,"-25.7372,28.3187|MEYERSPARK X08#0",2026-10-05 06:56:42.468331+00:00,2026-10-10 12:24:06.234248+00:00,125.46
-25.6629595,28.2532752,MONTANA X39,TAHITI AVENUE,TSH,79900096,https://powerfailure.tshwane.gov.za/Tshwanesms/Map.aspx,"-25.6630,28.2533|MONTANA X39#0",2026-10-09 19:30:15.533813+00:00,2026-10-10 12:24:06.234248+00:00,16.9
-25.6851049,28.2692797,MONTANA AH X02,PL W-092-07E-04-21 VEDA AVE,TSH,79900005,https://powerfailure.tshwane.gov.za/Tshwanesms/Map.aspx,"-25.6851,28.2693|MONTANA AH X02#0",2026-09-23 15:54:26.696532+00:00,2026-10-10 12:24:06.234248+00:00,404.49
-25.7332596,28.3598947,NELLMAPIUS X04,POELANO STREET,TSH,79900028,https://powerfailure.tshwane.gov.za/Tshwanesms/Map.aspx,"-25.7333,28.3599|NELLMAPIUS X04#0",2026-09-23 15:54:26.696532+00:00,2026-10-10 12:24:06.234248+00:00,404.49
-25.7315366,28.3583453,NELLMAPIUS X04,BOLOKA STREET,TSH,79900028,https://powerfailure.tshwane.gov.za/Tshwanesms/Map.aspx,"-25.7315,28.3583|NELLMAPIUS X04#0",2026-09-26 14:25:10.204350+00:00,2026-10-10 12:24:06.234248+00:00,333.98
-25.7370108,28.3567909,NELLMAPIUS X04,FEES STREET,TSH,79900086,https://powerfailure.tshwane.gov.za/Tshwanesms/Map.aspx,"-25.7370,28.3568|NELLMAPIUS X04#0",2026-09-23 15:54:26.696532+00:00,2026-10-10 12:24:06.234248+00:00,404.49
-25.7378828,28.3638031,NELLMAPIUS X04,THETO STREET,TSH,79900086,https://powerfailure.tshwane.gov.za/Tshwanesms/Map.aspx,"-25.7379,28.3638|NELLMAPIUS X04#0",2026-10-05 06:56:42.468331+00:00,2026-10-10 12:24:06.234248+00:00,125.46
-25.7406665,28.3607542,NELLMAPIUS,RAPELANG STREET,TSH,79900086,https://powerfailure.tshwane.gov.za/Tshwanesms/Map.aspx,"-25.7407,28.3608|NELLMAPIUS#0",2026-10-06 17:09:53.951304+00:00,2026-10-10 12:24:06.234248+00:00,91.24
-25.7463646,28.3629212,NELLMAPIUS X04,HLAGISA STREET,TSH,79900086,https://powerfailure.tshwane.gov.za/Tshwanesms/Map.aspx,"-25.7464,28.3629|NELLMAPIUS X04#0",2026-09-23 15:54:26.696532+00:00,2026-10-10 12:24:06.234248+00:00,404.49
-25.7427512,28.3508257,NELLMAPIUS X04,MMAPULA STREET,TSH,79900086,https://powerfailure.tshwane.gov.za/Tshwanesms/Map.aspx,"-25.7428,28.3508|NELLMAPIUS X04#0",2026-09-23 15:54:26.696532+00:00,2026-10-10 12:24:06.234248+00:00,404.49
-25.7428012,28.3518722,NELLMAPIUS X04,LEBISA STREET,TSH,79900086,https://powerfailure.tshwane.gov.za/Tshwanesms/Map.aspx,"-25.7428,28.3519|NELLMAPIUS X04#0",2026-09-23 15:54:26.696532+00:00,2026-10-10 12:24:06.234248+00:00,404.49
-25.7328642,28.346758,NELLMAPIUS X12,DICHELA  STREET,TSH,79900086,https://powerfailure.tshwane.gov.za/Tshwanesms/Map.aspx,"-25.7329,28.3468|NELLMAPIUS X12#0",2026-10-05 06:56:42.468331+00:00,2026-10-10 12:24:06.234248+00:00,125.46
-25.7281524,28.3748124,NELLMAPIUS X06,MAGNESIUM CRESCENT,TSH,79900015,https://powerfailure.tshwane.gov.za/Tshwanesms/Map.aspx,"-25.7282,28.3748|NELLMAPIUS X06#0",2026-09-23 15:54:26.696532+00:00,2026-10-10 12:24:06.234248+00:00,404.49
-25.7586074,28.136181,PROCLAMATION HILL,COBALT STREET,TSH,79900003,https://powerfailure.tshwane.gov.za/Tshwanesms/Map.aspx,"-25.7586,28.1362|PROCLAMATION HILL#0",2026-10-10 12:24:06.234248+00:00,2026-10-10 12:24:06.234248+00:00,0.0
-25.8554534,28.1246965,RASLOUW AH,ERASMUS AVENUE,TSH,79900070,https://powerfailure.tshwane.gov.za/Tshwanesms/Map.aspx,"-25.8555,28.1247|RASLOUW AH#0",2026-10-10 12:24:06.234248+00:00,2026-10-10 12:24:06.234248+00:00,0.0
-25.8609353,28.1250421,RASLOUW AH,ERASMUS AVENUE,TSH,79900070,https://powerfailure.tshwane.gov.za/Tshwanesms/Map.aspx,"-25.8609,28.1250|RASLOUW AH#0",2026-10-10 12:24:06.234248+00:00,2026-10-10 12:24:06.234248+00:00,0.0
-25.868358,28.1314952,RASLOUW AH,ALETTA AVENUE,TSH,79900070,https://powerfailure.tshwane.gov.za/Tshwanesms/Map.aspx,"-25.8684,28.1315|RASLOUW AH#0",2026-10-10 12:24:06.234248+00:00,2026-10-10 12:24:06.234248+00:00,0.0
-25.7208693,28.7185591,RETHABISENG X03,RETHABISENG,TSH,79900103,https://powerfailure.tshwane.gov.za/Tshwanesms/Map.aspx,"-25.7209,28.7186|RETHABISENG X03#0",2026-09-28 21:54:04.654174+00:00,2026-10-10 12:24:06.234248+00:00,278.5
-25.7253848,28.7130448,RETHABISENG X04,RETHABISENG,TSH,79900103,https://powerfailure.tshwane.gov.za/Tshwanesms/Map.aspx,"-25.7254,28.7130|RETHABISENG X04#0",2026-09-30 13:37:49.273392+00:00,2026-10-10 12:24:06.234248+00:00,238.77
-25.4482412,28.0807871,SOSHANGUVE-JJ,STAND 98,TSH,79900011,https://powerfailure.tshwane.gov.za/Tshwanesms/Map.aspx,"-25.4482,28.0808|SOSHANGUVE-JJ#0",2026-10-10 12:24:06.234248+00:00,2026-10-10 12:24:06.234248+00:00,0.0
-25.4569222,28.0839423,SOSHANGUVE-JJ,STAND 934,TSH,79900011,https://powerfailure.tshwane.gov.za/Tshwanesms/Map.aspx,"-25.4569,28.0839|SOSHANGUVE-JJ#0",2026-09-28 15:21:37.292442+00:00,2026-10-10 12:24:06.234248+00:00,285.04
-25.7052128,28.2729139,EAST LYNNE,BADENHORST STREET,TSH,79900052,https://powerfailure.tshwane.gov.za/Tshwanesms/Map.aspx,"-25.7052,28.2729|EAST LYNNE#0",2026-09-28 15:21:37.292442+00:00,2026-10-10 12:24:06.234248+00:00,285.04
-25.6263035,27.9765997,KRELINGS POST 425-JQ,PL DW-110-10S,NW372,63702019,https://powerfailure.tshwane.gov.za/Tshwanesms/Map.aspx,"-25.6263,27.9766|KRELINGS POST 425-JQ#0",2026-10-06 10:08:41.992184+00:00,2026-10-10 12:24:06.234248+00:00,98.26
-25.7130512,28.3149646,EERSTERUST X02,MOSES AVENUE,TSH,79900043,https://powerfailure.tshwane.gov.za/Tshwanesms/Map.aspx,"-25.7131,28.3150|EERSTERUST X02#0",2026-10-09 19:30:15.533813+00:00,2026-10-10 12:24:06.234248+00:00,16.9
-25.7132488,28.3132347,EERSTERUST X02,JACOBUS AVENUE,TSH,79900043,https://powerfailure.tshwane.gov.za/Tshwanesms/Map.aspx,"-25.7132,28.3132|EERSTERUST X02#0",2026-10-09 19:30:15.533813+00:00,2026-10-10 12:24:06.234248+00:00,16.9
-25.7120458,28.3076734,EERSTERUST X02,HANS COVERDALE RD WEST,TSH,79900043,https://powerfailure.tshwane.gov.za/Tshwanesms/Map.aspx,"-25.7120,28.3077|EERSTERUST X02#0",2026-10-09 19:30:15.533813+00:00,2026-10-10 12:24:06.234248+00:00,16.9
-25.7087245,28.3103043,EERSTERUST X05,LIBERTY AVENUE,TSH,79900043,https://powerfailure.tshwane.gov.za/Tshwanesms/Map.aspx,"-25.7087,28.3103|EERSTERUST X05#0",2026-10-09 19:30:15.533813+00:00,2026-10-10 12:24:06.234248+00:00,16.9
-25.6992879,28.3105172,EERSTERUST X06,VILLAGERS AVENUE,TSH,79900043,https://powerfailure.tshwane.gov.za/Tshwanesms/Map.aspx,"-25.6993,28.3105|EERSTERUST X06#0",2026-10-09 13:08:42.013082+00:00,2026-10-10 12:24:06.234248+00:00,23.26
-25.7009249,28.3072396,EERSTERUST X06,RANGERS AVENUE,TSH,79900043,https://powerfailure.tshwane.gov.za/Tshwanesms/Map.aspx,"-25.7009,28.3072|EERSTERUST X06#0",2026-09-28 15:21:37.292442+00:00,2026-10-10 12:24:06.234248+00:00,285.04
-25.8834218,28.195974,HIGHVELD X12,HATFIELD STREET,TSH,79900065,https://powerfailure.tshwane.gov.za/Tshwanesms/Map.aspx,"-25.8834,28.1960|HIGHVELD X12#0",2026-10-08 10:27:19.292786+00:00,2026-10-10 12:24:06.234248+00:00,49.95
-25.7565734,28.2410715,HILLCREST,DUXBURY ROAD,TSH,79900056,https://powerfailure.tshwane.gov.za/Tshwanesms/Map.aspx,"-25.7566,28.2411|HILLCREST#0",2026-10-05 15:56:27.539408+00:00,2026-10-10 12:24:06.234248+00:00,116.46
-25.7766746,28.270574,LYNNWOOD GLEN,ACORN ROAD,TSH,79900082,https://powerfailure.tshwane.gov.za/Tshwanesms/Map.aspx,"-25.7767,28.2706|LYNNWOOD GLEN#0",2026-09-29 08:23:13.536342+00:00,2026-10-10 12:24:06.234248+00:00,268.01
-25.8181425,28.2066687,LYTTELTON MANOR X01,VAN RIEBEECK AVENUE,TSH,79900079,https://powerfailure.tshwane.gov.za/Tshwanesms/Map.aspx,"-25.8181,28.2067|LYTTELTON MANOR X01#0",2026-10-10 05:43:32.746880+00:00,2026-10-10 12:24:06.234248+00:00,6.68
-25.8462738,28.2069481,LYTTELTON MANOR,SELBORNE AVENUE,TSH,79900057,https://powerfailure.tshwane.gov.za/Tshwanesms/Map.aspx,"-25.8463,28.2069|LYTTELTON MANOR#0",2026-09-23 15:54:26.696532+00:00,2026-10-10 12:24:06.234248+00:00,404.49
-25.7613471,28.2810355,LYNNWOOD MANOR,BARNSTABLE ROAD,TSH,79900046,https://powerfailure.tshwane.gov.za/Tshwanesms/Map.aspx,"-25.7613,28.2810|LYNNWOOD MANOR#0",2026-10-04 18:07:06.777167+00:00,2026-10-10 12:24:06.234248+00:00,138.28
-25.7568052,28.2878908,LYNNWOOD MANOR,LINDFIELD ROAD,TSH,79900046,https://powerfailure.tshwane.gov.za/Tshwanesms/Map.aspx,"-25.7568,28.2879|LYNNWOOD MANOR#0",2026-10-07 10:10:01.835441+00:00,2026-10-10 12:24:06.234248+00:00,74.23
-25.7526454,28.2886824,LYNNWOOD MANOR X01,LYNBURN ROAD,TSH,79900046,https://powerfailure.tshwane.gov.za/Tshwanesms/Map.aspx,"-25.7526,28.2887|LYNNWOOD MANOR X01#0",2026-09-23 15:54:26.696532+00:00,2026-10-10 12:24:06.234248+00:00,404.49
-25.7520943,28.2902018,LYNNWOOD MANOR X01,CAROL AVENUE,TSH,79900046,https://powerfailure.tshwane.gov.za/Tshwanesms/Map.aspx,"-25.7521,28.2902|LYNNWOOD MANOR X01#0",2026-10-06 17:09:53.951304+00:00,2026-10-10 12:24:06.234248+00:00,91.24
-25.7682839,28.2978991,LYNNWOOD RIDGE X02,LIZJOHN STREET,TSH,79900046,https://powerfailure.tshwane.gov.za/Tshwanesms/Map.aspx,"-25.7683,28.2979|LYNNWOOD RIDGE X02#0",2026-09-30 06:38:52.006832+00:00,2026-10-10 12:24:06.234248+00:00,245.75
-25.6864496,28.2337585,MAGALIESKRUIN,BRAAM PRETORIUS STREET,TSH,79900005,https://powerfailure.tshwane.gov.za/Tshwanesms/Map.aspx,"-25.6864,28.2338|MAGALIESKRUIN#0",2026-10-06 10:08:41.992184+00:00,2026-10-10 12:24:06.234248+00:00,98.26
-25.8480367,28.2536308,RIETVALLEIPARK,DALGLEIS AVENUE,TSH,79900079,https://powerfailure.tshwane.gov.za/Tshwanesms/Map.aspx,"-25.8480,28.2536|RIETVALLEIPARK#0",2026-10-03 21:09:40.415928+00:00,2026-10-10 12:24:06.234248+00:00,159.24
-25.670902,28.3700608,LEEUWFONTEIN 299-JR,LEEUWFONTEIN GVG 139,TSH,79900087,https://powerfailure.tshwane.gov.za/Tshwanesms/Map.aspx,"-25.6709,28.3701|LEEUWFONTEIN 299-JR#0",2026-10-04 13:09:40.651455+00:00,2026-10-10 12:24:06.234248+00:00,143.24
-25.7375431,28.5339147,RAYTON,NAUDE,TSH,79900100,https://powerfailure.tshwane.gov.za/Tshwanesms/Map.aspx,"-25.7375,28.5339|RAYTON#0",2026-10-04 18:07:06.777167+00:00,2026-10-10 12:24:06.234248+00:00,138.28
-25.7368809,28.5281252,RAYTON,PEREL,TSH,79900100,https://powerfailure.tshwane.gov.za/Tshwanesms/Map.aspx,"-25.7369,28.5281|RAYTON#0",2026-10-04 18:07:06.777167+00:00,2026-10-10 12:24:06.234248+00:00,138.28
-25.7376946,28.5273375,RAYTON,OAKLEY,TSH,79900100,https://powerfailure.tshwane.gov.za/Tshwanesms/Map.aspx,"-25.7377,28.5273|RAYTON#0",2026-10-04 18:07:06.777167+00:00,2026-10-10 12:24:06.234248+00:00,138.28
-25.7388302,28.5327055,RAYTON,PEREL,TSH,79900100,https://powerfailure.tshwane.gov.za/Tshwanesms/Map.aspx,"-25.7388,28.5327|RAYTON#0",2026-10-04 18:07:06.777167+00:00,2026-10-10 12:24:06.234248+00:00,138.28
-25.7406429,28.5337838,RAYTON,JENNER,TSH,79900100,https://powerfailure.tshwane.gov.za/Tshwanesms/Map.aspx,"-25.7406,28.5338|RAYTON#0",2026-10-04 18:07:06.777167+00:00,2026-10-10 12:24:06.234248+00:00,138.28
-25.7404222,28.529491,RAYTON,KELFKIN,TSH,79900100,https://powerfailure.tshwane.gov.za/Tshwanesms/Map.aspx,"-25.7404,28.5295|RAYTON#0",2026-10-04 18:07:06.777167+00:00,2026-10-10 12:24:06.234248+00:00,138.28
-25.7405768,28.5371092,RAYTON,OAKLEY,TSH,79900100,https://powerfailure.tshwane.gov.za/Tshwanesms/Map.aspx,"-25.7406,28.5371|RAYTON#0",2026-10-04 18:07:06.777167+00:00,2026-10-10 12:24:06.234248+00:00,138.28
-25.741699,28.5350376,RAYTON,JENNER,TSH,79900100,https://powerfailure.tshwane.gov.za/Tshwanesms/Map.aspx,"-25.7417,28.5350|RAYTON#0",2026-10-04 18:07:06.777167+00:00,2026-10-10 12:24:06.234248+00:00,138.28
-25.7436007,28.5382416,RAYTON,KELFKIN,TSH,79900100,https://powerfailure.tshwane.gov.za/Tshwanesms/Map.aspx,"-25.7436,28.5382|RAYTON#0",2026-10-04 18:07:06.777167+00:00,2026-10-10 12:24:06.234248+00:00,138.28
-25.7418737,28.5273189,RAYTON,ORTLEP,TSH,79900100,https://powerfailure.tshwane.gov.za/Tshwanesms/Map.aspx,"-25.7419,28.5273|RAYTON#0",2026-10-04 18:07:06.777167+00:00,2026-10-10 12:24:06.234248+00:00,138.28
-25.7430059,28.5260317,RAYTON,SPOORWEG STREET,TSH,79900100,https://powerfailure.tshwane.gov.za/Tshwanesms/Map.aspx,"-25.7430,28.5260|RAYTON#0",2026-10-04 18:07:06.777167+00:00,2026-10-10 12:24:06.234248+00:00,138.28
-25.7428427,28.5285477,RAYTON,SPOOR,TSH,79900100,https://powerfailure.tshwane.gov.za/Tshwanesms/Map.aspx,"-25.7428,28.5285|RAYTON#0",2026-10-04 18:07:06.777167+00:00,2026-10-10 12:24:06.234248+00:00,138.28
-25.8595099,28.1719965,BRONBERRIK,KILLARNEY AVENUE,TSH,79900066,https://powerfailure.tshwane.gov.za/Tshwanesms/Map.aspx,"-25.8595,28.1720|BRONBERRIK#0",2026-10-10 12:24:06.234248+00:00,2026-10-10 12:24:06.234248+00:00,0.0
-25.7250919,28.1846144,CAPITAL PARK,TROUW STREET,TSH,79900001,https://powerfailure.tshwane.gov.za/Tshwanesms/Map.aspx,"-25.7251,28.1846|CAPITAL PARK#0",2026-10-09 13:08:42.013082+00:00,2026-10-10 12:24:06.234248+00:00,23.26
-25.866859,28.1387012,CELTISDAL,LLOYS ROAD,TSH,79900070,https://powerfailure.tshwane.gov.za/Tshwanesms/Map.aspx,"-25.8669,28.1387|CELTISDAL#0",2026-10-10 12:24:06.234248+00:00,2026-10-10 12:24:06.234248+00:00,0.0
-25.8552668,28.1316063,CELTISDAL X08,GRYSVALK LOOP,TSH,79900070,https://powerfailure.tshwane.gov.za/Tshwanesms/Map.aspx,"-25.8553,28.1316|CELTISDAL X08#0",2026-10-10 12:24:06.234248+00:00,2026-10-10 12:24:06.234248+00:00,0.0
-25.8641261,28.1345317,CELTISDAL X13,BASSON ROAD,TSH,79900070,https://powerfailure.tshwane.gov.za/Tshwanesms/Map.aspx,"-25.8641,28.1345|CELTISDAL X13#0",2026-10-10 12:24:06.234248+00:00,2026-10-10 12:24:06.234248+00:00,0.0
-25.8627077,28.1299898,CELTISDAL EXT 61,.,TSH,79900070,https://powerfailure.tshwane.gov.za/Tshwanesms/Map.aspx,"-25.8627,28.1300|CELTISDAL EXT 61#0",2026-10-10 12:24:06.234248+00:00,2026-10-10 12:24:06.234248+00:00,0.0
-25.4588428,28.0918126,SOSHANGUVE-GG,MODUPI CRESCENT,TSH,79900094,https://powerfailure.tshwane.gov.za/Tshwanesms/Map.aspx,"-25.4588,28.0918|SOSHANGUVE-GG#0",2026-10-10 05:43:32.746880+00:00,2026-10-10 12:24:06.234248+00:00,6.68
-25.4623484,28.0933456,SOSHANGUVE-GG,STAND 696,TSH,79900094,https://powerfailure.tshwane.gov.za/Tshwanesms/Map.aspx,"-25.4623,28.0933|SOSHANGUVE-GG#0",2026-09-28 21:54:04.654174+00:00,2026-10-10 12:24:06.234248+00:00,278.5
-25.4617175,28.0969039,SOSHANGUVE-GG,BOKAMOSO STREET,TSH,79900094,https://powerfailure.tshwane.gov.za/Tshwanesms/Map.aspx,"-25.4617,28.0969|SOSHANGUVE-GG#0",2026-09-29 20:42:53.961596+00:00,2026-10-10 12:24:06.234248+00:00,255.69
-25.5158784,28.1116248,SOSHANGUVE-H,STAND 416,TSH,79900034,https://powerfailure.tshwane.gov.za/Tshwanesms/Map.aspx,"-25.5159,28.1116|SOSHANGUVE-H#0",2026-09-29 20:42:53.961596+00:00,2026-10-10 12:24:06.234248+00:00,255.69
-25.5209554,28.1029211,SOSHANGUVE-H,STAND 1360,TSH,79900034,https://powerfailure.tshwane.gov.za/Tshwanesms/Map.aspx,"-25.5210,28.1029|SOSHANGUVE-H#0",2026-09-28 21:54:04.654174+00:00,2026-10-10 12:24:06.234248+00:00,278.5
-25.5227592,28.1108222,SOSHANGUVE-H,STAND 2011,TSH,79900034,https://powerfailure.tshwane.gov.za/Tshwanesms/Map.aspx,"-25.5228,28.1108|SOSHANGUVE-H#0",2026-09-29 20:42:53.961596+00:00,2026-10-10 12:24:06.234248+00:00,255.69
-25.4455757,28.0873224,SOSHANGUVE-HH,STAND 287,TSH,79900011,https://powerfailure.tshwane.gov.za/Tshwanesms/Map.aspx,"-25.4456,28.0873|SOSHANGUVE-HH#0",2026-10-01 13:04:14.443671+00:00,2026-10-10 12:24:06.234248+00:00,215.33
-25.4486704,28.088391,SOSHANGUVE-HH,STAND 625,TSH,79900011,https://powerfailure.tshwane.gov.za/Tshwanesms/Map.aspx,"-25.4487,28.0884|SOSHANGUVE-HH#0",2026-09-30 13:37:49.273392+00:00,2026-10-10 12:24:06.234248+00:00,238.77
-25.8560501,28.2143622,DORINGKLOOF,DAHLIA AVENUE,TSH,79900078,https://powerfailure.tshwane.gov.za/Tshwanesms/Map.aspx,"-25.8561,28.2144|DORINGKLOOF#0",2026-09-23 15:54:26.696532+00:00,2026-10-10 12:24:06.234248+00:00,404.49
-25.6567496,28.2502604,DOORNPOORT X29,BRACKEN AVENUE,TSH,79900096,https://powerfailure.tshwane.gov.za/Tshwanesms/Map.aspx,"-25.6567,28.2503|DOORNPOORT X29#0",2026-10-09 13:08:42.013082+00:00,2026-10-10 12:24:06.234248+00:00,23.26
-25.6587299,28.2536914,DOORNPOORT X31,ALECTRA CRESCENT,TSH,79900096,https://powerfailure.tshwane.gov.za/Tshwanesms/Map.aspx,"-25.6587,28.2537|DOORNPOORT X31#0",2026-10-09 13:08:42.013082+00:00,2026-10-10 12:24:06.234248+00:00,23.26
-25.6529406,28.2545243,DOORNPOORT X32,DR V D MERWE ROAD,TSH,79900096,https://powerfailure.tshwane.gov.za/Tshwanesms/Map.aspx,"-25.6529,28.2545|DOORNPOORT X32#0",2026-10-09 13:08:42.013082+00:00,2026-10-10 12:24:06.234248+00:00,23.26
-25.6532516,28.2542035,DOORNPOORT X33,LOOIWATTEL CRESCENT,TSH,79900096,https://powerfailure.tshwane.gov.za/Tshwanesms/Map.aspx,"-25.6533,28.2542|DOORNPOORT X33#0",2026-10-01 13:04:14.443671+00:00,2026-10-10 12:24:06.234248+00:00,215.33
-25.6531585,28.2549796,DOORNPOORT X33,LOOIWATTEL CRESCENT,TSH,79900096,https://powerfailure.tshwane.gov.za/Tshwanesms/Map.aspx,"-25.6532,28.2550|DOORNPOORT X33#0",2026-10-09 13:08:42.013082+00:00,2026-10-10 12:24:06.234248+00:00,23.26
-25.6552126,28.2563281,DOORNPOORT X33,LOOIWATTEL CRESCENT,TSH,79900096,https://powerfailure.tshwane.gov.za/Tshwanesms/Map.aspx,"-25.6552,28.2563|DOORNPOORT X33#0",2026-10-05 15:56:27.539408+00:00,2026-10-10 12:24:06.234248+00:00,116.46
-25.656983,28.2561058,DOORNPOORT X33,DR V D MERWE ROAD,TSH,79900096,https://powerfailure.tshwane.gov.za/Tshwanesms/Map.aspx,"-25.6570,28.2561|DOORNPOORT X33#0",2026-10-09 13:08:42.013082+00:00,2026-10-10 12:24:06.234248+00:00,23.26
-25.6536478,28.2564411,DOORNPOORT X33,DR V D MERWE ROAD,TSH,79900096,https://powerfailure.tshwane.gov.za/Tshwanesms/Map.aspx,"-25.6536,28.2564|DOORNPOORT X33#0",2026-10-09 13:08:42.013082+00:00,2026-10-10 12:24:06.234248+00:00,23.26
-25.6574638,28.2563167,DOORNPOORT X33,DR V D MERWE ROAD,TSH,79900096,https://powerfailure.tshwane.gov.za/Tshwanesms/Map.aspx,"-25.6575,28.2563|DOORNPOORT X33#0",2026-10-09 13:08:42.013082+00:00,2026-10-10 12:24:06.234248+00:00,23.26
-25.6558561,28.2573207,DOORNPOORT X34,APIUM STREET,TSH,79900096,https://powerfailure.tshwane.gov.za/Tshwanesms/Map.aspx,"-25.6559,28.2573|DOORNPOORT X34#0",2026-10-09 13:08:42.013082+00:00,2026-10-10 12:24:06.234248+00:00,23.26
-25.6571458,28.2580135,DOORNPOORT X34,GREWIA STREET,TSH,79900096,https://powerfailure.tshwane.gov.za/Tshwanesms/Map.aspx,"-25.6571,28.2580|DOORNPOORT X34#0",2026-10-09 13:08:42.013082+00:00,2026-10-10 12:24:06.234248+00:00,23.26
-25.6517575,28.2640358,DOORNPOORT X40,STRIGA STREET,TSH,79900096,https://powerfailure.tshwane.gov.za/Tshwanesms/Map.aspx,"-25.6518,28.2640|DOORNPOORT X40#0",2026-10-09 13:08:42.013082+00:00,2026-10-10 12:24:06.234248+00:00,23.26
-25.6519909,28.2640759,DOORNPOORT X40,STRIGA STREET,TSH,79900096,https://powerfailure.tshwane.gov.za/Tshwanesms/Map.aspx,"-25.6520,28.2641|DOORNPOORT X40#0",2026-10-09 19:30:15.533813+00:00,2026-10-10 12:24:06.234248+00:00,16.9
-25.7068088,28.3108878,EERSTERUST X06,P S FOURIE DRIVE,TSH,79900043,https://powerfailure.tshwane.gov.za/Tshwanesms/Map.aspx,"-25.7068,28.3109|EERSTERUST X06#0",2026-10-09 19:30:15.533813+00:00,2026-10-10 12:24:06.234248+00:00,16.9
-25.7798818,28.3039331,FAERIE GLEN X01,LOUISIANA STREET,TSH,79900044,https://powerfailure.tshwane.gov.za/Tshwanesms/Map.aspx,"-25.7799,28.3039|FAERIE GLEN X01#0",2026-09-26 14:25:10.204350+00:00,2026-10-10 12:24:06.234248+00:00,333.98
-25.6889842,28.1558252,FLORAUNA,KAMDEBO ROAD,TSH,79900002,https://powerfailure.tshwane.gov.za/Tshwanesms/Map.aspx,"-25.6890,28.1558|FLORAUNA#0",2026-10-09 13:08:42.013082+00:00,2026-10-10 12:24:06.234248+00:00,23.26
-25.6839679,28.1577171,FLORAUNA,OCHNA AVENUE,TSH,79900002,https://powerfailure.tshwane.gov.za/Tshwanesms/Map.aspx,"-25.6840,28.1577|FLORAUNA#0",2026-09-23 15:54:26.696532+00:00,2026-10-10 12:24:06.234248+00:00,404.49
-25.6880293,28.1627511,FLORAUNA,IMPALALELIE ROAD,TSH,79900002,https://powerfailure.tshwane.gov.za/Tshwanesms/Map.aspx,"-25.6880,28.1628|FLORAUNA#0",2026-10-09 13:08:42.013082+00:00,2026-10-10 12:24:06.234248+00:00,23.26
-25.6797139,28.1616265,FLORAUNA X01,NUNANDA STREET,TSH,79900002,https://powerfailure.tshwane.gov.za/Tshwanesms/Map.aspx,"-25.6797,28.1616|FLORAUNA X01#0",2026-09-23 15:54:26.696532+00:00,2026-10-10 12:24:06.234248+00:00,404.49
-25.7131327,28.2732764,LINDO PARK,DAHLIA STREET,TSH,79900052,https://powerfailure.tshwane.gov.za/Tshwanesms/Map.aspx,"-25.7131,28.2733|LINDO PARK#0",2026-10-02 22:56:53.748764+00:00,2026-10-10 12:24:06.234248+00:00,181.45
-25.7137978,28.2721615,LINDO PARK,DAHLIA STREET,TSH,79900052,https://powerfailure.tshwane.gov.za/Tshwanesms/Map.aspx,"-25.7138,28.2722|LINDO PARK#0",2026-09-26 21:57:24.245867+00:00,2026-10-10 12:24:06.234248+00:00,326.44
-25.7134192,28.2781749,LINDO PARK X01,ASTER STREET,TSH,79900052,https://powerfailure.tshwane.gov.za/Tshwanesms/Map.aspx,"-25.7134,28.2782|LINDO PARK X01#0",2026-10-03 08:01:40.485595+00:00,2026-10-10 12:24:06.234248+00:00,172.37
-25.7511051,28.2987979,MURRAYFIELD,SHIRLEY AVENUE,TSH,79900041,https://powerfailure.tshwane.gov.za/Tshwanesms/Map.aspx,"-25.7511,28.2988|MURRAYFIELD#0",2026-10-03 17:56:38.270365+00:00,2026-10-10 12:24:06.234248+00:00,162.46
-25.7482668,28.3068077,MURRAYFIELD,GRACE AVENUE,TSH,79900041,https://powerfailure.tshwane.gov.za/Tshwanesms/Map.aspx,"-25.7483,28.3068|MURRAYFIELD#0",2026-10-08 17:51:27.458247+00:00,2026-10-10 12:24:06.234248+00:00,42.54
-25.7533824,28.3001828,MURRAYFIELD X01,GLOUDINA ROAD,TSH,79900046,https://powerfailure.tshwane.gov.za/Tshwanesms/Map.aspx,"-25.7534,28.3002|MURRAYFIELD X01#0",2026-09-30 06:38:52.006832+00:00,2026-10-10 12:24:06.234248+00:00,245.75
-25.7543232,28.2997157,MURRAYFIELD X01,BRENDA ROAD,TSH,79900046,https://powerfailure.tshwane.gov.za/Tshwanesms/Map.aspx,"-25.7543,28.2997|MURRAYFIELD X01#0",2026-09-30 06:38:52.006832+00:00,2026-10-10 12:24:06.234248+00:00,245.75
-25.7550772,28.2978344,MURRAYFIELD X01,THEUNS ROAD,TSH,79900046,https://powerfailure.tshwane.gov.za/Tshwanesms/Map.aspx,"-25.7551,28.2978|MURRAYFIELD X01#0",2026-09-30 06:38:52.006832+00:00,2026-10-10 12:24:06.234248+00:00,245.75
-25.7337426,28.3674396,NELLMAPIUS X03,SAXON STREET,TSH,79900086,https://powerfailure.tshwane.gov.za/Tshwanesms/Map.aspx,"-25.7337,28.3674|NELLMAPIUS X03#0",2026-09-23 15:54:26.696532+00:00,2026-10-10 12:24:06.234248+00:00,404.49
-25.7302768,28.3581034,NELLMAPIUS X04,THERESO STREET,TSH,79900028,https://powerfailure.tshwane.gov.za/Tshwanesms/Map.aspx,"-25.7303,28.3581|NELLMAPIUS X04#0",2026-09-26 14:25:10.204350+00:00,2026-10-10 12:24:06.234248+00:00,333.98
-25.674641,28.1526858,TILEBA,MAKKIE STREET,TSH,79900098,https://powerfailure.tshwane.gov.za/Tshwanesms/Map.aspx,"-25.6746,28.1527|TILEBA#0",2026-10-09 13:08:42.013082+00:00,2026-10-10 12:24:06.234248+00:00,23.26
-25.6775171,28.1579613,TILEBA,ERICH STREET,TSH,79900098,https://powerfailure.tshwane.gov.za/Tshwanesms/Map.aspx,"-25.6775,28.1580|TILEBA#0",2026-10-09 13:08:42.013082+00:00,2026-10-10 12:24:06.234248+00:00,23.26
-25.7226441,28.2113224,RIETFONTEIN,13TH AVENUE,TSH,79900053,https://powerfailure.tshwane.gov.za/Tshwanesms/Map.aspx,"-25.7226,28.2113|RIETFONTEIN#0",2026-10-07 23:02:05.111773+00:00,2026-10-10 12:24:06.234248+00:00,61.37
-25.6964808,28.2303989,RIETFONTEIN,CROTS STREET,TSH,79900052,https://powerfailure.tshwane.gov.za/Tshwanesms/Map.aspx,"-25.6965,28.2304|RIETFONTEIN#0",2026-10-07 23:02:05.111773+00:00,2026-10-10 12:24:06.234248+00:00,61.37
-25.7280393,28.2146603,RIETFONTEIN,15TH AVENUE,TSH,79900053,https://powerfailure.tshwane.gov.za/Tshwanesms/Map.aspx,"-25.7280,28.2147|RIETFONTEIN#0",2026-10-09 19:30:15.533813+00:00,2026-10-10 12:24:06.234248+00:00,16.9
-25.721818,28.2152884,RIETFONTEIN,.,TSH,79900053,https://powerfailure.tshwane.gov.za/Tshwanesms/Map.aspx,"-25.7218,28.2153|RIETFONTEIN#0",2026-10-10 05:43:32.746880+00:00,2026-10-10 12:24:06.234248+00:00,6.68
-25.721818,28.2152884,RIETFONTEIN,.,TSH,79900053,https://powerfailure.tshwane.gov.za/Tshwanesms/Map.aspx,"-25.7218,28.2153|RIETFONTEIN#1",2026-10-10 12:24:06.234248+00:00,2026-10-10 12:24:06.234248+00:00,0.0
-25.7241679,28.3010099,SILVERTONDALE x   2,HOOGOOND STREET,TSH,79900041,https://powerfailure.tshwane.gov.za/Tshwanesms/Map.aspx,"-25.7242,28.3010|SILVERTONDALE X 2#0",2026-09-25 17:15:35.006199+00:00,2026-10-10 12:24:06.234248+00:00,355.14
-25.6780649,28.2067415,SINOVILLE,MARICO AVENUE,TSH,79900050,https://powerfailure.tshwane.gov.za/Tshwanesms/Map.aspx,"-25.6781,28.2067|SINOVILLE#0",2026-10-06 17:09:53.951304+00:00,2026-10-10 12:24:06.234248+00:00,91.24
-25.773037,28.4024612,ZWARTKOPPIES 364-JR,STAND,TSH,79900101,https://powerfailure.tshwane.gov.za/Tshwanesms/Map.aspx,"-25.7730,28.4025|ZWARTKOPPIES 364-JR#0",2026-10-07 23:02:05.111773+00:00,2026-10-10 12:24:06.234248+00:00,61.37
-25.779739,28.3876298,TIJGER VALLEI X66,STAND,TSH,79900101,https://powerfailure.tshwane.gov.za/Tshwanesms/Map.aspx,"-25.7797,28.3876|TIJGER VALLEI X66#0",2026-09-30 06:38:52.006832+00:00,2026-10-10 12:24:06.234248+00:00,245.75
-25.6873491,28.2624399,MONTANA PARK X01,RIETHAAN STREET,TSH,79900005,https://powerfailure.tshwane.gov.za/Tshwanesms/Map.aspx,"-25.6873,28.2624|MONTANA PARK X01#0",2026-09-29 08:23:13.536342+00:00,2026-10-10 12:24:06.234248+00:00,268.01
-25.6693463,28.2223836,ANNLIN X36,SIGOREI- PLACE,TSH,79900050,https://powerfailure.tshwane.gov.za/Tshwanesms/Map.aspx,"-25.6693,28.2224|ANNLIN X36#0",2026-10-06 10:08:41.992184+00:00,2026-10-10 12:24:06.234248+00:00,98.26
-25.6699727,28.2239432,ANNLIN X36,CALLISTA CRESCENT,TSH,79900050,https://powerfailure.tshwane.gov.za/Tshwanesms/Map.aspx,"-25.6700,28.2239|ANNLIN X36#0",2026-10-06 10:08:41.992184+00:00,2026-10-10 12:24:06.234248+00:00,98.26
-25.6710514,28.2249948,ANNLIN X36,DESMIA CRESCENT,TSH,79900050,https://powerfailure.tshwane.gov.za/Tshwanesms/Map.aspx,"-25.6711,28.2250|ANNLIN X36#0",2026-10-06 10:08:41.992184+00:00,2026-10-10 12:24:06.234248+00:00,98.26
-25.5846,28.044497,SOSHANGUVE SOUTH X13,STAND,TSH,79900032,https://powerfailure.tshwane.gov.za/Tshwanesms/Map.aspx,"-25.5846,28.0445|SOSHANGUVE SOUTH X13#0",2026-10-02 12:24:50.491552+00:00,2026-10-10 12:24:06.234248+00:00,191.99
-25.4878991,28.0967149,SOSHANGUVE-BB,STAND 269,TSH,79900094,https://powerfailure.tshwane.gov.za/Tshwanesms/Map.aspx,"-25.4879,28.0967|SOSHANGUVE-BB#0",2026-09-29 20:42:53.961596+00:00,2026-10-10 12:24:06.234248+00:00,255.69
-25.506142,28.1078374,SOSHANGUVE-G,STAND 7,TSH,79900033,https://powerfailure.tshwane.gov.za/Tshwanesms/Map.aspx,"-25.5061,28.1078|SOSHANGUVE-G#0",2026-09-30 23:43:30.173884+00:00,2026-10-10 12:24:06.234248+00:00,228.68
-25.538478,28.0866335,SOSHANGUVE-M,STAND 1009/1,TSH,79900035,https://powerfailure.tshwane.gov.za/Tshwanesms/Map.aspx,"-25.5385,28.0866|SOSHANGUVE-M#0",2026-09-28 15:21:37.292442+00:00,2026-10-10 12:24:06.234248+00:00,285.04
-25.528145,28.0964364,SOSHANGUVE-M,STAND 1584,TSH,79900034,https://powerfailure.tshwane.gov.za/Tshwanesms/Map.aspx,"-25.5281,28.0964|SOSHANGUVE-M#0",2026-09-28 15:21:37.292442+00:00,2026-10-10 12:24:06.234248+00:00,285.04
-25.5525594,28.0962567,SOSHANGUVE-M X01,STAND 2915,TSH,79900036,https://powerfailure.tshwane.gov.za/Tshwanesms/Map.aspx,"-25.5526,28.0963|SOSHANGUVE-M X01#0",2026-10-06 17:09:53.951304+00:00,2026-10-10 12:24:06.234248+00:00,91.24
-25.8022819,28.2956637,GARSFONTEIN X02,HANNARIE ROAD,TSH,79900045,https://powerfailure.tshwane.gov.za/Tshwanesms/Map.aspx,"-25.8023,28.2957|GARSFONTEIN X02#0",2026-10-10 12:24:06.234248+00:00,2026-10-10 12:24:06.234248+00:00,0.0
-25.79837,28.293337,GARSFONTEIN X03,NESER STREET,TSH,79900045,https://powerfailure.tshwane.gov.za/Tshwanesms/Map.aspx,"-25.7984,28.2933|GARSFONTEIN X03#0",2026-10-10 12:24:06.234248+00:00,2026-10-10 12:24:06.234248+00:00,0.0
-25.7983052,28.2976309,GARSFONTEIN X05,MAYNARD ROAD,TSH,79900045,https://powerfailure.tshwane.gov.za/Tshwanesms/Map.aspx,"-25.7983,28.2976|GARSFONTEIN X05#0",2026-10-10 12:24:06.234248+00:00,2026-10-10 12:24:06.234248+00:00,0.0
-25.7911751,28.2965781,GARSFONTEIN X06,PETRONELLA STREET,TSH,79900045,https://powerfailure.tshwane.gov.za/Tshwanesms/Map.aspx,"-25.7912,28.2966|GARSFONTEIN X06#0",2026-10-10 12:24:06.234248+00:00,2026-10-10 12:24:06.234248+00:00,0.0
-25.7874142,28.2930729,GARSFONTEIN X08,ALBERT ADAMSON STREET,TSH,79900045,https://powerfailure.tshwane.gov.za/Tshwanesms/Map.aspx,"-25.7874,28.2931|GARSFONTEIN X08#0",2026-10-10 12:24:06.234248+00:00,2026-10-10 12:24:06.234248+00:00,0.0
-25.7921657,28.2967194,GARSFONTEIN X08,RONALD STREET,TSH,79900045,https://powerfailure.tshwane.gov.za/Tshwanesms/Map.aspx,"-25.7922,28.2967|GARSFONTEIN X08#0",2026-10-10 12:24:06.234248+00:00,2026-10-10 12:24:06.234248+00:00,0.0
-25.7969322,28.2972072,GARSFONTEIN X07,SERENE STREET,TSH,79900045,https://powerfailure.tshwane.gov.za/Tshwanesms/Map.aspx,"-25.7969,28.2972|GARSFONTEIN X07#0",2026-10-10 12:24:06.234248+00:00,2026-10-10 12:24:06.234248+00:00,0.0
-25.7259701,28.3834842,MAMELODI,STAND 20840,TSH,79900018,https://powerfailure.tshwane.gov.za/Tshwanesms/Map.aspx,"-25.7260,28.3835|MAMELODI#0",2026-10-07 23:02:05.111773+00:00,2026-10-10 12:24:06.234248+00:00,61.37
-25.727922,28.3881962,MAMELODI,MORWA-THAMAGA STREET,TSH,79900018,https://powerfailure.tshwane.gov.za/Tshwanesms/Map.aspx,"-25.7279,28.3882|MAMELODI#0",2026-09-23 15:54:26.696532+00:00,2026-10-10 12:24:06.234248+00:00,404.49
-25.7165632,28.3804634,MAMELODI,DIDMALA STREET (STAND 21311),TSH,79900018,https://powerfailure.tshwane.gov.za/Tshwanesms/Map.aspx,"-25.7166,28.3805|MAMELODI#0",2026-10-07 10:10:01.835441+00:00,2026-10-10 12:24:06.234248+00:00,74.23
-25.7198589,28.3794334,MAMELODI,STAND 25255,TSH,79900018,https://powerfailure.tshwane.gov.za/Tshwanesms/Map.aspx,"-25.7199,28.3794|MAMELODI#0",2026-09-23 15:54:26.696532+00:00,2026-10-10 12:24:06.234248+00:00,404.49
-25.7182139,28.3799653,MAMELODI,STAND 25381,TSH,79900018,https://powerfailure.tshwane.gov.za/Tshwanesms/Map.aspx,"-25.7182,28.3800|MAMELODI#0",2026-09-23 15:54:26.696532+00:00,2026-10-10 12:24:06.234248+00:00,404.49
-25.73597,28.3869297,NELLMAPIUS X08,KALAKA CRESCENT,TSH,79900015,https://powerfailure.tshwane.gov.za/Tshwanesms/Map.aspx,"-25.7360,28.3869|NELLMAPIUS X08#0",2026-10-05 22:35:03.937620+00:00,2026-10-10 12:24:06.234248+00:00,109.82
-25.7306513,28.3507943,NELLMAPIUS X14,STAND,TSH,79900028,https://powerfailure.tshwane.gov.za/Tshwanesms/Map.aspx,"-25.7307,28.3508|NELLMAPIUS X14#0",2026-09-26 14:25:10.204350+00:00,2026-10-10 12:24:06.234248+00:00,333.98
-25.7917172,28.2654678,NEWLANDS X01,WILD AVENUE,TSH,79900082,https://powerfailure.tshwane.gov.za/Tshwanesms/Map.aspx,"-25.7917,28.2655|NEWLANDS X01#0",2026-09-23 15:54:26.696532+00:00,2026-10-10 12:24:06.234248+00:00,404.49
-25.7241134,28.1478976,PRETORIA GARDENS,GUSTAV ADOLF STREET,TSH,79900055,https://powerfailure.tshwane.gov.za/Tshwanesms/Map.aspx,"-25.7241,28.1479|PRETORIA GARDENS#0",2026-10-08 17:51:27.458247+00:00,2026-10-10 12:24:06.234248+00:00,42.54
-25.8079566,28.3046852,PRETORIUSPARK,PATRYSHOND STREET,TSH,79900045,https://powerfailure.tshwane.gov.za/Tshwanesms/Map.aspx,"-25.8080,28.3047|PRETORIUSPARK#0",2026-09-29 08:23:13.536342+00:00,2026-10-10 12:24:06.234248+00:00,268.01
-25.6755827,28.2188826,SINOVILLE,ANSTASIA STREET,TSH,79900050,https://powerfailure.tshwane.gov.za/Tshwanesms/Map.aspx,"-25.6756,28.2189|SINOVILLE#0",2026-10-06 10:08:41.992184+00:00,2026-10-10 12:24:06.234248+00:00,98.26
-25.6775675,28.2253993,SINOVILLE,KONAVLE STREET,TSH,79900050,https://powerfailure.tshwane.gov.za/Tshwanesms/Map.aspx,"-25.6776,28.2254|SINOVILLE#0",2026-10-06 10:08:41.992184+00:00,2026-10-10 12:24:06.234248+00:00,98.26
-25.6781743,28.223027,SINOVILLE,STEENBRAS AVENUE,TSH,79900050,https://powerfailure.tshwane.gov.za/Tshwanesms/Map.aspx,"-25.6782,28.2230|SINOVILLE#0",2026-10-06 17:09:53.951304+00:00,2026-10-10 12:24:06.234248+00:00,91.24
-25.6798768,28.2178187,SINOVILLE,MIRCA AVENUE,TSH,79900050,https://powerfailure.tshwane.gov.za/Tshwanesms/Map.aspx,"-25.6799,28.2178|SINOVILLE#0",2026-10-05 22:35:03.937620+00:00,2026-10-10 12:24:06.234248+00:00,109.82
-25.6798551,28.2254412,SINOVILLE,LUCE STREET,TSH,79900050,https://powerfailure.tshwane.gov.za/Tshwanesms/Map.aspx,"-25.6799,28.2254|SINOVILLE#0",2026-10-06 22:37:35.817764+00:00,2026-10-10 12:24:06.234248+00:00,85.78
-25.6847122,28.2203889,SINOVILLE,KUNENE AVENUE,TSH,79900050,https://powerfailure.tshwane.gov.za/Tshwanesms/Map.aspx,"-25.6847,28.2204|SINOVILLE#0",2026-10-06 17:09:53.951304+00:00,2026-10-10 12:24:06.234248+00:00,91.24
-25.6877882,28.2188512,SINOVILLE,KEI AVENUE,TSH,79900050,https://powerfailure.tshwane.gov.za/Tshwanesms/Map.aspx,"-25.6878,28.2189|SINOVILLE#0",2026-10-06 17:09:53.951304+00:00,2026-10-10 12:24:06.234248+00:00,91.24
-25.6896355,28.2243923,SINOVILLE,MOLOPO AVENUE,TSH,79900050,https://powerfailure.tshwane.gov.za/Tshwanesms/Map.aspx,"-25.6896,28.2244|SINOVILLE#0",2026-10-09 13:08:42.013082+00:00,2026-10-10 12:24:06.234248+00:00,23.26
-25.677013,28.2260552,SINOVILLE X03,KONAVLE STREET,TSH,79900005,https://powerfailure.tshwane.gov.za/Tshwanesms/Map.aspx,"-25.6770,28.2261|SINOVILLE X03#0",2026-10-06 10:08:41.992184+00:00,2026-10-10 12:24:06.234248+00:00,98.26
-25.8460073,28.1451483,WIERDAPARK X01,ORIOLE AVENUE,TSH,79900070,https://powerfailure.tshwane.gov.za/Tshwanesms/Map.aspx,"-25.8460,28.1451|WIERDAPARK X01#0",2026-10-10 12:24:06.234248+00:00,2026-10-10 12:24:06.234248+00:00,0.0
-25.8463229,28.1451333,WIERDAPARK X01,ORIOLE AVENUE,TSH,79900070,https://powerfailure.tshwane.gov.za/Tshwanesms/Map.aspx,"-25.8463,28.1451|WIERDAPARK X01#0",2026-10-10 12:24:06.234248+00:00,2026-10-10 12:24:06.234248+00:00,0.0
-25.848862,28.1444374,WIERDAPARK X01,ORIOLE AVENUE,TSH,79900070,https://powerfailure.tshwane.gov.za/Tshwanesms/Map.aspx,"-25.8489,28.1444|WIERDAPARK X01#0",2026-10-10 12:24:06.234248+00:00,2026-10-10 12:24:06.234248+00:00,0.0
-25.8468042,28.1465187,WIERDAPARK X01,LA CHATEAU CRESCENT,TSH,79900070,https://powerfailure.tshwane.gov.za/Tshwanesms/Map.aspx,"-25.8468,28.1465|WIERDAPARK X01#0",2026-10-10 12:24:06.234248+00:00,2026-10-10 12:24:06.234248+00:00,0.0
-25.8463252,28.1462325,WIERDAPARK X01,LA BORI CRESCENT,TSH,79900070,https://powerfailure.tshwane.gov.za/Tshwanesms/Map.aspx,"-25.8463,28.1462|WIERDAPARK X01#0",2026-10-10 12:24:06.234248+00:00,2026-10-10 12:24:06.234248+00:00,0.0
-25.8480297,28.1492958,WIERDAPARK,BOEKENHOUT ROAD,TSH,79900070,https://powerfailure.tshwane.gov.za/Tshwanesms/Map.aspx,"-25.8480,28.1493|WIERDAPARK#0",2026-10-10 12:24:06.234248+00:00,2026-10-10 12:24:06.234248+00:00,0.0
-25.8494596,28.144323,WIERDAPARK X01,TORTELDUIF ROAD,TSH,79900070,https://powerfailure.tshwane.gov.za/Tshwanesms/Map.aspx,"-25.8495,28.1443|WIERDAPARK X01#0",2026-10-10 12:24:06.234248+00:00,2026-10-10 12:24:06.234248+00:00,0.0
-25.8568663,28.1360071,WIERDAPARK X06,SEESWAEL ROAD,TSH,79900070,https://powerfailure.tshwane.gov.za/Tshwanesms/Map.aspx,"-25.8569,28.1360|WIERDAPARK X06#0",2026-10-10 12:24:06.234248+00:00,2026-10-10 12:24:06.234248+00:00,0.0
-25.863903,28.1519917,WIERDAPARK X05,CHRIS HOUGAARD STREET,TSH,79900070,https://powerfailure.tshwane.gov.za/Tshwanesms/Map.aspx,"-25.8639,28.1520|WIERDAPARK X05#0",2026-10-10 12:24:06.234248+00:00,2026-10-10 12:24:06.234248+00:00,0.0
-25.8465123,28.1351615,WIERDAPARK X01,FLAMINGO ROAD,TSH,79900070,https://powerfailure.tshwane.gov.za/Tshwanesms/Map.aspx,"-25.8465,28.1352|WIERDAPARK X01#0",2026-10-10 12:24:06.234248+00:00,2026-10-10 12:24:06.234248+00:00,0.0
-25.8514956,28.1407795,WIERDAPARK X01,GANNET CRESCENT,TSH,79900070,https://powerfailure.tshwane.gov.za/Tshwanesms/Map.aspx,"-25.8515,28.1408|WIERDAPARK X01#0",2026-10-10 12:24:06.234248+00:00,2026-10-10 12:24:06.234248+00:00,0.0
-25.6576579,28.1626202,WOLMER,JOPIE FOURIE STREET,TSH,79900002,https://powerfailure.tshwane.gov.za/Tshwanesms/Map.aspx,"-25.6577,28.1626|WOLMER#0",2026-10-09 13:08:42.013082+00:00,2026-10-10 12:24:06.234248+00:00,23.26
-25.6603265,28.1623821,WOLMER,JOPIE FOURIE STREET,TSH,79900002,https://powerfailure.tshwane.gov.za/Tshwanesms/Map.aspx,"-25.6603,28.1624|WOLMER#0",2026-10-09 13:08:42.013082+00:00,2026-10-10 12:24:06.234248+00:00,23.26
-25.6614346,28.1638564,WOLMER,BROODRYK STREET,TSH,79900002,https://powerfailure.tshwane.gov.za/Tshwanesms/Map.aspx,"-25.6614,28.1639|WOLMER#0",2026-10-09 13:08:42.013082+00:00,2026-10-10 12:24:06.234248+00:00,23.26
-25.6619191,28.1636404,WOLMER,JOPIE FOURIE STREET,TSH,79900002,https://powerfailure.tshwane.gov.za/Tshwanesms/Map.aspx,"-25.6619,28.1636|WOLMER#0",2026-10-09 13:08:42.013082+00:00,2026-10-10 12:24:06.234248+00:00,23.26
-25.6643607,28.1581866,WOLMER,DEETLEFS STREET,TSH,79900002,https://powerfailure.tshwane.gov.za/Tshwanesms/Map.aspx,"-25.6644,28.1582|WOLMER#0",2026-10-09 13:08:42.013082+00:00,2026-10-10 12:24:06.234248+00:00,23.26
-25.6679191,28.1657343,WOLMER,BAKENKLOOF STREET,TSH,79900002,https://powerfailure.tshwane.gov.za/Tshwanesms/Map.aspx,"-25.6679,28.1657|WOLMER#0",2026-10-09 13:08:42.013082+00:00,2026-10-10 12:24:06.234248+00:00,23.26
-25.6695512,28.1648439,WOLMER,BAKENKLOOF STREET,TSH,79900002,https://powerfailure.tshwane.gov.za/Tshwanesms/Map.aspx,"-25.6696,28.1648|WOLMER#0",2026-10-09 13:08:42.013082+00:00,2026-10-10 12:24:06.234248+00:00,23.26
-25.8387773,28.4266416,MOOIPLAATS 367-JR,PL ZW 171-10-8E,TSH,79900101,https://powerfailure.tshwane.gov.za/Tshwanesms/Map.aspx,"-25.8388,28.4266|MOOIPLAATS 367-JR#0",2026-10-06 17:09:53.951304+00:00,2026-10-10 12:24:06.234248+00:00,91.24
-25.6891454,28.1984976,WONDERBOOM,VAN DER SCHYFF STREET,TSH,79900050,https://powerfailure.tshwane.gov.za/Tshwanesms/Map.aspx,"-25.6891,28.1985|WONDERBOOM#0",2026-10-06 10:08:41.992184+00:00,2026-10-10 12:24:06.234248+00:00,98.26
-25.6874272,28.2148987,WONDERBOOM X03,MARIJA STREET,TSH,79900050,https://powerfailure.tshwane.gov.za/Tshwanesms/Map.aspx,"-25.6874,28.2149|WONDERBOOM X03#0",2026-10-05 22:35:03.937620+00:00,2026-10-10 12:24:06.234248+00:00,109.82
-25.6795309,28.1062196,AMANDASIG X24,BERG AVENUE,TSH,79900098,https://powerfailure.tshwane.gov.za/Tshwanesms/Map.aspx,"-25.6795,28.1062|AMANDASIG X24#0",2026-09-23 15:54:26.696532+00:00,2026-10-10 12:24:06.234248+00:00,404.49
-25.6719618,28.1140026,KARENPARK,ANEMOON,TSH,79900004,https://powerfailure.tshwane.gov.za/Tshwanesms/Map.aspx,"-25.6720,28.1140|KARENPARK#0",2026-09-23 15:54:26.696532+00:00,2026-10-10 12:24:06.234248+00:00,404.49
-25.659847,28.1051538,KARENPARK X10,REGINALD,TSH,79900004,https://powerfailure.tshwane.gov.za/Tshwanesms/Map.aspx,"-25.6598,28.1052|KARENPARK X10#0",2026-09-23 15:54:26.696532+00:00,2026-10-10 12:24:06.234248+00:00,404.49
-25.5644194,28.0613455,SOSHANGUVE SOUTH,STAND 384,TSH,79900039,https://powerfailure.tshwane.gov.za/Tshwanesms/Map.aspx,"-25.5644,28.0613|SOSHANGUVE SOUTH#0",2026-10-07 23:02:05.111773+00:00,2026-10-10 12:24:06.234248+00:00,61.37
-25.8390397,28.1481846,ELDORAIGNE,CHRISTOPHER ROAD,TSH,79900069,https://powerfailure.tshwane.gov.za/Tshwanesms/Map.aspx,"-25.8390,28.1482|ELDORAIGNE#0",2026-10-10 12:24:06.234248+00:00,2026-10-10 12:24:06.234248+00:00,0.0
-25.8403757,28.1493144,ELDORAIGNE,GEORGE ROAD,TSH,79900069,https://powerfailure.tshwane.gov.za/Tshwanesms/Map.aspx,"-25.8404,28.1493|ELDORAIGNE#0",2026-10-10 12:24:06.234248+00:00,2026-10-10 12:24:06.234248+00:00,0.0
-25.8417792,28.1494268,ELDORAIGNE,CRADOCK AVENUE,TSH,79900069,https://powerfailure.tshwane.gov.za/Tshwanesms/Map.aspx,"-25.8418,28.1494|ELDORAIGNE#0",2026-10-10 12:24:06.234248+00:00,2026-10-10 12:24:06.234248+00:00,0.0
-25.8452849,28.1542441,ELDORAIGNE,IRELAND AVENUE,TSH,79900069,https://powerfailure.tshwane.gov.za/Tshwanesms/Map.aspx,"-25.8453,28.1542|ELDORAIGNE#0",2026-10-10 12:24:06.234248+00:00,2026-10-10 12:24:06.234248+00:00,0.0
-25.8355647,28.1570677,ELDORAIGNE X01,VAN DER MERWE AVENUE,TSH,79900069,https://powerfailure.tshwane.gov.za/Tshwanesms/Map.aspx,"-25.8356,28.1571|ELDORAIGNE X01#0",2026-10-10 12:24:06.234248+00:00,2026-10-10 12:24:06.234248+00:00,0.0
-25.8576493,28.1643234,BRONBERRIK,BANTRY ROAD,TSH,79900066,https://powerfailure.tshwane.gov.za/Tshwanesms/Map.aspx,"-25.8576,28.1643|BRONBERRIK#0",2026-10-10 12:24:06.234248+00:00,2026-10-10 12:24:06.234248+00:00,0.0
-25.7800294,28.350083,PARAMOUNT ESTATE,SINATRA CLOSE,TSH,79900101,https://powerfailure.tshwane.gov.za/Tshwanesms/Map.aspx,"-25.7800,28.3501|PARAMOUNT ESTATE#0",2026-09-29 08:23:13.536342+00:00,2026-10-10 12:24:06.234248+00:00,268.01
-25.7830676,28.3512422,PARAMOUNT ESTATE,MONROE CLOSE,TSH,79900101,https://powerfailure.tshwane.gov.za/Tshwanesms/Map.aspx,"-25.7831,28.3512|PARAMOUNT ESTATE#0",2026-09-29 08:23:13.536342+00:00,2026-10-10 12:24:06.234248+00:00,268.01
-25.8623321,28.1373968,CELTISDAL X11,COTIE AVENUE,TSH,79900070,https://powerfailure.tshwane.gov.za/Tshwanesms/Map.aspx,"-25.8623,28.1374|CELTISDAL X11#0",2026-10-10 12:24:06.234248+00:00,2026-10-10 12:24:06.234248+00:00,0.0
-25.8635149,28.1338843,CELTISDAL X19,CELTIS GARDENS,TSH,79900070,https://powerfailure.tshwane.gov.za/Tshwanesms/Map.aspx,"-25.8635,28.1339|CELTISDAL X19#0",2026-10-10 12:24:06.234248+00:00,2026-10-10 12:24:06.234248+00:00,0.0
-25.4681438,28.0880553,SOSHANGUVE-GG,STAND 822,TSH,79900094,https://powerfailure.tshwane.gov.za/Tshwanesms/Map.aspx,"-25.4681,28.0881|SOSHANGUVE-GG#0",2026-09-29 20:42:53.961596+00:00,2026-10-10 12:24:06.234248+00:00,255.69
-25.4672733,28.0931827,SOSHANGUVE-GG,STAND 1262,TSH,79900094,https://powerfailure.tshwane.gov.za/Tshwanesms/Map.aspx,"-25.4673,28.0932|SOSHANGUVE-GG#0",2026-09-23 15:54:26.696532+00:00,2026-10-10 12:24:06.234248+00:00,404.49
-25.4614586,28.0945804,SOSHANGUVE-GG,STAND 1558,TSH,79900094,https://powerfailure.tshwane.gov.za/Tshwanesms/Map.aspx,"-25.4615,28.0946|SOSHANGUVE-GG#0",2026-10-09 19:30:15.533813+00:00,2026-10-10 12:24:06.234248+00:00,16.9
-25.4618749,28.0943882,SOSHANGUVE-GG,STAND 1633,TSH,79900094,https://powerfailure.tshwane.gov.za/Tshwanesms/Map.aspx,"-25.4619,28.0944|SOSHANGUVE-GG#0",2026-09-28 21:54:04.654174+00:00,2026-10-10 12:24:06.234248+00:00,278.5
-25.4691075,28.0987667,SOSHANGUVE-GG,STAND 2382,TSH,79900094,https://powerfailure.tshwane.gov.za/Tshwanesms/Map.aspx,"-25.4691,28.0988|SOSHANGUVE-GG#0",2026-09-29 20:42:53.961596+00:00,2026-10-10 12:24:06.234248+00:00,255.69
-25.4677719,28.1001621,SOSHANGUVE-GG,STAND 2640,TSH,79900094,https://powerfailure.tshwane.gov.za/Tshwanesms/Map.aspx,"-25.4678,28.1002|SOSHANGUVE-GG#0",2026-09-29 08:23:13.536342+00:00,2026-10-10 12:24:06.234248+00:00,268.01
-25.5191402,28.1018963,SOSHANGUVE-H,STAND 1063,TSH,79900034,https://powerfailure.tshwane.gov.za/Tshwanesms/Map.aspx,"-25.5191,28.1019|SOSHANGUVE-H#0",2026-10-10 12:24:06.234248+00:00,2026-10-10 12:24:06.234248+00:00,0.0
-25.6560762,28.2499127,DOORNPOORT X29,BRACKEN AVENUE,TSH,79900096,https://powerfailure.tshwane.gov.za/Tshwanesms/Map.aspx,"-25.6561,28.2499|DOORNPOORT X29#0",2026-10-09 13:08:42.013082+00:00,2026-10-10 12:24:06.234248+00:00,23.26
-25.6580931,28.2502822,DOORNPOORT X31,DR V D MERWE ROAD,TSH,79900096,https://powerfailure.tshwane.gov.za/Tshwanesms/Map.aspx,"-25.6581,28.2503|DOORNPOORT X31#0",2026-10-10 12:24:06.234248+00:00,2026-10-10 12:24:06.234248+00:00,0.0
-25.6524197,28.2524028,DOORNPOORT X32,RAMSHORN STREET,TSH,79900096,https://powerfailure.tshwane.gov.za/Tshwanesms/Map.aspx,"-25.6524,28.2524|DOORNPOORT X32#0",2026-10-09 13:08:42.013082+00:00,2026-10-10 12:24:06.234248+00:00,23.26
-25.6517856,28.2555412,DOORNPOORT X32,APIUM STREET,TSH,79900096,https://powerfailure.tshwane.gov.za/Tshwanesms/Map.aspx,"-25.6518,28.2555|DOORNPOORT X32#0",2026-10-09 13:08:42.013082+00:00,2026-10-10 12:24:06.234248+00:00,23.26
-25.6521506,28.256269,DOORNPOORT X32,ADAMSVY STREET,TSH,79900096,https://powerfailure.tshwane.gov.za/Tshwanesms/Map.aspx,"-25.6522,28.2563|DOORNPOORT X32#0",2026-10-09 13:08:42.013082+00:00,2026-10-10 12:24:06.234248+00:00,23.26
-25.6538153,28.2545374,DOORNPOORT X33,CASTALIS AVENUE,TSH,79900096,https://powerfailure.tshwane.gov.za/Tshwanesms/Map.aspx,"-25.6538,28.2545|DOORNPOORT X33#0",2026-10-09 19:30:15.533813+00:00,2026-10-10 12:24:06.234248+00:00,16.9
-25.6562137,28.2518151,DOORNPOORT X33,AMANDELBOOM ROAD,TSH,79900096,https://powerfailure.tshwane.gov.za/Tshwanesms/Map.aspx,"-25.6562,28.2518|DOORNPOORT X33#0",2026-10-09 13:08:42.013082+00:00,2026-10-10 12:24:06.234248+00:00,23.26
-25.6571087,28.2576173,DOORNPOORT X34,GREWIA STREET,TSH,79900096,https://powerfailure.tshwane.gov.za/Tshwanesms/Map.aspx,"-25.6571,28.2576|DOORNPOORT X34#0",2026-10-09 13:08:42.013082+00:00,2026-10-10 12:24:06.234248+00:00,23.26
-25.6574844,28.2576087,DOORNPOORT X34,GREWIA STREET,TSH,79900096,https://powerfailure.tshwane.gov.za/Tshwanesms/Map.aspx,"-25.6575,28.2576|DOORNPOORT X34#0",2026-10-09 13:08:42.013082+00:00,2026-10-10 12:24:06.234248+00:00,23.26
-25.6523226,28.2687245,DOORNPOORT X40,STRIGA STREET,TSH,79900096,https://powerfailure.tshwane.gov.za/Tshwanesms/Map.aspx,"-25.6523,28.2687|DOORNPOORT X40#0",2026-10-09 13:08:42.013082+00:00,2026-10-10 12:24:06.234248+00:00,23.26
-25.6519362,28.2682607,DOORNPOORT X40,STRIGA STREET,TSH,79900096,https://powerfailure.tshwane.gov.za/Tshwanesms/Map.aspx,"-25.6519,28.2683|DOORNPOORT X40#0",2026-10-09 13:08:42.013082+00:00,2026-10-10 12:24:06.234248+00:00,23.26
-25.6518428,28.2674934,DOORNPOORT X40,STRIGA STREET,TSH,79900096,https://powerfailure.tshwane.gov.za/Tshwanesms/Map.aspx,"-25.6518,28.2675|DOORNPOORT X40#0",2026-10-09 13:08:42.013082+00:00,2026-10-10 12:24:06.234248+00:00,23.26
-25.6500852,28.2724362,DOORNPOORT X41,RIVEA STREET,TSH,79900096,https://powerfailure.tshwane.gov.za/Tshwanesms/Map.aspx,"-25.6501,28.2724|DOORNPOORT X41#0",2026-10-09 13:08:42.013082+00:00,2026-10-10 12:24:06.234248+00:00,23.26
-25.7023596,28.2774264,EAST LYNNE,PAPEGAAI AVENUE,TSH,79900052,https://powerfailure.tshwane.gov.za/Tshwanesms/Map.aspx,"-25.7024,28.2774|EAST LYNNE#0",2026-10-07 23:02:05.111773+00:00,2026-10-10 12:24:06.234248+00:00,61.37
-25.792313,28.3125694,FAERIE GLEN X07,SHEBA STREET,TSH,79900044,https://powerfailure.tshwane.gov.za/Tshwanesms/Map.aspx,"-25.7923,28.3126|FAERIE GLEN X07#0",2026-10-06 10:08:41.992184+00:00,2026-10-10 12:24:06.234248+00:00,98.26
-25.7939258,28.3248232,FAERIE GLEN X09,SKUKUZA STREET,TSH,79900044,https://powerfailure.tshwane.gov.za/Tshwanesms/Map.aspx,"-25.7939,28.3248|FAERIE GLEN X09#0",2026-09-23 15:54:26.696532+00:00,2026-10-10 12:24:06.234248+00:00,404.49
-25.7884578,28.321371,FAERIE GLEN X08,OLD FARM ROAD,TSH,79900044,https://powerfailure.tshwane.gov.za/Tshwanesms/Map.aspx,"-25.7885,28.3214|FAERIE GLEN X08#0",2026-09-23 15:54:26.696532+00:00,2026-10-10 12:24:06.234248+00:00,404.49
-25.7881571,28.3240314,FAERIE GLEN X40,OLD FARM ROAD,TSH,79900044,https://powerfailure.tshwane.gov.za/Tshwanesms/Map.aspx,"-25.7882,28.3240|FAERIE GLEN X40#0",2026-10-02 18:22:22.786014+00:00,2026-10-10 12:24:06.234248+00:00,186.03
-25.6862242,28.1547864,FLORAUNA,FLORAUNA ROAD,TSH,79900002,https://powerfailure.tshwane.gov.za/Tshwanesms/Map.aspx,"-25.6862,28.1548|FLORAUNA#0",2026-10-09 13:08:42.013082+00:00,2026-10-10 12:24:06.234248+00:00,23.26
-25.6801057,28.1587214,FLORAUNA X03,DRUM STREET,TSH,79900002,https://powerfailure.tshwane.gov.za/Tshwanesms/Map.aspx,"-25.6801,28.1587|FLORAUNA X03#0",2026-10-09 13:08:42.013082+00:00,2026-10-10 12:24:06.234248+00:00,23.26
-25.681078,28.1590391,FLORAUNA X03,TROMMEL STREET,TSH,79900002,https://powerfailure.tshwane.gov.za/Tshwanesms/Map.aspx,"-25.6811,28.1590|FLORAUNA X03#0",2026-10-09 13:08:42.013082+00:00,2026-10-10 12:24:06.234248+00:00,23.26
-25.6814237,28.1598859,FLORAUNA X05,PERM CRES,TSH,79900002,https://powerfailure.tshwane.gov.za/Tshwanesms/Map.aspx,"-25.6814,28.1599|FLORAUNA X05#0",2026-10-09 13:08:42.013082+00:00,2026-10-10 12:24:06.234248+00:00,23.26
-25.7122306,28.2789748,LINDO PARK,STORMVOEL ROAD,TSH,79900052,https://powerfailure.tshwane.gov.za/Tshwanesms/Map.aspx,"-25.7122,28.2790|LINDO PARK#0",2026-10-03 13:19:32.931617+00:00,2026-10-10 12:24:06.234248+00:00,167.08
-25.7153467,28.2757012,LINDO PARK X01,LILY PLACE,TSH,79900052,https://powerfailure.tshwane.gov.za/Tshwanesms/Map.aspx,"-25.7153,28.2757|LINDO PARK X01#0",2026-10-02 22:56:53.748764+00:00,2026-10-10 12:24:06.234248+00:00,181.45
-25.7175047,28.3636206,MAMELODI,STAND 12230,TSH,79900028,https://powerfailure.tshwane.gov.za/Tshwanesms/Map.aspx,"-25.7175,28.3636|MAMELODI#0",2026-09-23 15:54:26.696532+00:00,2026-10-10 12:24:06.234248+00:00,404.49
-25.7101278,28.3438636,MAMELODI,KUBONE DRIVE,TSH,79900067,https://powerfailure.tshwane.gov.za/Tshwanesms/Map.aspx,"-25.7101,28.3439|MAMELODI#0",2026-10-06 17:09:53.951304+00:00,2026-10-10 12:24:06.234248+00:00,91.24
-25.7186987,28.3648637,MAMELODI,STAND 19387,TSH,79900028,https://powerfailure.tshwane.gov.za/Tshwanesms/Map.aspx,"-25.7187,28.3649|MAMELODI#0",2026-09-23 15:54:26.696532+00:00,2026-10-10 12:24:06.234248+00:00,404.49
-25.6991348,28.4189698,MAHUBE VALLEY X02,STAND  2826,TSH,79900017,https://powerfailure.tshwane.gov.za/Tshwanesms/Map.aspx,"-25.6991,28.4190|MAHUBE VALLEY X02#0",2026-09-23 15:54:26.696532+00:00,2026-10-10 12:24:06.234248+00:00,404.49
-25.7066664,28.4161688,MAHUBE VALLEY X03,MAHUBE VALLEY,TSH,79900017,https://powerfailure.tshwane.gov.za/Tshwanesms/Map.aspx,"-25.7067,28.4162|MAHUBE VALLEY X03#0",2026-09-30 13:37:49.273392+00:00,2026-10-10 12:24:06.234248+00:00,238.77
-25.7460794,28.3014398,MURRAYFIELD,CLYDE STREET,TSH,79900041,https://powerfailure.tshwane.gov.za/Tshwanesms/Map.aspx,"-25.7461,28.3014|MURRAYFIELD#0",2026-10-08 17:51:27.458247+00:00,2026-10-10 12:24:06.234248+00:00,42.54
-25.7499796,28.2994724,MURRAYFIELD,CLYDE STREET,TSH,79900041,https://powerfailure.tshwane.gov.za/Tshwanesms/Map.aspx,"-25.7500,28.2995|MURRAYFIELD#0",2026-10-08 10:27:19.292786+00:00,2026-10-10 12:24:06.234248+00:00,49.95
-25.7503886,28.3001368,MURRAYFIELD,ERIC STREET,TSH,79900041,https://powerfailure.tshwane.gov.za/Tshwanesms/Map.aspx,"-25.7504,28.3001|MURRAYFIELD#0",2026-10-09 19:30:15.533813+00:00,2026-10-10 12:24:06.234248+00:00,16.9
-25.7499414,28.3006031,MURRAYFIELD,ERIC STREET,TSH,79900041,https://powerfailure.tshwane.gov.za/Tshwanesms/Map.aspx,"-25.7499,28.3006|MURRAYFIELD#0",2026-10-10 12:24:06.234248+00:00,2026-10-10 12:24:06.234248+00:00,0.0
-25.749681,28.3023475,MURRAYFIELD,ERIC STREET,TSH,79900041,https://powerfailure.tshwane.gov.za/Tshwanesms/Map.aspx,"-25.7497,28.3023|MURRAYFIELD#0",2026-10-08 17:51:27.458247+00:00,2026-10-10 12:24:06.234248+00:00,42.54
-25.7470039,28.3089012,MURRAYFIELD,TREVOR STREET,TSH,79900041,https://powerfailure.tshwane.gov.za/Tshwanesms/Map.aspx,"-25.7470,28.3089|MURRAYFIELD#0",2026-10-05 15:56:27.539408+00:00,2026-10-10 12:24:06.234248+00:00,116.46
-25.7487621,28.312003,MURRAYFIELD,NATALIE AVENUE,TSH,79900041,https://powerfailure.tshwane.gov.za/Tshwanesms/Map.aspx,"-25.7488,28.3120|MURRAYFIELD#0",2026-10-08 17:51:27.458247+00:00,2026-10-10 12:24:06.234248+00:00,42.54
-25.752559,28.2986924,MURRAYFIELD X01,GLOUDINA ROAD,TSH,79900046,https://powerfailure.tshwane.gov.za/Tshwanesms/Map.aspx,"-25.7526,28.2987|MURRAYFIELD X01#0",2026-10-01 23:08:04.564933+00:00,2026-10-10 12:24:06.234248+00:00,205.27
-25.7527067,28.2997662,MURRAYFIELD X01,GLOUDINA ROAD,TSH,79900046,https://powerfailure.tshwane.gov.za/Tshwanesms/Map.aspx,"-25.7527,28.2998|MURRAYFIELD X01#0",2026-09-30 06:38:52.006832+00:00,2026-10-10 12:24:06.234248+00:00,245.75
-25.7531432,28.2989559,MURRAYFIELD X01,GLOUDINA ROAD,TSH,79900046,https://powerfailure.tshwane.gov.za/Tshwanesms/Map.aspx,"-25.7531,28.2990|MURRAYFIELD X01#0",2026-09-30 06:38:52.006832+00:00,2026-10-10 12:24:06.234248+00:00,245.75
-25.7534437,28.3004892,MURRAYFIELD X01,GLOUDINA ROAD,TSH,79900046,https://powerfailure.tshwane.gov.za/Tshwanesms/Map.aspx,"-25.7534,28.3005|MURRAYFIELD X01#0",2026-09-30 06:38:52.006832+00:00,2026-10-10 12:24:06.234248+00:00,245.75
-25.7535722,28.3011244,MURRAYFIELD X01,GLOUDINA ROAD,TSH,79900046,https://powerfailure.tshwane.gov.za/Tshwanesms/Map.aspx,"-25.7536,28.3011|MURRAYFIELD X01#0",2026-10-01 23:08:04.564933+00:00,2026-10-10 12:24:06.234248+00:00,205.27
-25.7585945,28.3001614,MURRAYFIELD X01,RUBIDA STREET,TSH,79900046,https://powerfailure.tshwane.gov.za/Tshwanesms/Map.aspx,"-25.7586,28.3002|MURRAYFIELD X01#0",2026-10-01 23:08:04.564933+00:00,2026-10-10 12:24:06.234248+00:00,205.27
-25.7412504,28.34823,NELLMAPIUS,DE PERS- PLACE,TSH,79900086,https://powerfailure.tshwane.gov.za/Tshwanesms/Map.aspx,"-25.7413,28.3482|NELLMAPIUS#0",2026-09-26 14:25:10.204350+00:00,2026-10-10 12:24:06.234248+00:00,333.98
-25.7370607,28.3683462,NELLMAPIUS X03,CT SPURS STREET,TSH,79900086,https://powerfailure.tshwane.gov.za/Tshwanesms/Map.aspx,"-25.7371,28.3683|NELLMAPIUS X03#0",2026-09-23 15:54:26.696532+00:00,2026-10-10 12:24:06.234248+00:00,404.49
-25.7353673,28.3724428,NELLMAPIUS X03,BALTSWOOD STREET,TSH,79900086,https://powerfailure.tshwane.gov.za/Tshwanesms/Map.aspx,"-25.7354,28.3724|NELLMAPIUS X03#0",2026-09-23 15:54:26.696532+00:00,2026-10-10 12:24:06.234248+00:00,404.49
-25.7344945,28.3639781,NELLMAPIUS X04,STERKTE CRESCENT,TSH,79900028,https://powerfailure.tshwane.gov.za/Tshwanesms/Map.aspx,"-25.7345,28.3640|NELLMAPIUS X04#0",2026-09-23 15:54:26.696532+00:00,2026-10-10 12:24:06.234248+00:00,404.49
-25.7292618,28.3623137,NELLMAPIUS X04,HALELUJA CRESCENT,TSH,79900028,https://powerfailure.tshwane.gov.za/Tshwanesms/Map.aspx,"-25.7293,28.3623|NELLMAPIUS X04#0",2026-10-04 13:09:40.651455+00:00,2026-10-10 12:24:06.234248+00:00,143.24
-25.7298319,28.3581167,NELLMAPIUS X04,THERESO STREET,TSH,79900028,https://powerfailure.tshwane.gov.za/Tshwanesms/Map.aspx,"-25.7298,28.3581|NELLMAPIUS X04#0",2026-09-23 15:54:26.696532+00:00,2026-10-10 12:24:06.234248+00:00,404.49
-25.7303716,28.3587775,NELLMAPIUS X04,THERESO STREET,TSH,79900028,https://powerfailure.tshwane.gov.za/Tshwanesms/Map.aspx,"-25.7304,28.3588|NELLMAPIUS X04#0",2026-09-26 14:25:10.204350+00:00,2026-10-10 12:24:06.234248+00:00,333.98
-25.7331503,28.3629161,NELLMAPIUS X04,HALLELUJAH CRESCENT,TSH,79900028,https://powerfailure.tshwane.gov.za/Tshwanesms/Map.aspx,"-25.7332,28.3629|NELLMAPIUS X04#0",2026-10-05 15:56:27.539408+00:00,2026-10-10 12:24:06.234248+00:00,116.46
-25.7333652,28.361534,NELLMAPIUS X04,HALLELUJAH CRESCENT,TSH,79900028,https://powerfailure.tshwane.gov.za/Tshwanesms/Map.aspx,"-25.7334,28.3615|NELLMAPIUS X04#0",2026-09-23 15:54:26.696532+00:00,2026-10-10 12:24:06.234248+00:00,404.49
-25.7325139,28.3603905,NELLMAPIUS X04,KARABO STREET,TSH,79900028,https://powerfailure.tshwane.gov.za/Tshwanesms/Map.aspx,"-25.7325,28.3604|NELLMAPIUS X04#0",2026-09-26 14:25:10.204350+00:00,2026-10-10 12:24:06.234248+00:00,333.98
-25.6762744,28.1585119,TILEBA,VAANDRAGER STREET,TSH,79900098,https://powerfailure.tshwane.gov.za/Tshwanesms/Map.aspx,"-25.6763,28.1585|TILEBA#0",2026-10-09 13:08:42.013082+00:00,2026-10-10 12:24:06.234248+00:00,23.26
-25.7251157,28.2118881,RIETFONTEIN,13TH AVENUE,TSH,79900053,https://powerfailure.tshwane.gov.za/Tshwanesms/Map.aspx,"-25.7251,28.2119|RIETFONTEIN#0",2026-10-09 13:08:42.013082+00:00,2026-10-10 12:24:06.234248+00:00,23.26
-25.6996996,28.2281511,RIETFONTEIN,26th AVENUE,TSH,79900054,https://powerfailure.tshwane.gov.za/Tshwanesms/Map.aspx,"-25.6997,28.2282|RIETFONTEIN#0",2026-10-08 10:27:19.292786+00:00,2026-10-10 12:24:06.234248+00:00,49.95
-25.6996996,28.2281511,RIETFONTEIN,26th AVENUE,TSH,79900054,https://powerfailure.tshwane.gov.za/Tshwanesms/Map.aspx,"-25.6997,28.2282|RIETFONTEIN#1",2026-10-10 12:24:06.234248+00:00,2026-10-10 12:24:06.234248+00:00,0.0
-25.723014,28.2112947,RIETFONTEIN,13TH AVENUE,TSH,79900053,https://powerfailure.tshwane.gov.za/Tshwanesms/Map.aspx,"-25.7230,28.2113|RIETFONTEIN#0",2026-10-09 13:08:42.013082+00:00,2026-10-10 12:24:06.234248+00:00,23.26
-25.7175291,28.2953081,SILVERTONDALE,MOSAIC ROAD,TSH,79900052,https://powerfailure.tshwane.gov.za/Tshwanesms/Map.aspx,"-25.7175,28.2953|SILVERTONDALE#0",2026-09-28 06:45:25.816546+00:00,2026-10-10 12:24:06.234248+00:00,293.64
-25.6759872,28.210456,SINOVILLE,GAMKA AVENUE,TSH,79900050,https://powerfailure.tshwane.gov.za/Tshwanesms/Map.aspx,"-25.6760,28.2105|SINOVILLE#0",2026-10-06 10:08:41.992184+00:00,2026-10-10 12:24:06.234248+00:00,98.26
-25.6771001,28.2088359,SINOVILLE,SABIE AVE,TSH,79900050,https://powerfailure.tshwane.gov.za/Tshwanesms/Map.aspx,"-25.6771,28.2088|SINOVILLE#0",2026-10-06 10:08:41.992184+00:00,2026-10-10 12:24:06.234248+00:00,98.26
-25.8460093,28.1346361,ZWARTKOP 356-JR,BEATRIX AVENUE,TSH,79900070,https://powerfailure.tshwane.gov.za/Tshwanesms/Map.aspx,"-25.8460,28.1346|ZWARTKOP 356-JR#0",2026-10-10 12:24:06.234248+00:00,2026-10-10 12:24:06.234248+00:00,0.0
-25.8563965,28.1724298,ZWARTKOP X07,TARENTAAL NOOK,TSH,79900066,https://powerfailure.tshwane.gov.za/Tshwanesms/Map.aspx,"-25.8564,28.1724|ZWARTKOP X07#0",2026-10-10 12:24:06.234248+00:00,2026-10-10 12:24:06.234248+00:00,0.0
-25.6874221,28.2705047,MONTANA PARK X01,VISVANGER ROAD,TSH,79900005,https://powerfailure.tshwane.gov.za/Tshwanesms/Map.aspx,"-25.6874,28.2705|MONTANA PARK X01#0",2026-09-23 15:54:26.696532+00:00,2026-10-10 12:24:06.234248+00:00,404.49
-25.686041,28.2604126,MONTANA PARK X40,DABCHICK STREET,TSH,79900005,https://powerfailure.tshwane.gov.za/Tshwanesms/Map.aspx,"-25.6860,28.2604|MONTANA PARK X40#0",2026-09-23 15:54:26.696532+00:00,2026-10-10 12:24:06.234248+00:00,404.49
-25.6842451,28.1967713,ANNLIN,ANNA AVENUE,TSH,79900050,https://powerfailure.tshwane.gov.za/Tshwanesms/Map.aspx,"-25.6842,28.1968|ANNLIN#0",2026-10-03 17:56:38.270365+00:00,2026-10-10 12:24:06.234248+00:00,162.46
-25.7610794,28.344833,EQUESTRIA X11,CURA AVE,TSH,79900085,https://powerfailure.tshwane.gov.za/Tshwanesms/Map.aspx,"-25.7611,28.3448|EQUESTRIA X11#0",2026-09-29 08:23:13.536342+00:00,2026-10-10 12:24:06.234248+00:00,268.01
-25.766181,28.3461019,EQUESTRIA X116,STELLENBERG ROAD,TSH,79900085,https://powerfailure.tshwane.gov.za/Tshwanesms/Map.aspx,"-25.7662,28.3461|EQUESTRIA X116#0",2026-09-29 08:23:13.536342+00:00,2026-10-10 12:24:06.234248+00:00,268.01
-25.7782846,28.0843508,ATTERIDGEVILLE,SEMENYA STREET,TSH,79900051,https://powerfailure.tshwane.gov.za/Tshwanesms/Map.aspx,"-25.7783,28.0844|ATTERIDGEVILLE#0",2026-09-23 15:54:26.696532+00:00,2026-10-10 12:24:06.234248+00:00,404.49
-25.5998375,28.1097466,SOSHANGUVE-B,A12931,TSH,79900090,https://powerfailure.tshwane.gov.za/Tshwanesms/Map.aspx,"-25.5998,28.1097|SOSHANGUVE-B#0",2026-09-23 15:54:26.696532+00:00,2026-10-10 12:24:06.234248+00:00,404.49
-25.4889427,28.105368,SOSHANGUVE-BB,STAND 865,TSH,79900033,https://powerfailure.tshwane.gov.za/Tshwanesms/Map.aspx,"-25.4889,28.1054|SOSHANGUVE-BB#0",2026-09-29 20:42:53.961596+00:00,2026-10-10 12:24:06.234248+00:00,255.69
-25.7095025,28.150081,DASPOORT,VAN DER STELL STREET,TSH,79900001,https://powerfailure.tshwane.gov.za/Tshwanesms/Map.aspx,"-25.7095,28.1501|DASPOORT#0",2026-10-09 19:30:15.533813+00:00,2026-10-10 12:24:06.234248+00:00,16.9
-25.5079174,28.1150533,SOSHANGUVE-G,STAND 1155,TSH,79900033,https://powerfailure.tshwane.gov.za/Tshwanesms/Map.aspx,"-25.5079,28.1151|SOSHANGUVE-G#0",2026-09-23 15:54:26.696532+00:00,2026-10-10 12:24:06.234248+00:00,404.49
-25.5470686,28.102093,SOSHANGUVE-L,STAND 2109,TSH,79900035,https://powerfailure.tshwane.gov.za/Tshwanesms/Map.aspx,"-25.5471,28.1021|SOSHANGUVE-L#0",2026-09-29 20:42:53.961596+00:00,2026-10-10 12:24:06.234248+00:00,255.69
-25.5321222,28.0936087,SOSHANGUVE-M,STAND 341,TSH,79900035,https://powerfailure.tshwane.gov.za/Tshwanesms/Map.aspx,"-25.5321,28.0936|SOSHANGUVE-M#0",2026-09-28 21:54:04.654174+00:00,2026-10-10 12:24:06.234248+00:00,278.5
-25.5353655,28.0944717,SOSHANGUVE-M,STAND 812,TSH,79900035,https://powerfailure.tshwane.gov.za/Tshwanesms/Map.aspx,"-25.5354,28.0945|SOSHANGUVE-M#0",2026-09-28 21:54:04.654174+00:00,2026-10-10 12:24:06.234248+00:00,278.5
-25.7949213,28.2998214,GARSFONTEIN,SERENE STREET,TSH,79900044,https://powerfailure.tshwane.gov.za/Tshwanesms/Map.aspx,"-25.7949,28.2998|GARSFONTEIN#0",2026-10-10 12:24:06.234248+00:00,2026-10-10 12:24:06.234248+00:00,0.0
-25.7990934,28.3091794,GARSFONTEIN X04,THELMA STREET,TSH,79900045,https://powerfailure.tshwane.gov.za/Tshwanesms/Map.aspx,"-25.7991,28.3092|GARSFONTEIN X04#0",2026-10-10 12:24:06.234248+00:00,2026-10-10 12:24:06.234248+00:00,0.0
-25.7962816,28.2876107,GARSFONTEIN X06,ELEANOR STREET,TSH,79900045,https://powerfailure.tshwane.gov.za/Tshwanesms/Map.aspx,"-25.7963,28.2876|GARSFONTEIN X06#0",2026-10-10 12:24:06.234248+00:00,2026-10-10 12:24:06.234248+00:00,0.0
-25.7912627,28.292687,GARSFONTEIN X08,RINA VAN ZYL STREET,TSH,79900045,https://powerfailure.tshwane.gov.za/Tshwanesms/Map.aspx,"-25.7913,28.2927|GARSFONTEIN X08#0",2026-10-10 12:24:06.234248+00:00,2026-10-10 12:24:06.234248+00:00,0.0
-25.7940436,28.2864903,GARSFONTEIN X08,MOLLY RYDE STREET,TSH,79900045,https://powerfailure.tshwane.gov.za/Tshwanesms/Map.aspx,"-25.7940,28.2865|GARSFONTEIN X08#0",2026-10-10 12:24:06.234248+00:00,2026-10-10 12:24:06.234248+00:00,0.0
-25.8015644,28.3050256,GARSFONTEIN X14,MIAS STREET,TSH,79900045,https://powerfailure.tshwane.gov.za/Tshwanesms/Map.aspx,"-25.8016,28.3050|GARSFONTEIN X14#0",2026-10-10 12:24:06.234248+00:00,2026-10-10 12:24:06.234248+00:00,0.0
-25.7988598,28.3054177,GARSFONTEIN X14,EDGAR STREET,TSH,79900045,https://powerfailure.tshwane.gov.za/Tshwanesms/Map.aspx,"-25.7989,28.3054|GARSFONTEIN X14#0",2026-10-10 12:24:06.234248+00:00,2026-10-10 12:24:06.234248+00:00,0.0
-25.726943,28.3983953,MAMELODI X03,STAND 21520,TSH,79900015,https://powerfailure.tshwane.gov.za/Tshwanesms/Map.aspx,"-25.7269,28.3984|MAMELODI X03#0",2026-09-23 15:54:26.696532+00:00,2026-10-10 12:24:06.234248+00:00,404.49
-25.7289875,28.3972584,MAMELODI X03,STAND 21798,TSH,79900015,https://powerfailure.tshwane.gov.za/Tshwanesms/Map.aspx,"-25.7290,28.3973|MAMELODI X03#0",2026-09-23 15:54:26.696532+00:00,2026-10-10 12:24:06.234248+00:00,404.49
-25.738422,28.3822559,NELLMAPIUS X08,PLATINUM STREET,TSH,79900015,https://powerfailure.tshwane.gov.za/Tshwanesms/Map.aspx,"-25.7384,28.3823|NELLMAPIUS X08#0",2026-10-06 22:37:35.817764+00:00,2026-10-10 12:24:06.234248+00:00,85.78
-25.7385385,28.3882543,NELLMAPIUS X08,UMKHENCE STREET,TSH,79900015,https://powerfailure.tshwane.gov.za/Tshwanesms/Map.aspx,"-25.7385,28.3883|NELLMAPIUS X08#0",2026-10-07 23:02:05.111773+00:00,2026-10-10 12:24:06.234248+00:00,61.37
-25.7374762,28.3895603,NELLMAPIUS X08,UMKHENCE STREET,TSH,79900015,https://powerfailure.tshwane.gov.za/Tshwanesms/Map.aspx,"-25.7375,28.3896|NELLMAPIUS X08#0",2026-09-23 15:54:26.696532+00:00,2026-10-10 12:24:06.234248+00:00,404.49
-25.7303788,28.3494853,NELLMAPIUS x  14,STAND,TSH,79900028,https://powerfailure.tshwane.gov.za/Tshwanesms/Map.aspx,"-25.7304,28.3495|NELLMAPIUS X 14#0",2026-09-23 15:54:26.696532+00:00,2026-10-10 12:24:06.234248+00:00,404.49
-25.9135163,28.095721,OLIEVENHOUTBOS X13,MOHLOPI STREET,TSH,79900106,https://powerfailure.tshwane.gov.za/Tshwanesms/Map.aspx,"-25.9135,28.0957|OLIEVENHOUTBOS X13#0",2026-10-08 02:40:40.316635+00:00,2026-10-10 12:24:06.234248+00:00,57.72
-25.7520409,28.186662,PRETORIA,VISAGIE STREET,TSH,79900058,https://powerfailure.tshwane.gov.za/Tshwanesms/Map.aspx,"-25.7520,28.1867|PRETORIA#0",2026-10-07 23:02:05.111773+00:00,2026-10-10 12:24:06.234248+00:00,61.37
-25.7466216,28.153842,PRETORIA,CHRISTOFFEL STREET,TSH,79900003,https://powerfailure.tshwane.gov.za/Tshwanesms/Map.aspx,"-25.7466,28.1538|PRETORIA#0",2026-10-09 13:08:42.013082+00:00,2026-10-10 12:24:06.234248+00:00,23.26
-25.7443571,28.1862914,PRETORIA,PROES STREET,TSH,79900058,https://powerfailure.tshwane.gov.za/Tshwanesms/Map.aspx,"-25.7444,28.1863|PRETORIA#0",2026-10-07 23:02:05.111773+00:00,2026-10-10 12:24:06.234248+00:00,61.37
-25.6794049,28.212618,SINOVILLE,SEFAKO MAKGATHO DRIVE,TSH,79900050,https://powerfailure.tshwane.gov.za/Tshwanesms/Map.aspx,"-25.6794,28.2126|SINOVILLE#0",2026-10-06 17:09:53.951304+00:00,2026-10-10 12:24:06.234248+00:00,91.24
-25.6780108,28.2241109,SINOVILLE,ALPHA AVENUE,TSH,79900050,https://powerfailure.tshwane.gov.za/Tshwanesms/Map.aspx,"-25.6780,28.2241|SINOVILLE#0",2026-10-07 10:10:01.835441+00:00,2026-10-10 12:24:06.234248+00:00,74.23
-25.6774484,28.2217252,SINOVILLE,ORSULA STREET,TSH,79900050,https://powerfailure.tshwane.gov.za/Tshwanesms/Map.aspx,"-25.6774,28.2217|SINOVILLE#0",2026-10-06 17:09:53.951304+00:00,2026-10-10 12:24:06.234248+00:00,91.24
-25.6895384,28.2221096,SINOVILLE,MOLOPO AVENUE,TSH,79900050,https://powerfailure.tshwane.gov.za/Tshwanesms/Map.aspx,"-25.6895,28.2221|SINOVILLE#0",2026-10-06 10:08:41.992184+00:00,2026-10-10 12:24:06.234248+00:00,98.26
-25.5352187,28.0753335,KOPANONG,STAND,TSH,79900020,https://powerfailure.tshwane.gov.za/Tshwanesms/Map.aspx,"-25.5352,28.0753|KOPANONG#0",2026-10-02 05:27:49.244134+00:00,2026-10-10 12:24:06.234248+00:00,198.94
-25.7500351,28.293477,VAL-DE-GRACE,KREMETART STREET,TSH,79900046,https://powerfailure.tshwane.gov.za/Tshwanesms/Map.aspx,"-25.7500,28.2935|VAL-DE-GRACE#0",2026-09-23 15:54:26.696532+00:00,2026-10-10 12:24:06.234248+00:00,404.49
-25.7507916,28.2933306,VAL-DE-GRACE,KREMETART STREET,TSH,79900046,https://powerfailure.tshwane.gov.za/Tshwanesms/Map.aspx,"-25.7508,28.2933|VAL-DE-GRACE#0",2026-10-01 13:04:14.443671+00:00,2026-10-10 12:24:06.234248+00:00,215.33
-25.7408033,28.2928683,VAL-DE-GRACE,MARILI AVENUE,TSH,79900046,https://powerfailure.tshwane.gov.za/Tshwanesms/Map.aspx,"-25.7408,28.2929|VAL-DE-GRACE#0",2026-09-29 08:23:13.536342+00:00,2026-10-10 12:24:06.234248+00:00,268.01
-25.8449115,28.1452403,WIERDAPARK X01,PENGUIN CRESCENT,TSH,79900070,https://powerfailure.tshwane.gov.za/Tshwanesms/Map.aspx,"-25.8449,28.1452|WIERDAPARK X01#0",2026-10-10 12:24:06.234248+00:00,2026-10-10 12:24:06.234248+00:00,0.0
-25.8467649,28.1456719,WIERDAPARK X01,TORTELDUIF ROAD,TSH,79900070,https://powerfailure.tshwane.gov.za/Tshwanesms/Map.aspx,"-25.8468,28.1457|WIERDAPARK X01#0",2026-10-10 12:24:06.234248+00:00,2026-10-10 12:24:06.234248+00:00,0.0
-25.8570948,28.1349474,WIERDAPARK X06,SEESWAEL ROAD,TSH,79900070,https://powerfailure.tshwane.gov.za/Tshwanesms/Map.aspx,"-25.8571,28.1349|WIERDAPARK X06#0",2026-10-10 12:24:06.234248+00:00,2026-10-10 12:24:06.234248+00:00,0.0
-25.8574458,28.1355812,WIERDAPARK X06,SEESWAEL ROAD,TSH,79900070,https://powerfailure.tshwane.gov.za/Tshwanesms/Map.aspx,"-25.8574,28.1356|WIERDAPARK X06#0",2026-10-10 12:24:06.234248+00:00,2026-10-10 12:24:06.234248+00:00,0.0
-25.8578264,28.1353889,WIERDAPARK X06,CANARY ROAD,TSH,79900070,https://powerfailure.tshwane.gov.za/Tshwanesms/Map.aspx,"-25.8578,28.1354|WIERDAPARK X06#0",2026-10-10 12:24:06.234248+00:00,2026-10-10 12:24:06.234248+00:00,0.0
-25.8587636,28.1369613,WIERDAPARK X06,QUELEA AVENUE,TSH,79900070,https://powerfailure.tshwane.gov.za/Tshwanesms/Map.aspx,"-25.8588,28.1370|WIERDAPARK X06#0",2026-10-10 12:24:06.234248+00:00,2026-10-10 12:24:06.234248+00:00,0.0
-25.6628177,28.1598963,WOLMER,HORN STREET,TSH,79900002,https://powerfailure.tshwane.gov.za/Tshwanesms/Map.aspx,"-25.6628,28.1599|WOLMER#0",2026-10-09 13:08:42.013082+00:00,2026-10-10 12:24:06.234248+00:00,23.26
-25.6632096,28.1652716,WOLMER,BAKENKLOOF STREET,TSH,79900002,https://powerfailure.tshwane.gov.za/Tshwanesms/Map.aspx,"-25.6632,28.1653|WOLMER#0",2026-10-09 13:08:42.013082+00:00,2026-10-10 12:24:06.234248+00:00,23.26
-25.6661875,28.1580245,WOLMER,DEETLEFS STREET,TSH,79900002,https://powerfailure.tshwane.gov.za/Tshwanesms/Map.aspx,"-25.6662,28.1580|WOLMER#0",2026-10-09 13:08:42.013082+00:00,2026-10-10 12:24:06.234248+00:00,23.26
-25.6674094,28.1610614,WOLMER,VELDKORNET ROOS STREET,TSH,79900002,https://powerfailure.tshwane.gov.za/Tshwanesms/Map.aspx,"-25.6674,28.1611|WOLMER#0",2026-10-09 13:08:42.013082+00:00,2026-10-10 12:24:06.234248+00:00,23.26
-25.6678678,28.1616253,WOLMER,STASIE STREET,TSH,79900002,https://powerfailure.tshwane.gov.za/Tshwanesms/Map.aspx,"-25.6679,28.1616|WOLMER#0",2026-10-09 13:08:42.013082+00:00,2026-10-10 12:24:06.234248+00:00,23.26
-25.6680845,28.1576831,WOLMER,STASIE STREET,TSH,79900002,https://powerfailure.tshwane.gov.za/Tshwanesms/Map.aspx,"-25.6681,28.1577|WOLMER#0",2026-10-09 13:08:42.013082+00:00,2026-10-10 12:24:06.234248+00:00,23.26
-25.6685377,28.1638987,WOLMER,BROODRYK STREET,TSH,79900002,https://powerfailure.tshwane.gov.za/Tshwanesms/Map.aspx,"-25.6685,28.1639|WOLMER#0",2026-10-08 23:17:48.201218+00:00,2026-10-10 12:24:06.234248+00:00,37.11
-25.7930479,28.4420642,MOOIPLAATS 367-JR,MOOIPLAATS,TSH,79900101,https://powerfailure.tshwane.gov.za/Tshwanesms/Map.aspx,"-25.7930,28.4421|MOOIPLAATS 367-JR#0",2026-10-09 13:08:42.013082+00:00,2026-10-10 12:24:06.234248+00:00,23.26
-25.6785994,28.1120183,AMANDASIG,IVY STREET,TSH,79900098,https://powerfailure.tshwane.gov.za/Tshwanesms/Map.aspx,"-25.6786,28.1120|AMANDASIG#0",2026-09-23 15:54:26.696532+00:00,2026-10-10 12:24:06.234248+00:00,404.49
-25.6802732,28.1170174,AMANDASIG X12,WILDE SERING,TSH,79900098,https://powerfailure.tshwane.gov.za/Tshwanesms/Map.aspx,"-25.6803,28.1170|AMANDASIG X12#0",2026-09-23 15:54:26.696532+00:00,2026-10-10 12:24:06.234248+00:00,404.49
-25.668417,28.114316,KARENPARK,MARANTA AVENUE,TSH,79900004,https://powerfailure.tshwane.gov.za/Tshwanesms/Map.aspx,"-25.6684,28.1143|KARENPARK#0",2026-09-23 15:54:26.696532+00:00,2026-10-10 12:24:06.234248+00:00,404.49
-25.656888,28.1100977,KARENPARK X40,EMBUIA STREET,TSH,79900004,https://powerfailure.tshwane.gov.za/Tshwanesms/Map.aspx,"-25.6569,28.1101|KARENPARK X40#0",2026-09-23 15:54:26.696532+00:00,2026-10-10 12:24:06.234248+00:00,404.49
-25.5813139,28.0710054,SOSHANGUVE SOUTH X04,STAND 3969,TSH,79900037,https://powerfailure.tshwane.gov.za/Tshwanesms/Map.aspx,"-25.5813,28.0710|SOSHANGUVE SOUTH X04#0",2026-09-23 15:54:26.696532+00:00,2026-10-10 12:24:06.234248+00:00,404.49
-25.835503,28.1473994,ELDORAIGNE,SAXBY AVENUE WEST,TSH,79900069,https://powerfailure.tshwane.gov.za/Tshwanesms/Map.aspx,"-25.8355,28.1474|ELDORAIGNE#0",2026-10-10 12:24:06.234248+00:00,2026-10-10 12:24:06.234248+00:00,0.0
-25.837933,28.1490743,ELDORAIGNE,SAXBY AVENUE WEST,TSH,79900069,https://powerfailure.tshwane.gov.za/Tshwanesms/Map.aspx,"-25.8379,28.1491|ELDORAIGNE#0",2026-10-10 12:24:06.234248+00:00,2026-10-10 12:24:06.234248+00:00,0.0
-25.8390476,28.151048,ELDORAIGNE,CRADOCK AVENUE,TSH,79900069,https://powerfailure.tshwane.gov.za/Tshwanesms/Map.aspx,"-25.8390,28.1510|ELDORAIGNE#0",2026-10-10 12:24:06.234248+00:00,2026-10-10 12:24:06.234248+00:00,0.0
-25.8402663,28.1521346,ELDORAIGNE,SAXBY AVENUE WEST,TSH,79900069,https://powerfailure.tshwane.gov.za/Tshwanesms/Map.aspx,"-25.8403,28.1521|ELDORAIGNE#0",2026-10-10 12:24:06.234248+00:00,2026-10-10 12:24:06.234248+00:00,0.0
-25.8381306,28.1479311,ELDORAIGNE,CHRISTOPHER ROAD,TSH,79900069,https://powerfailure.tshwane.gov.za/Tshwanesms/Map.aspx,"-25.8381,28.1479|ELDORAIGNE#0",2026-10-10 12:24:06.234248+00:00,2026-10-10 12:24:06.234248+00:00,0.0
-25.8411334,28.1491964,ELDORAIGNE,GEORGE ROAD,TSH,79900069,https://powerfailure.tshwane.gov.za/Tshwanesms/Map.aspx,"-25.8411,28.1492|ELDORAIGNE#0",2026-10-10 12:24:06.234248+00:00,2026-10-10 12:24:06.234248+00:00,0.0
-25.8481618,28.1569082,ELDORAIGNE,HENRI ROAD,TSH,79900069,https://powerfailure.tshwane.gov.za/Tshwanesms/Map.aspx,"-25.8482,28.1569|ELDORAIGNE#0",2026-10-10 12:24:06.234248+00:00,2026-10-10 12:24:06.234248+00:00,0.0
-25.8332453,28.151239,ELDORAIGNE X01,TERESA ROAD,TSH,79900069,https://powerfailure.tshwane.gov.za/Tshwanesms/Map.aspx,"-25.8332,28.1512|ELDORAIGNE X01#0",2026-10-10 12:24:06.234248+00:00,2026-10-10 12:24:06.234248+00:00,0.0
-25.8347386,28.1593181,ELDORAIGNE X01,FREDERIK AVENUE,TSH,79900069,https://powerfailure.tshwane.gov.za/Tshwanesms/Map.aspx,"-25.8347,28.1593|ELDORAIGNE X01#0",2026-10-10 12:24:06.234248+00:00,2026-10-10 12:24:06.234248+00:00,0.0
-25.8382974,28.1567647,ELDORAIGNE X01,VAN DER MERWE AVENUE,TSH,79900069,https://powerfailure.tshwane.gov.za/Tshwanesms/Map.aspx,"-25.8383,28.1568|ELDORAIGNE X01#0",2026-10-10 12:24:06.234248+00:00,2026-10-10 12:24:06.234248+00:00,0.0
-25.8424257,28.1579986,ELDORAIGNE X01,SHIRLEY ROAD,TSH,79900069,https://powerfailure.tshwane.gov.za/Tshwanesms/Map.aspx,"-25.8424,28.1580|ELDORAIGNE X01#0",2026-10-10 12:24:06.234248+00:00,2026-10-10 12:24:06.234248+00:00,0.0
-25.8432637,28.1588802,ELDORAIGNE X01,SHIRLEY ROAD,TSH,79900069,https://powerfailure.tshwane.gov.za/Tshwanesms/Map.aspx,"-25.8433,28.1589|ELDORAIGNE X01#0",2026-10-10 12:24:06.234248+00:00,2026-10-10 12:24:06.234248+00:00,0.0
-25.8437069,28.1610562,ELDORAIGNE X01,SHIRLEY ROAD,TSH,79900069,https://powerfailure.tshwane.gov.za/Tshwanesms/Map.aspx,"-25.8437,28.1611|ELDORAIGNE X01#0",2026-10-10 12:24:06.234248+00:00,2026-10-10 12:24:06.234248+00:00,0.0
-25.846165,28.1574392,ELDORAIGNE X01,KOOS SMAL ROAD,TSH,79900069,https://powerfailure.tshwane.gov.za/Tshwanesms/Map.aspx,"-25.8462,28.1574|ELDORAIGNE X01#0",2026-10-10 12:24:06.234248+00:00,2026-10-10 12:24:06.234248+00:00,0.0
-25.8480423,28.1605363,ELDORAIGNE X01,EWALD ROAD,TSH,79900069,https://powerfailure.tshwane.gov.za/Tshwanesms/Map.aspx,"-25.8480,28.1605|ELDORAIGNE X01#0",2026-10-10 12:24:06.234248+00:00,2026-10-10 12:24:06.234248+00:00,0.0
-25.8432257,28.1625656,ELDORAIGNE X01,FREDERIK AVENUE,TSH,79900069,https://powerfailure.tshwane.gov.za/Tshwanesms/Map.aspx,"-25.8432,28.1626|ELDORAIGNE X01#0",2026-10-10 12:24:06.234248+00:00,2026-10-10 12:24:06.234248+00:00,0.0
-25.8436092,28.1509702,ELDORAIGNE X02,KAREE AVENUE,TSH,79900069,https://powerfailure.tshwane.gov.za/Tshwanesms/Map.aspx,"-25.8436,28.1510|ELDORAIGNE X02#0",2026-10-10 12:24:06.234248+00:00,2026-10-10 12:24:06.234248+00:00,0.0
-25.8443499,28.1508052,ELDORAIGNE X02,KIEPERSOL ROAD,TSH,79900069,https://powerfailure.tshwane.gov.za/Tshwanesms/Map.aspx,"-25.8443,28.1508|ELDORAIGNE X02#0",2026-10-10 12:24:06.234248+00:00,2026-10-10 12:24:06.234248+00:00,0.0
-25.8605139,28.1533483,ELDORAIGNE X06,WILLEM BOTHA AVENUE,TSH,79900069,https://powerfailure.tshwane.gov.za/Tshwanesms/Map.aspx,"-25.8605,28.1533|ELDORAIGNE X06#0",2026-10-10 12:24:06.234248+00:00,2026-10-10 12:24:06.234248+00:00,0.0
-25.8623947,28.1564944,ELDORAIGNE X06,CLARK STREET,TSH,79900069,https://powerfailure.tshwane.gov.za/Tshwanesms/Map.aspx,"-25.8624,28.1565|ELDORAIGNE X06#0",2026-10-10 12:24:06.234248+00:00,2026-10-10 12:24:06.234248+00:00,0.0
-25.8528209,28.1511614,ELDORAIGNE X11,SUNI NOOK,TSH,79900069,https://powerfailure.tshwane.gov.za/Tshwanesms/Map.aspx,"-25.8528,28.1512|ELDORAIGNE X11#0",2026-10-10 12:24:06.234248+00:00,2026-10-10 12:24:06.234248+00:00,0.0
-25.8553113,28.1580857,ELDORAIGNE X03,MULDER'S MILE .,TSH,79900069,https://powerfailure.tshwane.gov.za/Tshwanesms/Map.aspx,"-25.8553,28.1581|ELDORAIGNE X03#0",2026-10-10 12:24:06.234248+00:00,2026-10-10 12:24:06.234248+00:00,0.0
-25.8611956,28.1622329,ELDORAIGNE,WILLEM ROAD,TSH,79900069,https://powerfailure.tshwane.gov.za/Tshwanesms/Map.aspx,"-25.8612,28.1622|ELDORAIGNE#0",2026-10-10 12:24:06.234248+00:00,2026-10-10 12:24:06.234248+00:00,0.0
-25.8604176,28.1616851,ELDORAIGNE X03,INGRID'S ISLE,TSH,79900069,https://powerfailure.tshwane.gov.za/Tshwanesms/Map.aspx,"-25.8604,28.1617|ELDORAIGNE X03#0",2026-10-10 12:24:06.234248+00:00,2026-10-10 12:24:06.234248+00:00,0.0
-25.8606411,28.1612653,ELDORAIGNE X03,SWART STREET,TSH,79900069,https://powerfailure.tshwane.gov.za/Tshwanesms/Map.aspx,"-25.8606,28.1613|ELDORAIGNE X03#0",2026-10-10 12:24:06.234248+00:00,2026-10-10 12:24:06.234248+00:00,0.0
-25.8628611,28.1578019,ELDORAIGNE X03,JACOB STREET,TSH,79900069,https://powerfailure.tshwane.gov.za/Tshwanesms/Map.aspx,"-25.8629,28.1578|ELDORAIGNE X03#0",2026-10-10 12:24:06.234248+00:00,2026-10-10 12:24:06.234248+00:00,0.0
-25.8415552,28.1442617,ELDORAIGNE X33,LINDIE CLOSE.,TSH,79900070,https://powerfailure.tshwane.gov.za/Tshwanesms/Map.aspx,"-25.8416,28.1443|ELDORAIGNE X33#0",2026-10-10 12:24:06.234248+00:00,2026-10-10 12:24:06.234248+00:00,0.0
-25.8393096,28.1410752,ELDORAIGNE X35,FERGIE PLACE,TSH,79900070,https://powerfailure.tshwane.gov.za/Tshwanesms/Map.aspx,"-25.8393,28.1411|ELDORAIGNE X35#0",2026-10-10 12:24:06.234248+00:00,2026-10-10 12:24:06.234248+00:00,0.0
-25.8391358,28.1368701,ELDORAIGNE X38,PESETAS STREET,TSH,79900070,https://powerfailure.tshwane.gov.za/Tshwanesms/Map.aspx,"-25.8391,28.1369|ELDORAIGNE X38#0",2026-10-10 12:24:06.234248+00:00,2026-10-10 12:24:06.234248+00:00,0.0
-25.8373861,28.1334728,ELDORAIGNE X40,ROUBLE STREET,TSH,79900070,https://powerfailure.tshwane.gov.za/Tshwanesms/Map.aspx,"-25.8374,28.1335|ELDORAIGNE X40#0",2026-10-10 12:24:06.234248+00:00,2026-10-10 12:24:06.234248+00:00,0.0
-25.8351644,28.1379732,ELDORAIGNE X42,BONDEV DRIVE EAST,TSH,79900070,https://powerfailure.tshwane.gov.za/Tshwanesms/Map.aspx,"-25.8352,28.1380|ELDORAIGNE X42#0",2026-10-10 12:24:06.234248+00:00,2026-10-10 12:24:06.234248+00:00,0.0
-25.8337868,28.1386433,ELDORAIGNE X42,BILBO STREET,TSH,79900070,https://powerfailure.tshwane.gov.za/Tshwanesms/Map.aspx,"-25.8338,28.1386|ELDORAIGNE X42#0",2026-10-10 12:24:06.234248+00:00,2026-10-10 12:24:06.234248+00:00,0.0
-25.8355373,28.1391294,ELDORAIGNE X42,BONDEV DRIVE,TSH,79900070,https://powerfailure.tshwane.gov.za/Tshwanesms/Map.aspx,"-25.8355,28.1391|ELDORAIGNE X42#0",2026-10-10 12:24:06.234248+00:00,2026-10-10 12:24:06.234248+00:00,0.0
-25.8334542,28.1418065,ELDORAIGNE X53,LANG VERWAGT STREET,TSH,79900070,https://powerfailure.tshwane.gov.za/Tshwanesms/Map.aspx,"-25.8335,28.1418|ELDORAIGNE X53#0",2026-10-10 12:24:06.234248+00:00,2026-10-10 12:24:06.234248+00:00,0.0
-25.4408643,28.1172505,SOSHANGUVE-V,STAND,TSH,79900025,https://powerfailure.tshwane.gov.za/Tshwanesms/Map.aspx,"-25.4409,28.1173|SOSHANGUVE-V#0",2026-09-27 06:34:15.487790+00:00,2026-10-10 12:24:06.234248+00:00,317.83
-25.4403786,28.1214199,SOSHANGUVE-V,STAND,TSH,79900025,https://powerfailure.tshwane.gov.za/Tshwanesms/Map.aspx,"-25.4404,28.1214|SOSHANGUVE-V#0",2026-10-08 17:51:27.458247+00:00,2026-10-10 12:24:06.234248+00:00,42.54
-25.4428089,28.1183207,SOSHANGUVE-V,STAND,TSH,79900025,https://powerfailure.tshwane.gov.za/Tshwanesms/Map.aspx,"-25.4428,28.1183|SOSHANGUVE-V#0",2026-09-28 06:45:25.816546+00:00,2026-10-10 12:24:06.234248+00:00,293.64
-25.4530495,28.1226936,SOSHANGUVE-W,STAND,TSH,79900027,https://powerfailure.tshwane.gov.za/Tshwanesms/Map.aspx,"-25.4530,28.1227|SOSHANGUVE-W#0",2026-10-06 17:09:53.951304+00:00,2026-10-10 12:24:06.234248+00:00,91.24
-25.7177391,27.9282962,RIETFONTEIN 485-JQ,PL MVS-165-02S-43W-17N (STAND 271),NW372,63702030,https://powerfailure.tshwane.gov.za/Tshwanesms/Map.aspx,"-25.7177,27.9283|RIETFONTEIN 485-JQ#0",2026-10-09 19:30:15.533813+00:00,2026-10-10 12:24:06.234248+00:00,16.9
-25.4820345,28.1386997,SOSHANGUVE-Y,STAND 143,TSH,79900088,https://powerfailure.tshwane.gov.za/Tshwanesms/Map.aspx,"-25.4820,28.1387|SOSHANGUVE-Y#0",2026-09-29 20:42:53.961596+00:00,2026-10-10 12:24:06.234248+00:00,255.69
-25.7017493,28.3565864,MAMELODI,STAND  3659,TSH,79900023,https://powerfailure.tshwane.gov.za/Tshwanesms/Map.aspx,"-25.7017,28.3566|MAMELODI#0",2026-09-25 10:58:56.127220+00:00,2026-10-10 12:24:06.234248+00:00,361.42
-25.7207252,28.3990613,MAMELODI X05,RAMABULANE STREET,TSH,79900016,https://powerfailure.tshwane.gov.za/Tshwanesms/Map.aspx,"-25.7207,28.3991|MAMELODI X05#0",2026-10-01 05:43:47.300229+00:00,2026-10-10 12:24:06.234248+00:00,222.67
-25.7417785,28.3010932,MEYERSPARK,VAN DER MERWE STREET,TSH,79900041,https://powerfailure.tshwane.gov.za/Tshwanesms/Map.aspx,"-25.7418,28.3011|MEYERSPARK#0",2026-10-08 17:51:27.458247+00:00,2026-10-10 12:24:06.234248+00:00,42.54
-25.7440091,28.3011346,MEYERSPARK,LILIAN STREET,TSH,79900041,https://powerfailure.tshwane.gov.za/Tshwanesms/Map.aspx,"-25.7440,28.3011|MEYERSPARK#0",2026-10-09 13:08:42.013082+00:00,2026-10-10 12:24:06.234248+00:00,23.26
-25.7417177,28.3074661,MEYERSPARK,RABIE STREET,TSH,79900041,https://powerfailure.tshwane.gov.za/Tshwanesms/Map.aspx,"-25.7417,28.3075|MEYERSPARK#0",2026-10-08 17:51:27.458247+00:00,2026-10-10 12:24:06.234248+00:00,42.54
-25.7380452,28.3144847,MEYERSPARK,MOLLER STREET,TSH,79900041,https://powerfailure.tshwane.gov.za/Tshwanesms/Map.aspx,"-25.7380,28.3145|MEYERSPARK#0",2026-10-08 17:51:27.458247+00:00,2026-10-10 12:24:06.234248+00:00,42.54
-25.7379093,28.3172975,MEYERSPARK,KEUNING STREET,TSH,79900041,https://powerfailure.tshwane.gov.za/Tshwanesms/Map.aspx,"-25.7379,28.3173|MEYERSPARK#0",2026-10-08 17:51:27.458247+00:00,2026-10-10 12:24:06.234248+00:00,42.54
-25.7414604,28.3194894,MEYERSPARK,ANALEES STREET,TSH,79900041,https://powerfailure.tshwane.gov.za/Tshwanesms/Map.aspx,"-25.7415,28.3195|MEYERSPARK#0",2026-10-08 17:51:27.458247+00:00,2026-10-10 12:24:06.234248+00:00,42.54
-25.7424849,28.3233323,MEYERSPARK X03,KENT ROAD,TSH,79900041,https://powerfailure.tshwane.gov.za/Tshwanesms/Map.aspx,"-25.7425,28.3233|MEYERSPARK X03#0",2026-10-08 17:51:27.458247+00:00,2026-10-10 12:24:06.234248+00:00,42.54
-25.7435922,28.3232417,MEYERSPARK X03,KENT ROAD,TSH,79900041,https://powerfailure.tshwane.gov.za/Tshwanesms/Map.aspx,"-25.7436,28.3232|MEYERSPARK X03#0",2026-10-08 17:51:27.458247+00:00,2026-10-10 12:24:06.234248+00:00,42.54
-25.7439833,28.3063331,MEYERSPARK X06,NICOLETTE STREET,TSH,79900041,https://powerfailure.tshwane.gov.za/Tshwanesms/Map.aspx,"-25.7440,28.3063|MEYERSPARK X06#0",2026-10-08 17:51:27.458247+00:00,2026-10-10 12:24:06.234248+00:00,42.54
-25.7396102,28.3259019,MEYERSPARK X08,ELLIP STREET,TSH,79900041,https://powerfailure.tshwane.gov.za/Tshwanesms/Map.aspx,"-25.7396,28.3259|MEYERSPARK X08#0",2026-10-08 17:51:27.458247+00:00,2026-10-10 12:24:06.234248+00:00,42.54
-25.7377138,28.3251888,MEYERSPARK X08,HIPERBOOL STREET,TSH,79900041,https://powerfailure.tshwane.gov.za/Tshwanesms/Map.aspx,"-25.7377,28.3252|MEYERSPARK X08#0",2026-10-05 15:56:27.539408+00:00,2026-10-10 12:24:06.234248+00:00,116.46
-25.7397597,28.3248728,MEYERSPARK X08,SIMMETRIE STREET,TSH,79900041,https://powerfailure.tshwane.gov.za/Tshwanesms/Map.aspx,"-25.7398,28.3249|MEYERSPARK X08#0",2026-10-07 23:02:05.111773+00:00,2026-10-10 12:24:06.234248+00:00,61.37
-25.7375834,28.3193248,MEYERSPARK X08,KRITZINGER STREET,TSH,79900041,https://powerfailure.tshwane.gov.za/Tshwanesms/Map.aspx,"-25.7376,28.3193|MEYERSPARK X08#0",2026-10-07 10:10:01.835441+00:00,2026-10-10 12:24:06.234248+00:00,74.23
-25.7392355,28.3183161,MEYERSPARK,MANSER STREET,TSH,79900041,https://powerfailure.tshwane.gov.za/Tshwanesms/Map.aspx,"-25.7392,28.3183|MEYERSPARK#0",2026-10-08 17:51:27.458247+00:00,2026-10-10 12:24:06.234248+00:00,42.54
-25.6618149,28.2525124,MONTANA X37,TAHITI AVENUE,TSH,79900096,https://powerfailure.tshwane.gov.za/Tshwanesms/Map.aspx,"-25.6618,28.2525|MONTANA X37#0",2026-10-10 05:43:32.746880+00:00,2026-10-10 12:24:06.234248+00:00,6.68
-25.6655844,28.2557049,MONTANA TUINE X09,FIRETHORN STREET,TSH,79900096,https://powerfailure.tshwane.gov.za/Tshwanesms/Map.aspx,"-25.6656,28.2557|MONTANA TUINE X09#0",2026-10-09 13:08:42.013082+00:00,2026-10-10 12:24:06.234248+00:00,23.26
-25.6627738,28.2581768,MONTANA TUINE X15,MITSERIE STREET,TSH,79900096,https://powerfailure.tshwane.gov.za/Tshwanesms/Map.aspx,"-25.6628,28.2582|MONTANA TUINE X15#0",2026-10-09 19:30:15.533813+00:00,2026-10-10 12:24:06.234248+00:00,16.9
-25.7423774,28.3640673,NELLMAPIUS X04,KA-NOSI STREET,TSH,79900086,https://powerfailure.tshwane.gov.za/Tshwanesms/Map.aspx,"-25.7424,28.3641|NELLMAPIUS X04#0",2026-09-23 15:54:26.696532+00:00,2026-10-10 12:24:06.234248+00:00,404.49
-25.7413098,28.3626742,NELLMAPIUS X04,MOTLOTLEGI STREET,TSH,79900086,https://powerfailure.tshwane.gov.za/Tshwanesms/Map.aspx,"-25.7413,28.3627|NELLMAPIUS X04#0",2026-10-08 17:51:27.458247+00:00,2026-10-10 12:24:06.234248+00:00,42.54
-25.7438952,28.3626673,NELLMAPIUS X04,SAAMROEP STREET,TSH,79900086,https://powerfailure.tshwane.gov.za/Tshwanesms/Map.aspx,"-25.7439,28.3627|NELLMAPIUS X04#0",2026-09-23 15:54:26.696532+00:00,2026-10-10 12:24:06.234248+00:00,404.49
-25.744138,28.3614379,NELLMAPIUS X04,MALEBO ROAD,TSH,79900086,https://powerfailure.tshwane.gov.za/Tshwanesms/Map.aspx,"-25.7441,28.3614|NELLMAPIUS X04#0",2026-09-23 15:54:26.696532+00:00,2026-10-10 12:24:06.234248+00:00,404.49
-25.7453967,28.3625704,NELLMAPIUS X04,HLAGISA STREET,TSH,79900086,https://powerfailure.tshwane.gov.za/Tshwanesms/Map.aspx,"-25.7454,28.3626|NELLMAPIUS X04#0",2026-09-23 15:54:26.696532+00:00,2026-10-10 12:24:06.234248+00:00,404.49
-25.7466102,28.3593191,NELLMAPIUS X04,HLOMPHO STREET,TSH,79900086,https://powerfailure.tshwane.gov.za/Tshwanesms/Map.aspx,"-25.7466,28.3593|NELLMAPIUS X04#0",2026-10-07 23:02:05.111773+00:00,2026-10-10 12:24:06.234248+00:00,61.37
-25.7427667,28.3584618,NELLMAPIUS X04,LOKILE STREET,TSH,79900086,https://powerfailure.tshwane.gov.za/Tshwanesms/Map.aspx,"-25.7428,28.3585|NELLMAPIUS X04#0",2026-09-23 15:54:26.696532+00:00,2026-10-10 12:24:06.234248+00:00,404.49
-25.7424895,28.3511503,NELLMAPIUS X04,TEBOGO STREET,TSH,79900086,https://powerfailure.tshwane.gov.za/Tshwanesms/Map.aspx,"-25.7425,28.3512|NELLMAPIUS X04#0",2026-09-26 14:25:10.204350+00:00,2026-10-10 12:24:06.234248+00:00,333.98
-25.7431171,28.3517381,NELLMAPIUS X04,LEBISA STREET,TSH,79900086,https://powerfailure.tshwane.gov.za/Tshwanesms/Map.aspx,"-25.7431,28.3517|NELLMAPIUS X04#0",2026-09-23 15:54:26.696532+00:00,2026-10-10 12:24:06.234248+00:00,404.49
-25.7446216,28.3543174,NELLMAPIUS X04,MOELETSI CRESCENT,TSH,79900086,https://powerfailure.tshwane.gov.za/Tshwanesms/Map.aspx,"-25.7446,28.3543|NELLMAPIUS X04#0",2026-10-04 13:09:40.651455+00:00,2026-10-10 12:24:06.234248+00:00,143.24
-25.7350397,28.3764421,NELLMAPIUS X07,STAND,TSH,79900015,https://powerfailure.tshwane.gov.za/Tshwanesms/Map.aspx,"-25.7350,28.3764|NELLMAPIUS X07#0",2026-09-23 15:54:26.696532+00:00,2026-10-10 12:24:06.234248+00:00,404.49
-25.8610561,28.1336074,RASLOUW AH,RUIMTE ROAD,TSH,79900070,https://powerfailure.tshwane.gov.za/Tshwanesms/Map.aspx,"-25.8611,28.1336|RASLOUW AH#0",2026-10-10 12:24:06.234248+00:00,2026-10-10 12:24:06.234248+00:00,0.0
-25.6330795,28.3197138,RYNOUE AH,"PROTEA ROAD, PL DW-104-03",TSH,79900087,https://powerfailure.tshwane.gov.za/Tshwanesms/Map.aspx,"-25.6331,28.3197|RYNOUE AH#0",2026-10-05 15:56:27.539408+00:00,2026-10-10 12:24:06.234248+00:00,116.46
-25.7164006,28.7117846,RETHABISENG X01,RETHABISENG,TSH,79900103,https://powerfailure.tshwane.gov.za/Tshwanesms/Map.aspx,"-25.7164,28.7118|RETHABISENG X01#0",2026-09-28 21:54:04.654174+00:00,2026-10-10 12:24:06.234248+00:00,278.5
-25.7258787,28.7143878,RETHABISENG X04,RETHABISENG,TSH,79900103,https://powerfailure.tshwane.gov.za/Tshwanesms/Map.aspx,"-25.7259,28.7144|RETHABISENG X04#0",2026-09-28 21:54:04.654174+00:00,2026-10-10 12:24:06.234248+00:00,278.5
-25.5246496,28.1038834,SOSHANGUVE-K,STAND 88,TSH,79900034,https://powerfailure.tshwane.gov.za/Tshwanesms/Map.aspx,"-25.5246,28.1039|SOSHANGUVE-K#0",2026-09-29 20:42:53.961596+00:00,2026-10-10 12:24:06.234248+00:00,255.69
-25.5263347,28.1071288,SOSHANGUVE-K,STAND 1236,TSH,79900034,https://powerfailure.tshwane.gov.za/Tshwanesms/Map.aspx,"-25.5263,28.1071|SOSHANGUVE-K#0",2026-09-23 15:54:26.696532+00:00,2026-10-10 12:24:06.234248+00:00,404.49
-25.5270766,28.1075738,SOSHANGUVE-K,STAND 1250,TSH,79900034,https://powerfailure.tshwane.gov.za/Tshwanesms/Map.aspx,"-25.5271,28.1076|SOSHANGUVE-K#0",2026-09-23 15:54:26.696532+00:00,2026-10-10 12:24:06.234248+00:00,404.49
-25.7080922,28.2745387,EAST LYNNE,VERMAAK AVENUE,TSH,79900052,https://powerfailure.tshwane.gov.za/Tshwanesms/Map.aspx,"-25.7081,28.2745|EAST LYNNE#0",2026-10-07 10:10:01.835441+00:00,2026-10-10 12:24:06.234248+00:00,74.23
-25.6358122,27.9466446,KRELINGS POST 425-JQ,DW 63-6,NW372,63702019,https://powerfailure.tshwane.gov.za/Tshwanesms/Map.aspx,"-25.6358,27.9466|KRELINGS POST 425-JQ#0",2026-10-06 10:08:41.992184+00:00,2026-10-10 12:24:06.234248+00:00,98.26
-25.715836,28.3024157,EERSTERUST X02,ALBEN AVENUE,TSH,79900043,https://powerfailure.tshwane.gov.za/Tshwanesms/Map.aspx,"-25.7158,28.3024|EERSTERUST X02#0",2026-10-09 19:30:15.533813+00:00,2026-10-10 12:24:06.234248+00:00,16.9
-25.7096281,28.3158502,EERSTERUST X05,PIETER FORTUIN AVENUE,TSH,79900043,https://powerfailure.tshwane.gov.za/Tshwanesms/Map.aspx,"-25.7096,28.3159|EERSTERUST X05#0",2026-10-09 19:30:15.533813+00:00,2026-10-10 12:24:06.234248+00:00,16.9
-25.7094439,28.3112148,EERSTERUST X05,HOLWORTHY AVENUE,TSH,79900043,https://powerfailure.tshwane.gov.za/Tshwanesms/Map.aspx,"-25.7094,28.3112|EERSTERUST X05#0",2026-10-10 00:00:01.978931+00:00,2026-10-10 12:24:06.234248+00:00,12.4
-25.7094667,28.3121209,EERSTERUST X05,JOHN SYDNEY DRIVE,TSH,79900043,https://powerfailure.tshwane.gov.za/Tshwanesms/Map.aspx,"-25.7095,28.3121|EERSTERUST X05#0",2026-10-09 19:30:15.533813+00:00,2026-10-10 12:24:06.234248+00:00,16.9
-25.8251044,28.2446322,ERASMUSPARK X01,GALLEY ROAD,TSH,79900042,https://powerfailure.tshwane.gov.za/Tshwanesms/Map.aspx,"-25.8251,28.2446|ERASMUSPARK X01#0",2026-10-01 18:51:09.084613+00:00,2026-10-10 12:24:06.234248+00:00,209.55
-25.875061,28.2177995,IRENE,QUEEN STREET,TSH,79900065,https://powerfailure.tshwane.gov.za/Tshwanesms/Map.aspx,"-25.8751,28.2178|IRENE#0",2026-09-23 15:54:26.696532+00:00,2026-10-10 12:24:06.234248+00:00,404.49
-25.7772008,28.2860554,LYNNWOOD GLEN,GLENWOOD ROAD,TSH,79900046,https://powerfailure.tshwane.gov.za/Tshwanesms/Map.aspx,"-25.7772,28.2861|LYNNWOOD GLEN#0",2026-10-04 18:07:06.777167+00:00,2026-10-10 12:24:06.234248+00:00,138.28
-25.7732136,28.2761125,LYNNWOOD GLEN,ELVERAM STREET,TSH,79900046,https://powerfailure.tshwane.gov.za/Tshwanesms/Map.aspx,"-25.7732,28.2761|LYNNWOOD GLEN#0",2026-09-23 15:54:26.696532+00:00,2026-10-10 12:24:06.234248+00:00,404.49
-25.8309284,28.2074003,LYTTELTON MANOR,UNIE AVENUE,TSH,79900057,https://powerfailure.tshwane.gov.za/Tshwanesms/Map.aspx,"-25.8309,28.2074|LYTTELTON MANOR#0",2026-10-10 12:24:06.234248+00:00,2026-10-10 12:24:06.234248+00:00,0.0
-25.8377413,28.2010406,LYTTELTON MANOR X03,KRISTAL ROAD,TSH,79900057,https://powerfailure.tshwane.gov.za/Tshwanesms/Map.aspx,"-25.8377,28.2010|LYTTELTON MANOR X03#0",2026-10-09 19:30:15.533813+00:00,2026-10-10 12:24:06.234248+00:00,16.9
-25.8455379,28.2034405,LYTTELTON MANOR X03,CLIFTON AVENUE,TSH,79900057,https://powerfailure.tshwane.gov.za/Tshwanesms/Map.aspx,"-25.8455,28.2034|LYTTELTON MANOR X03#0",2026-09-23 15:54:26.696532+00:00,2026-10-10 12:24:06.234248+00:00,404.49
-25.8483771,28.2047191,LYTTELTON MANOR X03,AMETHUST AVENUE,TSH,79900057,https://powerfailure.tshwane.gov.za/Tshwanesms/Map.aspx,"-25.8484,28.2047|LYTTELTON MANOR X03#0",2026-09-23 15:54:26.696532+00:00,2026-10-10 12:24:06.234248+00:00,404.49
-25.7574841,28.2878827,LYNNWOOD MANOR,LYNBURN ROAD,TSH,79900046,https://powerfailure.tshwane.gov.za/Tshwanesms/Map.aspx,"-25.7575,28.2879|LYNNWOOD MANOR#0",2026-09-23 15:54:26.696532+00:00,2026-10-10 12:24:06.234248+00:00,404.49
-25.7520683,28.294756,LYNNWOOD MANOR X01,WILDEVY AVENUE,TSH,79900046,https://powerfailure.tshwane.gov.za/Tshwanesms/Map.aspx,"-25.7521,28.2948|LYNNWOOD MANOR X01#0",2026-10-02 12:24:50.491552+00:00,2026-10-10 12:24:06.234248+00:00,191.99
-25.7596676,28.2929392,LYNNWOOD RIDGE,CAMELLIA AVENUE,TSH,79900046,https://powerfailure.tshwane.gov.za/Tshwanesms/Map.aspx,"-25.7597,28.2929|LYNNWOOD RIDGE#0",2026-10-09 13:08:42.013082+00:00,2026-10-10 12:24:06.234248+00:00,23.26
-25.6648521,28.2920419,KAMEELDRIFT 298-JR,PL DW-045-02,TSH,79900087,https://powerfailure.tshwane.gov.za/Tshwanesms/Map.aspx,"-25.6649,28.2920|KAMEELDRIFT 298-JR#0",2026-10-09 13:08:42.013082+00:00,2026-10-10 12:24:06.234248+00:00,23.26
-25.6746647,28.3381659,KAMEELDRIFT 298-JR,KAMEELDRIFT GVG,TSH,79900087,https://powerfailure.tshwane.gov.za/Tshwanesms/Map.aspx,"-25.6747,28.3382|KAMEELDRIFT 298-JR#0",2026-10-08 10:27:19.292786+00:00,2026-10-10 12:24:06.234248+00:00,49.95
-25.737411,28.5334672,RAYTON,NAUDE,TSH,79900100,https://powerfailure.tshwane.gov.za/Tshwanesms/Map.aspx,"-25.7374,28.5335|RAYTON#0",2026-10-04 18:07:06.777167+00:00,2026-10-10 12:24:06.234248+00:00,138.28
-25.7396975,28.5376748,RAYTON,PEREL,TSH,79900100,https://powerfailure.tshwane.gov.za/Tshwanesms/Map.aspx,"-25.7397,28.5377|RAYTON#0",2026-10-09 13:08:42.013082+00:00,2026-10-10 12:24:06.234248+00:00,23.26
-25.7393016,28.5327834,RAYTON,OAKLEY,TSH,79900100,https://powerfailure.tshwane.gov.za/Tshwanesms/Map.aspx,"-25.7393,28.5328|RAYTON#0",2026-10-04 18:07:06.777167+00:00,2026-10-10 12:24:06.234248+00:00,138.28
-25.7400712,28.5353937,RAYTON,OAKLEY,TSH,79900100,https://powerfailure.tshwane.gov.za/Tshwanesms/Map.aspx,"-25.7401,28.5354|RAYTON#0",2026-10-04 18:07:06.777167+00:00,2026-10-10 12:24:06.234248+00:00,138.28
-25.7403695,28.5379261,RAYTON,PEREL,TSH,79900100,https://powerfailure.tshwane.gov.za/Tshwanesms/Map.aspx,"-25.7404,28.5379|RAYTON#0",2026-10-04 18:07:06.777167+00:00,2026-10-10 12:24:06.234248+00:00,138.28
-25.7437366,28.5309056,RAYTON,SUID,TSH,79900100,https://powerfailure.tshwane.gov.za/Tshwanesms/Map.aspx,"-25.7437,28.5309|RAYTON#0",2026-10-04 18:07:06.777167+00:00,2026-10-10 12:24:06.234248+00:00,138.28
-25.7443462,28.5372221,RAYTON,LADEMAN,TSH,79900100,https://powerfailure.tshwane.gov.za/Tshwanesms/Map.aspx,"-25.7443,28.5372|RAYTON#0",2026-10-04 18:07:06.777167+00:00,2026-10-10 12:24:06.234248+00:00,138.28
-25.7426804,28.5391074,RAYTON X 13,STAND,TSH,79900100,https://powerfailure.tshwane.gov.za/Tshwanesms/Map.aspx,"-25.7427,28.5391|RAYTON X 13#0",2026-10-04 18:07:06.777167+00:00,2026-10-10 12:24:06.234248+00:00,138.28
-25.7187662,28.2019423,TRANSPARK 639-JR,CNR SOLOMON & VOORTREKKERS ROADOAD,TSH,79900053,https://powerfailure.tshwane.gov.za/Tshwanesms/Map.aspx,"-25.7188,28.2019|TRANSPARK 639-JR#0",2026-10-07 10:10:01.835441+00:00,2026-10-10 12:24:06.234248+00:00,74.23
-25.4557824,28.1006246,SOSHANGUVE-PP X03,STAND,TSH,79900094,https://powerfailure.tshwane.gov.za/Tshwanesms/Map.aspx,"-25.4558,28.1006|SOSHANGUVE-PP X03#0",2026-10-10 12:24:06.234248+00:00,2026-10-10 12:24:06.234248+00:00,0.0
-25.7041215,28.2620297,WAVERLEY,TRUMPER STREET,TSH,79900052,https://powerfailure.tshwane.gov.za/Tshwanesms/Map.aspx,"-25.7041,28.2620|WAVERLEY#0",2026-10-02 18:22:22.786014+00:00,2026-10-10 12:24:06.234248+00:00,186.03
-25.8517147,28.1452855,WIERDAPARK,THEO STREET,TSH,79900070,https://powerfailure.tshwane.gov.za/Tshwanesms/Map.aspx,"-25.8517,28.1453|WIERDAPARK#0",2026-10-10 12:24:06.234248+00:00,2026-10-10 12:24:06.234248+00:00,0.0
-25.8515795,28.1468766,WIERDAPARK,RUIMTE ROAD,TSH,79900070,https://powerfailure.tshwane.gov.za/Tshwanesms/Map.aspx,"-25.8516,28.1469|WIERDAPARK#0",2026-10-10 12:24:06.234248+00:00,2026-10-10 12:24:06.234248+00:00,0.0
-25.8551943,28.1439928,WIERDAPARK,WILLEM BOTHA STREET,TSH,79900070,https://powerfailure.tshwane.gov.za/Tshwanesms/Map.aspx,"-25.8552,28.1440|WIERDAPARK#0",2026-10-10 12:24:06.234248+00:00,2026-10-10 12:24:06.234248+00:00,0.0
-25.8521836,28.1478693,WIERDAPARK,RUIMTE ROAD,TSH,79900070,https://powerfailure.tshwane.gov.za/Tshwanesms/Map.aspx,"-25.8522,28.1479|WIERDAPARK#0",2026-10-10 12:24:06.234248+00:00,2026-10-10 12:24:06.234248+00:00,0.0
-25.852803,28.1480261,WIERDAPARK,SPRINGBOK STREET,TSH,79900070,https://powerfailure.tshwane.gov.za/Tshwanesms/Map.aspx,"-25.8528,28.1480|WIERDAPARK#0",2026-10-10 12:24:06.234248+00:00,2026-10-10 12:24:06.234248+00:00,0.0
-25.8560887,28.147437,WIERDAPARK,KOEDOE STREET,TSH,79900070,https://powerfailure.tshwane.gov.za/Tshwanesms/Map.aspx,"-25.8561,28.1474|WIERDAPARK#0",2026-10-10 12:24:06.234248+00:00,2026-10-10 12:24:06.234248+00:00,0.0
-25.8532646,28.1402556,WIERDAPARK,MEYER STREET,TSH,79900070,https://powerfailure.tshwane.gov.za/Tshwanesms/Map.aspx,"-25.8533,28.1403|WIERDAPARK#0",2026-10-10 12:24:06.234248+00:00,2026-10-10 12:24:06.234248+00:00,0.0
-25.860554,28.1496524,WIERDAPARK,WILLEM BOTHA STREET,TSH,79900070,https://powerfailure.tshwane.gov.za/Tshwanesms/Map.aspx,"-25.8606,28.1497|WIERDAPARK#0",2026-10-10 12:24:06.234248+00:00,2026-10-10 12:24:06.234248+00:00,0.0
-25.8619502,28.1498445,WIERDAPARK,FRIEDERICHE STREET,TSH,79900070,https://powerfailure.tshwane.gov.za/Tshwanesms/Map.aspx,"-25.8620,28.1498|WIERDAPARK#0",2026-10-10 12:24:06.234248+00:00,2026-10-10 12:24:06.234248+00:00,0.0
-25.8554513,28.1389163,WIERDAPARK,OCKERT STREET,TSH,79900070,https://powerfailure.tshwane.gov.za/Tshwanesms/Map.aspx,"-25.8555,28.1389|WIERDAPARK#0",2026-10-10 12:24:06.234248+00:00,2026-10-10 12:24:06.234248+00:00,0.0
-25.8575509,28.137133,WIERDAPARK,THEUNS VAN NIEKERK STREET,TSH,79900070,https://powerfailure.tshwane.gov.za/Tshwanesms/Map.aspx,"-25.8576,28.1371|WIERDAPARK#0",2026-10-10 12:24:06.234248+00:00,2026-10-10 12:24:06.234248+00:00,0.0
-25.8638529,28.1466881,WIERDAPARK,HENRIETTE STREET,TSH,79900070,https://powerfailure.tshwane.gov.za/Tshwanesms/Map.aspx,"-25.8639,28.1467|WIERDAPARK#0",2026-10-10 12:24:06.234248+00:00,2026-10-10 12:24:06.234248+00:00,0.0
-25.8630274,28.1465501,WIERDAPARK,HENRIETTE STREET,TSH,79900070,https://powerfailure.tshwane.gov.za/Tshwanesms/Map.aspx,"-25.8630,28.1466|WIERDAPARK#0",2026-10-10 12:24:06.234248+00:00,2026-10-10 12:24:06.234248+00:00,0.0
-25.8645111,28.1479185,WIERDAPARK,WILHELMINA STREET,TSH,79900070,https://powerfailure.tshwane.gov.za/Tshwanesms/Map.aspx,"-25.8645,28.1479|WIERDAPARK#0",2026-10-10 12:24:06.234248+00:00,2026-10-10 12:24:06.234248+00:00,0.0
-25.8635182,28.1483009,WIERDAPARK,WILHELMINA STREET,TSH,79900070,https://powerfailure.tshwane.gov.za/Tshwanesms/Map.aspx,"-25.8635,28.1483|WIERDAPARK#0",2026-10-10 12:24:06.234248+00:00,2026-10-10 12:24:06.234248+00:00,0.0
-25.8640398,28.1507193,WIERDAPARK,SUSAN STREET,TSH,79900070,https://powerfailure.tshwane.gov.za/Tshwanesms/Map.aspx,"-25.8640,28.1507|WIERDAPARK#0",2026-10-10 12:24:06.234248+00:00,2026-10-10 12:24:06.234248+00:00,0.0
-25.8626116,28.1393071,WIERDAPARK,ELAND STREET,TSH,79900070,https://powerfailure.tshwane.gov.za/Tshwanesms/Map.aspx,"-25.8626,28.1393|WIERDAPARK#0",2026-10-10 12:24:06.234248+00:00,2026-10-10 12:24:06.234248+00:00,0.0
-25.8659568,28.1391126,WIERDAPARK,BADENHORST STREET,TSH,79900070,https://powerfailure.tshwane.gov.za/Tshwanesms/Map.aspx,"-25.8660,28.1391|WIERDAPARK#0",2026-10-10 12:24:06.234248+00:00,2026-10-10 12:24:06.234248+00:00,0.0
-25.8635281,28.143764,WIERDAPARK,HENDRIK STREET,TSH,79900070,https://powerfailure.tshwane.gov.za/Tshwanesms/Map.aspx,"-25.8635,28.1438|WIERDAPARK#0",2026-10-10 12:24:06.234248+00:00,2026-10-10 12:24:06.234248+00:00,0.0
-25.8665407,28.1460524,WIERDAPARK,DU TOIT STREET,TSH,79900070,https://powerfailure.tshwane.gov.za/Tshwanesms/Map.aspx,"-25.8665,28.1461|WIERDAPARK#0",2026-10-10 12:24:06.234248+00:00,2026-10-10 12:24:06.234248+00:00,0.0
-25.8654696,28.1467541,WIERDAPARK,WILHELMINA STREET,TSH,79900070,https://powerfailure.tshwane.gov.za/Tshwanesms/Map.aspx,"-25.8655,28.1468|WIERDAPARK#0",2026-10-10 12:24:06.234248+00:00,2026-10-10 12:24:06.234248+00:00,0.0
-25.8528376,28.1360072,WIERDAPARK X01,THEO STREET,TSH,79900070,https://powerfailure.tshwane.gov.za/Tshwanesms/Map.aspx,"-25.8528,28.1360|WIERDAPARK X01#0",2026-10-10 12:24:06.234248+00:00,2026-10-10 12:24:06.234248+00:00,0.0
-25.8501991,28.1400262,WIERDAPARK X01,CORMORANT CRESCENT,TSH,79900070,https://powerfailure.tshwane.gov.za/Tshwanesms/Map.aspx,"-25.8502,28.1400|WIERDAPARK X01#0",2026-10-10 12:24:06.234248+00:00,2026-10-10 12:24:06.234248+00:00,0.0
-25.8498228,28.138459,WIERDAPARK X01,GANNET CRESCENT,TSH,79900070,https://powerfailure.tshwane.gov.za/Tshwanesms/Map.aspx,"-25.8498,28.1385|WIERDAPARK X01#0",2026-10-10 12:24:06.234248+00:00,2026-10-10 12:24:06.234248+00:00,0.0
-25.8469746,28.1396031,WIERDAPARK X01,IBIS AVENUE,TSH,79900070,https://powerfailure.tshwane.gov.za/Tshwanesms/Map.aspx,"-25.8470,28.1396|WIERDAPARK X01#0",2026-10-10 12:24:06.234248+00:00,2026-10-10 12:24:06.234248+00:00,0.0
-25.8447393,28.1430453,WIERDAPARK X01,PENQUIN CRESCENT,TSH,79900070,https://powerfailure.tshwane.gov.za/Tshwanesms/Map.aspx,"-25.8447,28.1430|WIERDAPARK X01#0",2026-10-10 12:24:06.234248+00:00,2026-10-10 12:24:06.234248+00:00,0.0
-25.8700184,28.1338314,SWARTKOP 383-JR,ALETTA AVENUE,TSH,79900070,https://powerfailure.tshwane.gov.za/Tshwanesms/Map.aspx,"-25.8700,28.1338|SWARTKOP 383-JR#0",2026-10-10 12:24:06.234248+00:00,2026-10-10 12:24:06.234248+00:00,0.0
-25.86941,28.1330043,SWARTKOP 383-JR,.,TSH,79900070,https://powerfailure.tshwane.gov.za/Tshwanesms/Map.aspx,"-25.8694,28.1330|SWARTKOP 383-JR#0",2026-10-10 12:24:06.234248+00:00,2026-10-10 12:24:06.234248+00:00,0.0
-25.5439185,28.2800733,GROOTVLEI 272-JR,STAND 226,TSH,79900049,https://powerfailure.tshwane.gov.za/Tshwanesms/Map.aspx,"-25.5439,28.2801|GROOTVLEI 272-JR#0",2026-10-08 10:27:19.292786+00:00,2026-10-10 12:24:06.234248+00:00,49.95
-25.6685643,28.517908,CULLINAN,PARK ROAD,TSH,79900100,https://powerfailure.tshwane.gov.za/Tshwanesms/Map.aspx,"-25.6686,28.5179|CULLINAN#0",2026-10-05 15:56:27.539408+00:00,2026-10-10 12:24:06.234248+00:00,116.46
-25.6682125,28.5188113,CULLINAN,PARK ROAD,TSH,79900100,https://powerfailure.tshwane.gov.za/Tshwanesms/Map.aspx,"-25.6682,28.5188|CULLINAN#0",2026-10-04 00:33:07.418287+00:00,2026-10-10 12:24:06.234248+00:00,155.85
-25.6683417,28.5322547,CULLINAN,3RD STREET,TSH,79900100,https://powerfailure.tshwane.gov.za/Tshwanesms/Map.aspx,"-25.6683,28.5323|CULLINAN#0",2026-10-04 06:47:51.169722+00:00,2026-10-10 12:24:06.234248+00:00,149.6
-25.6682686,28.5313736,CULLINAN,3RD STREET,TSH,79900100,https://powerfailure.tshwane.gov.za/Tshwanesms/Map.aspx,"-25.6683,28.5314|CULLINAN#0",2026-10-04 13:09:40.651455+00:00,2026-10-10 12:24:06.234248+00:00,143.24
-25.7901588,28.7230708,ZITHOBENI X04,ZITHOBENI,TSH,79900105,https://powerfailure.tshwane.gov.za/Tshwanesms/Map.aspx,"-25.7902,28.7231|ZITHOBENI X04#0",2026-10-05 15:56:27.539408+00:00,2026-10-10 12:24:06.234248+00:00,116.46
-25.5667085,28.0813755,SOSHANGUVE SOUTH X03,STAND 7460,TSH,79900089,https://powerfailure.tshwane.gov.za/Tshwanesms/Map.aspx,"-25.5667,28.0814|SOSHANGUVE SOUTH X03#0",2026-10-07 23:02:05.111773+00:00,2026-10-10 12:24:06.234248+00:00,61.37
-25.776774,28.2119503,GROENKLOOF,HERBERT BAKER STREET,TSH,79900059,https://powerfailure.tshwane.gov.za/Tshwanesms/Map.aspx,"-25.7768,28.2120|GROENKLOOF#0",2026-09-23 15:54:26.696532+00:00,2026-10-10 12:24:06.234248+00:00,404.49
-25.7763534,28.2115365,GROENKLOOF,HERBERT BAKER STREET,TSH,79900059,https://powerfailure.tshwane.gov.za/Tshwanesms/Map.aspx,"-25.7764,28.2115|GROENKLOOF#0",2026-09-23 15:54:26.696532+00:00,2026-10-10 12:24:06.234248+00:00,404.49
-25.7757062,28.2127162,GROENKLOOF,BAINES STREET,TSH,79900059,https://powerfailure.tshwane.gov.za/Tshwanesms/Map.aspx,"-25.7757,28.2127|GROENKLOOF#0",2026-09-23 15:54:26.696532+00:00,2026-10-10 12:24:06.234248+00:00,404.49
-25.7740787,28.2119109,GROENKLOOF,VAN WOUW STREET,TSH,79900059,https://powerfailure.tshwane.gov.za/Tshwanesms/Map.aspx,"-25.7741,28.2119|GROENKLOOF#0",2026-09-23 15:54:26.696532+00:00,2026-10-10 12:24:06.234248+00:00,404.49
-25.7732239,28.2111824,GROENKLOOF,VAN WOUW STREET,TSH,79900059,https://powerfailure.tshwane.gov.za/Tshwanesms/Map.aspx,"-25.7732,28.2112|GROENKLOOF#0",2026-09-23 15:54:26.696532+00:00,2026-10-10 12:24:06.234248+00:00,404.49
-25.7728029,28.2108351,GROENKLOOF,VAN WOUW STREET,TSH,79900059,https://powerfailure.tshwane.gov.za/Tshwanesms/Map.aspx,"-25.7728,28.2108|GROENKLOOF#0",2026-09-23 15:54:26.696532+00:00,2026-10-10 12:24:06.234248+00:00,404.49
-25.7729551,28.2115671,GROENKLOOF,WENNING STREET,TSH,79900059,https://powerfailure.tshwane.gov.za/Tshwanesms/Map.aspx,"-25.7730,28.2116|GROENKLOOF#0",2026-09-23 15:54:26.696532+00:00,2026-10-10 12:24:06.234248+00:00,404.49
-25.7740236,28.2124778,GROENKLOOF,WENNING STREET,TSH,79900059,https://powerfailure.tshwane.gov.za/Tshwanesms/Map.aspx,"-25.7740,28.2125|GROENKLOOF#0",2026-09-23 15:54:26.696532+00:00,2026-10-10 12:24:06.234248+00:00,404.49
-25.7731923,28.2132105,GROENKLOOF,FRANS OERDER STREET,TSH,79900059,https://powerfailure.tshwane.gov.za/Tshwanesms/Map.aspx,"-25.7732,28.2132|GROENKLOOF#0",2026-09-23 15:54:26.696532+00:00,2026-10-10 12:24:06.234248+00:00,404.49
-25.679704,27.9830866,VISSERSHOEK 435-JQ,(PORTION 32/R),TSH,79900031,https://powerfailure.tshwane.gov.za/Tshwanesms/Map.aspx,"-25.6797,27.9831|VISSERSHOEK 435-JQ#0",2026-09-26 21:57:24.245867+00:00,2026-10-10 12:24:06.234248+00:00,326.44
-25.6538387,27.9594514,VISSERSHOEK 435-JQ,PL BVS-293-24,TSH,79900031,https://powerfailure.tshwane.gov.za/Tshwanesms/Map.aspx,"-25.6538,27.9595|VISSERSHOEK 435-JQ#0",2026-10-02 12:24:50.491552+00:00,2026-10-10 12:24:06.234248+00:00,191.99
-25.6475071,28.0349782,WILDEBEESTHOEK 309-JR,PL BVS-189-16A-08W-09N (PORT 24),TSH,79900031,https://powerfailure.tshwane.gov.za/Tshwanesms/Map.aspx,"-25.6475,28.0350|WILDEBEESTHOEK 309-JR#0",2026-10-03 08:01:40.485595+00:00,2026-10-10 12:24:06.234248+00:00,172.37
-25.6615908,28.2674032,HARTEBEESTFONTEIN 324-JR,HORNBILL CRESCENT,TSH,79900096,https://powerfailure.tshwane.gov.za/Tshwanesms/Map.aspx,"-25.6616,28.2674|HARTEBEESTFONTEIN 324-JR#0",2026-10-09 19:30:15.533813+00:00,2026-10-10 12:24:06.234248+00:00,16.9
-25.7417602,28.2833325,HARTEBEESTPOORT 328-JR,KESSELAAR AVENUE,TSH,79900046,https://powerfailure.tshwane.gov.za/Tshwanesms/Map.aspx,"-25.7418,28.2833|HARTEBEESTPOORT 328-JR#0",2026-09-30 23:43:30.173884+00:00,2026-10-10 12:24:06.234248+00:00,228.68
-25.7379282,28.3954299,HATHERLEY 331-JR,SOLOMON MAHLANGU DRIVE,TSH,79900015,https://powerfailure.tshwane.gov.za/Tshwanesms/Map.aspx,"-25.7379,28.3954|HATHERLEY 331-JR#0",2026-09-23 15:54:26.696532+00:00,2026-10-10 12:24:06.234248+00:00,404.49
-25.7379282,28.3954299,HATHERLEY 331-JR,SOLOMON MAHLANGU DRIVE,TSH,79900015,https://powerfailure.tshwane.gov.za/Tshwanesms/Map.aspx,"-25.7379,28.3954|HATHERLEY 331-JR#1",2026-09-23 15:54:26.696532+00:00,2026-10-10 12:24:06.234248+00:00,404.49
-25.7379282,28.3954299,HATHERLEY 331-JR,SOLOMON MAHLANGU DRIVE,TSH,79900015,https://powerfailure.tshwane.gov.za/Tshwanesms/Map.aspx,"-25.7379,28.3954|HATHERLEY 331-JR#2",2026-10-06 17:09:53.951304+00:00,2026-10-10 12:24:06.234248+00:00,91.24
-25.7379282,28.3954299,HATHERLEY 331-JR,SOLOMON MAHLANGU DRIVE,TSH,79900015,https://powerfailure.tshwane.gov.za/Tshwanesms/Map.aspx,"-25.7379,28.3954|HATHERLEY 331-JR#3",2026-10-06 22:37:35.817764+00:00,2026-10-10 12:24:06.234248+00:00,85.78
-25.7379282,28.3954299,HATHERLEY 331-JR,SOLOMON MAHLANGU DRIVE,TSH,79900015,https://powerfailure.tshwane.gov.za/Tshwanesms/Map.aspx,"-25.7379,28.3954|HATHERLEY 331-JR#4",2026-10-06 22:37:35.817764+00:00,2026-10-10 12:24:06.234248+00:00,85.78
-25.7379282,28.3954299,HATHERLEY 331-JR,SOLOMON MAHLANGU DRIVE,TSH,79900015,https://powerfailure.tshwane.gov.za/Tshwanesms/Map.aspx,"-25.7379,28.3954|HATHERLEY 331-JR#5",2026-10-06 22:37:35.817764+00:00,2026-10-10 12:24:06.234248+00:00,85.78
-25.7379282,28.3954299,HATHERLEY 331-JR,SOLOMON MAHLANGU DRIVE,TSH,79900015,https://powerfailure.tshwane.gov.za/Tshwanesms/Map.aspx,"-25.7379,28.3954|HATHERLEY 331-JR#6",2026-10-06 22:37:35.817764+00:00,2026-10-10 12:24:06.234248+00:00,85.78
-25.7379282,28.3954299,HATHERLEY 331-JR,SOLOMON MAHLANGU DRIVE,TSH,79900015,https://powerfailure.tshwane.gov.za/Tshwanesms/Map.aspx,"-25.7379,28.3954|HATHERLEY 331-JR#7",2026-10-06 22:37:35.817764+00:00,2026-10-10 12:24:06.234248+00:00,85.78
-25.8498598,28.1731129,HENNOPSPARK,TAMBOTI ROAD,TSH,79900066,https://powerfailure.tshwane.gov.za/Tshwanesms/Map.aspx,"-25.8499,28.1731|HENNOPSPARK#0",2026-10-10 12:24:06.234248+00:00,2026-10-10 12:24:06.234248+00:00,0.0
-25.8535967,28.172952,HENNOPSPARK X02,RHINO STREET,TSH,79900066,https://powerfailure.tshwane.gov.za/Tshwanesms/Map.aspx,"-25.8536,28.1730|HENNOPSPARK X02#0",2026-10-10 12:24:06.234248+00:00,2026-10-10 12:24:06.234248+00:00,0.0
-25.8457347,28.1674321,HENNOPSPARK X01,WILGE ROAD,TSH,79900066,https://powerfailure.tshwane.gov.za/Tshwanesms/Map.aspx,"-25.8457,28.1674|HENNOPSPARK X01#0",2026-10-10 12:24:06.234248+00:00,2026-10-10 12:24:06.234248+00:00,0.0
-25.8551275,28.166822,HENNOPSPARK X05,KLIP STREET,TSH,79900066,https://powerfailure.tshwane.gov.za/Tshwanesms/Map.aspx,"-25.8551,28.1668|HENNOPSPARK X05#0",2026-10-10 12:24:06.234248+00:00,2026-10-10 12:24:06.234248+00:00,0.0
-25.8233361,28.3022597,MORELETAPARK X63,CEDARWOOD CRESCENT,TSH,79900045,https://powerfailure.tshwane.gov.za/Tshwanesms/Map.aspx,"-25.8233,28.3023|MORELETAPARK X63#0",2026-09-29 08:23:13.536342+00:00,2026-10-10 12:24:06.234248+00:00,268.01
-25.8233361,28.3022597,MORELETAPARK X63,CEDARWOOD CRESCENT,TSH,79900045,https://powerfailure.tshwane.gov.za/Tshwanesms/Map.aspx,"-25.8233,28.3023|MORELETAPARK X63#1",2026-09-29 08:23:13.536342+00:00,2026-10-10 12:24:06.234248+00:00,268.01
-25.8241073,28.3053669,MORELETAPARK X63,FEVERWOOD PLACE,TSH,79900045,https://powerfailure.tshwane.gov.za/Tshwanesms/Map.aspx,"-25.8241,28.3054|MORELETAPARK X63#0",2026-09-29 08:23:13.536342+00:00,2026-10-10 12:24:06.234248+00:00,268.01
-25.8415237,28.3074826,MORELETAPARK X72,NORMANDIE,TSH,79900091,https://powerfailure.tshwane.gov.za/Tshwanesms/Map.aspx,"-25.8415,28.3075|MORELETAPARK X72#0",2026-09-29 20:42:53.961596+00:00,2026-10-10 12:24:06.234248+00:00,255.69
-25.6605059,28.1718094,PRETORIA NORTH,BURGER STREET,TSH,79900002,https://powerfailure.tshwane.gov.za/Tshwanesms/Map.aspx,"-25.6605,28.1718|PRETORIA NORTH#0",2026-10-04 13:09:40.651455+00:00,2026-10-10 12:24:06.234248+00:00,143.24
-25.6612351,28.1726199,PRETORIA NORTH,BURGER STREET,TSH,79900002,https://powerfailure.tshwane.gov.za/Tshwanesms/Map.aspx,"-25.6612,28.1726|PRETORIA NORTH#0",2026-10-04 06:47:51.169722+00:00,2026-10-10 12:24:06.234248+00:00,149.6
-25.6615524,28.1678781,PRETORIA NORTH,WEST STREET,TSH,79900002,https://powerfailure.tshwane.gov.za/Tshwanesms/Map.aspx,"-25.6616,28.1679|PRETORIA NORTH#0",2026-10-04 06:47:51.169722+00:00,2026-10-10 12:24:06.234248+00:00,149.6
-25.6617172,28.1701285,PRETORIA NORTH,EEUFEES STREET,TSH,79900002,https://powerfailure.tshwane.gov.za/Tshwanesms/Map.aspx,"-25.6617,28.1701|PRETORIA NORTH#0",2026-10-04 00:33:07.418287+00:00,2026-10-10 12:24:06.234248+00:00,155.85
-25.663537,28.1732852,PRETORIA NORTH,WONDERBOOM STREET,TSH,79900002,https://powerfailure.tshwane.gov.za/Tshwanesms/Map.aspx,"-25.6635,28.1733|PRETORIA NORTH#0",2026-10-04 13:09:40.651455+00:00,2026-10-10 12:24:06.234248+00:00,143.24
-25.6646134,28.1791508,PRETORIA NORTH,JAN VAN RIEBEECK STREET,TSH,79900002,https://powerfailure.tshwane.gov.za/Tshwanesms/Map.aspx,"-25.6646,28.1792|PRETORIA NORTH#0",2026-10-04 06:47:51.169722+00:00,2026-10-10 12:24:06.234248+00:00,149.6
-25.6681491,28.1735753,PRETORIA NORTH,EMILY HOBHOUSE AVENUE,TSH,79900002,https://powerfailure.tshwane.gov.za/Tshwanesms/Map.aspx,"-25.6681,28.1736|PRETORIA NORTH#0",2026-10-04 06:47:51.169722+00:00,2026-10-10 12:24:06.234248+00:00,149.6
-25.6686028,28.1717958,PRETORIA NORTH,STASIE STREET,TSH,79900002,https://powerfailure.tshwane.gov.za/Tshwanesms/Map.aspx,"-25.6686,28.1718|PRETORIA NORTH#0",2026-10-04 06:47:51.169722+00:00,2026-10-10 12:24:06.234248+00:00,149.6
-25.6688365,28.1680942,PRETORIA NORTH,STASIE STREET,TSH,79900002,https://powerfailure.tshwane.gov.za/Tshwanesms/Map.aspx,"-25.6688,28.1681|PRETORIA NORTH#0",2026-10-04 06:47:51.169722+00:00,2026-10-10 12:24:06.234248+00:00,149.6
-25.6690239,28.167192,PRETORIA NORTH,WEST STREET,TSH,79900002,https://powerfailure.tshwane.gov.za/Tshwanesms/Map.aspx,"-25.6690,28.1672|PRETORIA NORTH#0",2026-10-04 13:09:40.651455+00:00,2026-10-10 12:24:06.234248+00:00,143.24
-25.6698116,28.175703,PRETORIA NORTH,DANIE THERON STREET,TSH,79900002,https://powerfailure.tshwane.gov.za/Tshwanesms/Map.aspx,"-25.6698,28.1757|PRETORIA NORTH#0",2026-10-04 00:33:07.418287+00:00,2026-10-10 12:24:06.234248+00:00,155.85
-25.6701026,28.1797002,PRETORIA NORTH,JAN VAN RIEBEECK STREET,TSH,79900002,https://powerfailure.tshwane.gov.za/Tshwanesms/Map.aspx,"-25.6701,28.1797|PRETORIA NORTH#0",2026-10-04 06:47:51.169722+00:00,2026-10-10 12:24:06.234248+00:00,149.6
-25.6715887,28.1737949,PRETORIA NORTH,GENL DE WET ROAD,TSH,79900002,https://powerfailure.tshwane.gov.za/Tshwanesms/Map.aspx,"-25.6716,28.1738|PRETORIA NORTH#0",2026-10-02 12:24:50.491552+00:00,2026-10-10 12:24:06.234248+00:00,191.99
-25.6724667,28.1731976,PRETORIA NORTH,EMILY HOBHOUSE AVENUE,TSH,79900002,https://powerfailure.tshwane.gov.za/Tshwanesms/Map.aspx,"-25.6725,28.1732|PRETORIA NORTH#0",2026-10-04 00:33:07.418287+00:00,2026-10-10 12:24:06.234248+00:00,155.85
-25.6730061,28.1668668,PRETORIA NORTH,WEST STREET,TSH,79900002,https://powerfailure.tshwane.gov.za/Tshwanesms/Map.aspx,"-25.6730,28.1669|PRETORIA NORTH#0",2026-10-04 06:47:51.169722+00:00,2026-10-10 12:24:06.234248+00:00,149.6
-25.6733302,28.1667991,PRETORIA NORTH,WEST STREET,TSH,79900002,https://powerfailure.tshwane.gov.za/Tshwanesms/Map.aspx,"-25.6733,28.1668|PRETORIA NORTH#0",2026-10-04 06:47:51.169722+00:00,2026-10-10 12:24:06.234248+00:00,149.6
-25.6752554,28.1736413,PRETORIA NORTH,BEN VILJOEN STREET,TSH,79900002,https://powerfailure.tshwane.gov.za/Tshwanesms/Map.aspx,"-25.6753,28.1736|PRETORIA NORTH#0",2026-09-23 15:54:26.696532+00:00,2026-10-10 12:24:06.234248+00:00,404.49
-25.6758989,28.1767422,PRETORIA NORTH,GENL BEYERS STREET,TSH,79900002,https://powerfailure.tshwane.gov.za/Tshwanesms/Map.aspx,"-25.6759,28.1767|PRETORIA NORTH#0",2026-10-04 06:47:51.169722+00:00,2026-10-10 12:24:06.234248+00:00,149.6
-25.6760641,28.1767155,PRETORIA NORTH,GENL BEYERS STREET,TSH,79900002,https://powerfailure.tshwane.gov.za/Tshwanesms/Map.aspx,"-25.6761,28.1767|PRETORIA NORTH#0",2026-10-04 06:47:51.169722+00:00,2026-10-10 12:24:06.234248+00:00,149.6
-25.6784279,28.1702124,PRETORIA NORTH,BURGER STREET,TSH,79900002,https://powerfailure.tshwane.gov.za/Tshwanesms/Map.aspx,"-25.6784,28.1702|PRETORIA NORTH#0",2026-10-04 06:47:51.169722+00:00,2026-10-10 12:24:06.234248+00:00,149.6
-25.6792295,28.1788876,PRETORIA NORTH,JAN VAN RIEBEECK STREET,TSH,79900002,https://powerfailure.tshwane.gov.za/Tshwanesms/Map.aspx,"-25.6792,28.1789|PRETORIA NORTH#0",2026-10-04 13:09:40.651455+00:00,2026-10-10 12:24:06.234248+00:00,143.24
-25.6795376,28.1694214,PRETORIA NORTH,EEUFEES STREET,TSH,79900002,https://powerfailure.tshwane.gov.za/Tshwanesms/Map.aspx,"-25.6795,28.1694|PRETORIA NORTH#0",2026-10-02 12:24:50.491552+00:00,2026-10-10 12:24:06.234248+00:00,191.99
-25.6805752,28.173247,PRETORIA NORTH,BEN VILJOEN STREET,TSH,79900002,https://powerfailure.tshwane.gov.za/Tshwanesms/Map.aspx,"-25.6806,28.1732|PRETORIA NORTH#0",2026-10-07 23:02:05.111773+00:00,2026-10-10 12:24:06.234248+00:00,61.37
-25.6810203,28.1668351,PRETORIA NORTH,JACK HINDON STREET,TSH,79900002,https://powerfailure.tshwane.gov.za/Tshwanesms/Map.aspx,"-25.6810,28.1668|PRETORIA NORTH#0",2026-10-04 06:47:51.169722+00:00,2026-10-10 12:24:06.234248+00:00,149.6
-25.6814149,28.1699463,PRETORIA NORTH,BURGER STREET,TSH,79900002,https://powerfailure.tshwane.gov.za/Tshwanesms/Map.aspx,"-25.6814,28.1699|PRETORIA NORTH#0",2026-10-04 13:09:40.651455+00:00,2026-10-10 12:24:06.234248+00:00,143.24
-25.6814623,28.1714792,PRETORIA NORTH,EMILY HOBHOUSE AVENUE,TSH,79900002,https://powerfailure.tshwane.gov.za/Tshwanesms/Map.aspx,"-25.6815,28.1715|PRETORIA NORTH#0",2026-10-04 06:47:51.169722+00:00,2026-10-10 12:24:06.234248+00:00,149.6
-25.6817592,28.1723697,PRETORIA NORTH,EMILY HOBHOUSE AVENUE,TSH,79900002,https://powerfailure.tshwane.gov.za/Tshwanesms/Map.aspx,"-25.6818,28.1724|PRETORIA NORTH#0",2026-10-04 06:47:51.169722+00:00,2026-10-10 12:24:06.234248+00:00,149.6
-25.6819109,28.1676366,PRETORIA NORTH,JACK HINDON STREET,TSH,79900002,https://powerfailure.tshwane.gov.za/Tshwanesms/Map.aspx,"-25.6819,28.1676|PRETORIA NORTH#0",2026-10-04 06:47:51.169722+00:00,2026-10-10 12:24:06.234248+00:00,149.6
-25.6819155,28.1684789,PRETORIA NORTH,EEUFEES STREET,TSH,79900002,https://powerfailure.tshwane.gov.za/Tshwanesms/Map.aspx,"-25.6819,28.1685|PRETORIA NORTH#0",2026-10-04 06:47:51.169722+00:00,2026-10-10 12:24:06.234248+00:00,149.6
-25.6826702,28.1700074,PRETORIA NORTH,SUIDER STREET,TSH,79900002,https://powerfailure.tshwane.gov.za/Tshwanesms/Map.aspx,"-25.6827,28.1700|PRETORIA NORTH#0",2026-10-04 00:33:07.418287+00:00,2026-10-10 12:24:06.234248+00:00,155.85
-25.6839807,28.1753181,PRETORIA NORTH,DANIE THERON STREET,TSH,79900002,https://powerfailure.tshwane.gov.za/Tshwanesms/Map.aspx,"-25.6840,28.1753|PRETORIA NORTH#0",2026-10-04 06:47:51.169722+00:00,2026-10-10 12:24:06.234248+00:00,149.6
-25.6849601,28.1727767,PRETORIA NORTH,BEN VILJOEN STREET,TSH,79900002,https://powerfailure.tshwane.gov.za/Tshwanesms/Map.aspx,"-25.6850,28.1728|PRETORIA NORTH#0",2026-10-04 06:47:51.169722+00:00,2026-10-10 12:24:06.234248+00:00,149.6
-25.68501,28.1675049,PRETORIA NORTH,JACK HINDON STREET,TSH,79900002,https://powerfailure.tshwane.gov.za/Tshwanesms/Map.aspx,"-25.6850,28.1675|PRETORIA NORTH#0",2026-10-04 06:47:51.169722+00:00,2026-10-10 12:24:06.234248+00:00,149.6
-25.6852501,28.166458,PRETORIA NORTH,BERG AVENUE,TSH,79900002,https://powerfailure.tshwane.gov.za/Tshwanesms/Map.aspx,"-25.6853,28.1665|PRETORIA NORTH#0",2026-10-04 00:33:07.418287+00:00,2026-10-10 12:24:06.234248+00:00,155.85
-25.6870268,28.1656074,PRETORIA NORTH,WEST STREET,TSH,79900002,https://powerfailure.tshwane.gov.za/Tshwanesms/Map.aspx,"-25.6870,28.1656|PRETORIA NORTH#0",2026-10-04 06:47:51.169722+00:00,2026-10-10 12:24:06.234248+00:00,149.6
-25.6871748,28.1790245,PRETORIA NORTH,KOOS DE LA REY STREET,TSH,79900002,https://powerfailure.tshwane.gov.za/Tshwanesms/Map.aspx,"-25.6872,28.1790|PRETORIA NORTH#0",2026-10-04 13:09:40.651455+00:00,2026-10-10 12:24:06.234248+00:00,143.24
-25.6893613,28.1720937,PRETORIA NORTH,BEN VILJOEN STREET,TSH,79900002,https://powerfailure.tshwane.gov.za/Tshwanesms/Map.aspx,"-25.6894,28.1721|PRETORIA NORTH#0",2026-10-04 06:47:51.169722+00:00,2026-10-10 12:24:06.234248+00:00,149.6
-25.6708952,28.1677376,PRETORIA NORTH,JACK HINDON STREET,TSH,79900002,https://powerfailure.tshwane.gov.za/Tshwanesms/Map.aspx,"-25.6709,28.1677|PRETORIA NORTH#0",2026-10-04 06:47:51.169722+00:00,2026-10-10 12:24:06.234248+00:00,149.6
-25.6696693,28.1733256,PRETORIA NORTH,EMILY HOBBHOUSE AVENUE,TSH,79900002,https://powerfailure.tshwane.gov.za/Tshwanesms/Map.aspx,"-25.6697,28.1733|PRETORIA NORTH#0",2026-10-04 00:33:07.418287+00:00,2026-10-10 12:24:06.234248+00:00,155.85
-25.6605089,28.1696966,PRETORIA NORTH,JACK HINDON STREET,TSH,79900002,https://powerfailure.tshwane.gov.za/Tshwanesms/Map.aspx,"-25.6605,28.1697|PRETORIA NORTH#0",2026-10-04 06:47:51.169722+00:00,2026-10-10 12:24:06.234248+00:00,149.6
-25.708593,28.2277163,VILLIERIA,24TH AVENUE,TSH,79900053,https://powerfailure.tshwane.gov.za/Tshwanesms/Map.aspx,"-25.7086,28.2277|VILLIERIA#0",2026-10-07 23:02:05.111773+00:00,2026-10-10 12:24:06.234248+00:00,61.37
-25.716386,28.2315551,VILLIERIA,27TH AVENUE,TSH,79900053,https://powerfailure.tshwane.gov.za/Tshwanesms/Map.aspx,"-25.7164,28.2316|VILLIERIA#0",2026-10-10 05:43:32.746880+00:00,2026-10-10 12:24:06.234248+00:00,6.68
-25.7160862,28.2315521,VILLIERIA,27TH AVENUE,TSH,79900053,https://powerfailure.tshwane.gov.za/Tshwanesms/Map.aspx,"-25.7161,28.2316|VILLIERIA#0",2026-10-10 05:43:32.746880+00:00,2026-10-10 12:24:06.234248+00:00,6.68
-25.7176936,28.2343328,VILLIERIA,29TH AVENUE,TSH,79900052,https://powerfailure.tshwane.gov.za/Tshwanesms/Map.aspx,"-25.7177,28.2343|VILLIERIA#0",2026-10-10 12:24:06.234248+00:00,2026-10-10 12:24:06.234248+00:00,0.0
-25.6533333,28.0873381,THE ORCHARDS X11,KETELBY STREET,TSH,79900004,https://powerfailure.tshwane.gov.za/Tshwanesms/Map.aspx,"-25.6533,28.0873|THE ORCHARDS X11#0",2026-09-23 15:54:26.696532+00:00,2026-10-10 12:24:06.234248+00:00,404.49
-25.7341317,28.119454,DANVILLE X05,GRUNBERG ROAD,TSH,79900060,https://powerfailure.tshwane.gov.za/Tshwanesms/Map.aspx,"-25.7341,28.1195|DANVILLE X05#0",2026-10-10 00:00:01.978931+00:00,2026-10-10 12:24:06.234248+00:00,12.4
-25.6456273,28.2107766,DE ONDERSTEPOORT 300-JR,PL GV-027 (STAND 139),TSH,79900096,https://powerfailure.tshwane.gov.za/Tshwanesms/Map.aspx,"-25.6456,28.2108|DE ONDERSTEPOORT 300-JR#0",2026-10-06 10:08:41.992184+00:00,2026-10-10 12:24:06.234248+00:00,98.26
-25.6412875,28.2022565,DE ONDERSTEPOORT 300-JR,PL GV-05-08-01,TSH,79900096,https://powerfailure.tshwane.gov.za/Tshwanesms/Map.aspx,"-25.6413,28.2023|DE ONDERSTEPOORT 300-JR#0",2026-10-06 10:08:41.992184+00:00,2026-10-10 12:24:06.234248+00:00,98.26
-25.6764671,28.3048944,DERDEPOORT 326-JR,PL BP-088-14-4-2,TSH,79900087,https://powerfailure.tshwane.gov.za/Tshwanesms/Map.aspx,"-25.6765,28.3049|DERDEPOORT 326-JR#0",2026-10-08 10:27:19.292786+00:00,2026-10-10 12:24:06.234248+00:00,49.95
-25.6760956,28.3039687,DERDEPOORT 326-JR,DERDEPOORT 380 GVG 228,TSH,79900087,https://powerfailure.tshwane.gov.za/Tshwanesms/Map.aspx,"-25.6761,28.3040|DERDEPOORT 326-JR#0",2026-10-08 10:27:19.292786+00:00,2026-10-10 12:24:06.234248+00:00,49.95
-25.6846376,28.3228448,DERDEPOORT 326-JR,PL BP-130-03-08 (PORTION 482),TSH,79900087,https://powerfailure.tshwane.gov.za/Tshwanesms/Map.aspx,"-25.6846,28.3228|DERDEPOORT 326-JR#0",2026-10-09 13:08:42.013082+00:00,2026-10-10 12:24:06.234248+00:00,23.26
-25.7238349,28.1842652,CAPITAL PARK,MYBURGH STREET,TSH,79900001,https://powerfailure.tshwane.gov.za/Tshwanesms/Map.aspx,"-25.7238,28.1843|CAPITAL PARK#0",2026-10-09 13:08:42.013082+00:00,2026-10-10 12:24:06.234248+00:00,23.26
-25.725111,28.185681,CAPITAL PARK,TROUW STREET,TSH,79900001,https://powerfailure.tshwane.gov.za/Tshwanesms/Map.aspx,"-25.7251,28.1857|CAPITAL PARK#0",2026-10-01 18:51:09.084613+00:00,2026-10-10 12:24:06.234248+00:00,209.55
-25.7234689,28.2019959,CAPITAL PARK,MYBURGH STREET,TSH,79900058,https://powerfailure.tshwane.gov.za/Tshwanesms/Map.aspx,"-25.7235,28.2020|CAPITAL PARK#0",2026-10-09 13:08:42.013082+00:00,2026-10-10 12:24:06.234248+00:00,23.26
-25.8690327,28.1390302,CELTISDAL,LLOYS ROAD,TSH,79900070,https://powerfailure.tshwane.gov.za/Tshwanesms/Map.aspx,"-25.8690,28.1390|CELTISDAL#0",2026-10-10 12:24:06.234248+00:00,2026-10-10 12:24:06.234248+00:00,0.0
-25.8614196,28.1371971,CELTISDAL X11,COTIE AVENUE,TSH,79900070,https://powerfailure.tshwane.gov.za/Tshwanesms/Map.aspx,"-25.8614,28.1372|CELTISDAL X11#0",2026-10-10 12:24:06.234248+00:00,2026-10-10 12:24:06.234248+00:00,0.0
-25.4604872,28.0902699,SOSHANGUVE-GG,TAU STREET,TSH,79900094,https://powerfailure.tshwane.gov.za/Tshwanesms/Map.aspx,"-25.4605,28.0903|SOSHANGUVE-GG#0",2026-10-08 10:27:19.292786+00:00,2026-10-10 12:24:06.234248+00:00,49.95
-25.4663061,28.0881873,SOSHANGUVE-GG,STAND 754,TSH,79900094,https://powerfailure.tshwane.gov.za/Tshwanesms/Map.aspx,"-25.4663,28.0882|SOSHANGUVE-GG#0",2026-09-28 15:21:37.292442+00:00,2026-10-10 12:24:06.234248+00:00,285.04
-25.466001,28.088993,SOSHANGUVE-GG,STAND 761,TSH,79900094,https://powerfailure.tshwane.gov.za/Tshwanesms/Map.aspx,"-25.4660,28.0890|SOSHANGUVE-GG#0",2026-09-28 15:21:37.292442+00:00,2026-10-10 12:24:06.234248+00:00,285.04
-25.4664425,28.0885095,SOSHANGUVE-GG,STAND 767,TSH,79900094,https://powerfailure.tshwane.gov.za/Tshwanesms/Map.aspx,"-25.4664,28.0885|SOSHANGUVE-GG#0",2026-09-30 23:43:30.173884+00:00,2026-10-10 12:24:06.234248+00:00,228.68
-25.4639573,28.0956702,SOSHANGUVE-GG,STAND 1590,TSH,79900094,https://powerfailure.tshwane.gov.za/Tshwanesms/Map.aspx,"-25.4640,28.0957|SOSHANGUVE-GG#0",2026-09-28 15:21:37.292442+00:00,2026-10-10 12:24:06.234248+00:00,285.04
-25.5149882,28.1095584,SOSHANGUVE-H,STAND 272,TSH,79900034,https://powerfailure.tshwane.gov.za/Tshwanesms/Map.aspx,"-25.5150,28.1096|SOSHANGUVE-H#0",2026-09-29 20:42:53.961596+00:00,2026-10-10 12:24:06.234248+00:00,255.69
-25.6498547,28.2420857,DOORNPOORT,AIRPORT ROAD,TSH,79900096,https://powerfailure.tshwane.gov.za/Tshwanesms/Map.aspx,"-25.6499,28.2421|DOORNPOORT#0",2026-09-25 10:58:56.127220+00:00,2026-10-10 12:24:06.234248+00:00,361.42
-25.6491675,28.2462894,DOORNPOORT X06,AIRA AVENUE,TSH,79900096,https://powerfailure.tshwane.gov.za/Tshwanesms/Map.aspx,"-25.6492,28.2463|DOORNPOORT X06#0",2026-09-25 10:58:56.127220+00:00,2026-10-10 12:24:06.234248+00:00,361.42
-25.6541143,28.2501857,DOORNPOORT X29,OLINIA STREET,TSH,79900096,https://powerfailure.tshwane.gov.za/Tshwanesms/Map.aspx,"-25.6541,28.2502|DOORNPOORT X29#0",2026-10-09 13:08:42.013082+00:00,2026-10-10 12:24:06.234248+00:00,23.26
-25.6538011,28.2500047,DOORNPOORT X29,DOVEA STREET,TSH,79900096,https://powerfailure.tshwane.gov.za/Tshwanesms/Map.aspx,"-25.6538,28.2500|DOORNPOORT X29#0",2026-10-09 19:30:15.533813+00:00,2026-10-10 12:24:06.234248+00:00,16.9
-25.6551917,28.2505571,DOORNPOORT X29,AMANDELBOOM ROAD,TSH,79900096,https://powerfailure.tshwane.gov.za/Tshwanesms/Map.aspx,"-25.6552,28.2506|DOORNPOORT X29#0",2026-10-09 13:08:42.013082+00:00,2026-10-10 12:24:06.234248+00:00,23.26
-25.6563127,28.2487697,DOORNPOORT X29,DOVEA STREET,TSH,79900096,https://powerfailure.tshwane.gov.za/Tshwanesms/Map.aspx,"-25.6563,28.2488|DOORNPOORT X29#0",2026-10-09 13:08:42.013082+00:00,2026-10-10 12:24:06.234248+00:00,23.26
-25.658218,28.2522782,DOORNPOORT X31,ALECTRA CRESCENT,TSH,79900096,https://powerfailure.tshwane.gov.za/Tshwanesms/Map.aspx,"-25.6582,28.2523|DOORNPOORT X31#0",2026-10-09 13:08:42.013082+00:00,2026-10-10 12:24:06.234248+00:00,23.26
-25.6538049,28.2534327,DOORNPOORT X33,CASTALIS AVENUE,TSH,79900096,https://powerfailure.tshwane.gov.za/Tshwanesms/Map.aspx,"-25.6538,28.2534|DOORNPOORT X33#0",2026-10-05 15:56:27.539408+00:00,2026-10-10 12:24:06.234248+00:00,116.46
-25.6538049,28.2534327,DOORNPOORT X33,CASTALIS AVENUE,TSH,79900096,https://powerfailure.tshwane.gov.za/Tshwanesms/Map.aspx,"-25.6538,28.2534|DOORNPOORT X33#1",2026-10-09 13:08:42.013082+00:00,2026-10-10 12:24:06.234248+00:00,23.26
-25.6538492,28.2574967,DOORNPOORT X34,VLAS STREET,TSH,79900096,https://powerfailure.tshwane.gov.za/Tshwanesms/Map.aspx,"-25.6538,28.2575|DOORNPOORT X34#0",2026-10-09 13:08:42.013082+00:00,2026-10-10 12:24:06.234248+00:00,23.26
-25.6538898,28.2586962,DOORNPOORT X34,APIUM STREET,TSH,79900096,https://powerfailure.tshwane.gov.za/Tshwanesms/Map.aspx,"-25.6539,28.2587|DOORNPOORT X34#0",2026-10-09 13:08:42.013082+00:00,2026-10-10 12:24:06.234248+00:00,23.26
-25.6580761,28.2589677,DOORNPOORT X34,OLYRA STREET,TSH,79900096,https://powerfailure.tshwane.gov.za/Tshwanesms/Map.aspx,"-25.6581,28.2590|DOORNPOORT X34#0",2026-10-09 13:08:42.013082+00:00,2026-10-10 12:24:06.234248+00:00,23.26
-25.6508619,28.2634198,DOORNPOORT X40,BREED STREET,TSH,79900096,https://powerfailure.tshwane.gov.za/Tshwanesms/Map.aspx,"-25.6509,28.2634|DOORNPOORT X40#0",2026-10-09 13:08:42.013082+00:00,2026-10-10 12:24:06.234248+00:00,23.26
-25.6519356,28.2702786,DOORNPOORT X41,STRIGA STREET,TSH,79900096,https://powerfailure.tshwane.gov.za/Tshwanesms/Map.aspx,"-25.6519,28.2703|DOORNPOORT X41#0",2026-10-09 13:08:42.013082+00:00,2026-10-10 12:24:06.234248+00:00,23.26
-25.6504729,28.272385,DOORNPOORT X41,RIVEA STREET,TSH,79900096,https://powerfailure.tshwane.gov.za/Tshwanesms/Map.aspx,"-25.6505,28.2724|DOORNPOORT X41#0",2026-10-09 13:08:42.013082+00:00,2026-10-10 12:24:06.234248+00:00,23.26
-25.6581503,28.2697489,DOORNPOORT 295-JR,HAMERKOP CRESCENT,TSH,79900096,https://powerfailure.tshwane.gov.za/Tshwanesms/Map.aspx,"-25.6582,28.2697|DOORNPOORT 295-JR#0",2026-10-09 19:30:15.533813+00:00,2026-10-10 12:24:06.234248+00:00,16.9
-25.6527237,28.2657822,DOORNPOORT 295-JR,HAMERKOP STREET,TSH,79900096,https://powerfailure.tshwane.gov.za/Tshwanesms/Map.aspx,"-25.6527,28.2658|DOORNPOORT 295-JR#0",2026-10-09 19:30:15.533813+00:00,2026-10-10 12:24:06.234248+00:00,16.9
-25.9154133,28.2636788,DOORNKLOOF 391-JR,PORTION 93,TSH,79900065,https://powerfailure.tshwane.gov.za/Tshwanesms/Map.aspx,"-25.9154,28.2637|DOORNKLOOF 391-JR#0",2026-10-09 19:30:15.533813+00:00,2026-10-10 12:24:06.234248+00:00,16.9
-25.7070795,28.281793,EAST LYNNE,VAN DER WESTHUIZEN STREET,TSH,79900052,https://powerfailure.tshwane.gov.za/Tshwanesms/Map.aspx,"-25.7071,28.2818|EAST LYNNE#0",2026-10-07 23:02:05.111773+00:00,2026-10-10 12:24:06.234248+00:00,61.37
-25.7081573,28.3091863,EERSTERUST X05,HANS COVERDALE RD WEST,TSH,79900043,https://powerfailure.tshwane.gov.za/Tshwanesms/Map.aspx,"-25.7082,28.3092|EERSTERUST X05#0",2026-10-09 19:30:15.533813+00:00,2026-10-10 12:24:06.234248+00:00,16.9
-25.7085164,28.3084878,EERSTERUST X05,HANS COVERDALE RD WEST,TSH,79900043,https://powerfailure.tshwane.gov.za/Tshwanesms/Map.aspx,"-25.7085,28.3085|EERSTERUST X05#0",2026-10-09 19:30:15.533813+00:00,2026-10-10 12:24:06.234248+00:00,16.9
-25.7067043,28.3104022,EERSTERUST X06,P S FOURIE DRIVE,TSH,79900043,https://powerfailure.tshwane.gov.za/Tshwanesms/Map.aspx,"-25.7067,28.3104|EERSTERUST X06#0",2026-10-09 19:30:15.533813+00:00,2026-10-10 12:24:06.234248+00:00,16.9
-25.7063893,28.3124869,EERSTERUST X06,FERGUSON CRESENT,TSH,79900043,https://powerfailure.tshwane.gov.za/Tshwanesms/Map.aspx,"-25.7064,28.3125|EERSTERUST X06#0",2026-10-09 19:30:15.533813+00:00,2026-10-10 12:24:06.234248+00:00,16.9
-25.7751511,28.3160035,FAERIE GLEN X03,RENOIR AVENUE,TSH,79900044,https://powerfailure.tshwane.gov.za/Tshwanesms/Map.aspx,"-25.7752,28.3160|FAERIE GLEN X03#0",2026-10-06 22:37:35.817764+00:00,2026-10-10 12:24:06.234248+00:00,85.78
-25.6876219,28.1604989,FLORAUNA,BERGVOLKIES AVENUE,TSH,79900002,https://powerfailure.tshwane.gov.za/Tshwanesms/Map.aspx,"-25.6876,28.1605|FLORAUNA#0",2026-10-09 13:08:42.013082+00:00,2026-10-10 12:24:06.234248+00:00,23.26
-25.6804833,28.1611755,FLORAUNA X05,PERM CRES,TSH,79900002,https://powerfailure.tshwane.gov.za/Tshwanesms/Map.aspx,"-25.6805,28.1612|FLORAUNA X05#0",2026-10-09 13:08:42.013082+00:00,2026-10-10 12:24:06.234248+00:00,23.26
-25.712171,28.3732064,MAMELODI,STAND 12537,TSH,79900023,https://powerfailure.tshwane.gov.za/Tshwanesms/Map.aspx,"-25.7122,28.3732|MAMELODI#0",2026-09-23 15:54:26.696532+00:00,2026-10-10 12:24:06.234248+00:00,404.49
-25.7189726,28.3641772,MAMELODI,A28639,TSH,79900028,https://powerfailure.tshwane.gov.za/Tshwanesms/Map.aspx,"-25.7190,28.3642|MAMELODI#0",2026-09-23 15:54:26.696532+00:00,2026-10-10 12:24:06.234248+00:00,404.49
-25.7159326,28.379657,MAMELODI,BOPHELONG STREET,TSH,79900018,https://powerfailure.tshwane.gov.za/Tshwanesms/Map.aspx,"-25.7159,28.3797|MAMELODI#0",2026-09-23 15:54:26.696532+00:00,2026-10-10 12:24:06.234248+00:00,404.49
-25.7209375,28.3787191,MAMELODI,STAND 20161,TSH,79900018,https://powerfailure.tshwane.gov.za/Tshwanesms/Map.aspx,"-25.7209,28.3787|MAMELODI#0",2026-09-23 15:54:26.696532+00:00,2026-10-10 12:24:06.234248+00:00,404.49
-25.7203621,28.3781915,MAMELODI,STAND 20192,TSH,79900018,https://powerfailure.tshwane.gov.za/Tshwanesms/Map.aspx,"-25.7204,28.3782|MAMELODI#0",2026-09-23 15:54:26.696532+00:00,2026-10-10 12:24:06.234248+00:00,404.49
-25.7491672,28.2993158,MURRAYFIELD,CLYDE STREET,TSH,79900041,https://powerfailure.tshwane.gov.za/Tshwanesms/Map.aspx,"-25.7492,28.2993|MURRAYFIELD#0",2026-10-08 10:27:19.292786+00:00,2026-10-10 12:24:06.234248+00:00,49.95
-25.7487996,28.3114107,MURRAYFIELD,NATALIE AVENUE,TSH,79900041,https://powerfailure.tshwane.gov.za/Tshwanesms/Map.aspx,"-25.7488,28.3114|MURRAYFIELD#0",2026-10-08 17:51:27.458247+00:00,2026-10-10 12:24:06.234248+00:00,42.54
-25.7528288,28.3003802,MURRAYFIELD X01,GLOUDINA ROAD,TSH,79900046,https://powerfailure.tshwane.gov.za/Tshwanesms/Map.aspx,"-25.7528,28.3004|MURRAYFIELD X01#0",2026-09-30 06:38:52.006832+00:00,2026-10-10 12:24:06.234248+00:00,245.75
-25.753025,28.298342,MURRAYFIELD X01,GLOUDINA ROAD,TSH,79900046,https://powerfailure.tshwane.gov.za/Tshwanesms/Map.aspx,"-25.7530,28.2983|MURRAYFIELD X01#0",2026-09-30 06:38:52.006832+00:00,2026-10-10 12:24:06.234248+00:00,245.75
-25.7526303,28.3107799,MURRAYFIELD,SHIRLEY AVENUE,TSH,79900041,https://powerfailure.tshwane.gov.za/Tshwanesms/Map.aspx,"-25.7526,28.3108|MURRAYFIELD#0",2026-10-08 17:51:27.458247+00:00,2026-10-10 12:24:06.234248+00:00,42.54
-25.7389046,28.3459908,NELLMAPIUS,GRABOUW- PLACE,TSH,79900086,https://powerfailure.tshwane.gov.za/Tshwanesms/Map.aspx,"-25.7389,28.3460|NELLMAPIUS#0",2026-09-25 17:15:35.006199+00:00,2026-10-10 12:24:06.234248+00:00,355.14
-25.7340137,28.36758,NELLMAPIUS X03,SANTOS STREET,TSH,79900086,https://powerfailure.tshwane.gov.za/Tshwanesms/Map.aspx,"-25.7340,28.3676|NELLMAPIUS X03#0",2026-09-23 15:54:26.696532+00:00,2026-10-10 12:24:06.234248+00:00,404.49
-25.738787,28.3708968,NELLMAPIUS X03,COLTS STREET,TSH,79900086,https://powerfailure.tshwane.gov.za/Tshwanesms/Map.aspx,"-25.7388,28.3709|NELLMAPIUS X03#0",2026-09-23 15:54:26.696532+00:00,2026-10-10 12:24:06.234248+00:00,404.49
-25.7365897,28.369627,NELLMAPIUS X03,CELTIC STREET,TSH,79900086,https://powerfailure.tshwane.gov.za/Tshwanesms/Map.aspx,"-25.7366,28.3696|NELLMAPIUS X03#0",2026-10-02 22:56:53.748764+00:00,2026-10-10 12:24:06.234248+00:00,181.45
-25.7382791,28.37218,NELLMAPIUS X03,AMAZULU STREET,TSH,79900086,https://powerfailure.tshwane.gov.za/Tshwanesms/Map.aspx,"-25.7383,28.3722|NELLMAPIUS X03#0",2026-09-23 15:54:26.696532+00:00,2026-10-10 12:24:06.234248+00:00,404.49
-25.7294186,28.3598698,NELLMAPIUS X04,MAFIFI,TSH,79900028,https://powerfailure.tshwane.gov.za/Tshwanesms/Map.aspx,"-25.7294,28.3599|NELLMAPIUS X04#0",2026-09-23 15:54:26.696532+00:00,2026-10-10 12:24:06.234248+00:00,404.49
-25.6767162,28.1538666,TILEBA,LEON STREET,TSH,79900098,https://powerfailure.tshwane.gov.za/Tshwanesms/Map.aspx,"-25.6767,28.1539|TILEBA#0",2026-10-09 13:08:42.013082+00:00,2026-10-10 12:24:06.234248+00:00,23.26
-25.722031,28.2129763,RIETFONTEIN,14TH AVENUE,TSH,79900053,https://powerfailure.tshwane.gov.za/Tshwanesms/Map.aspx,"-25.7220,28.2130|RIETFONTEIN#0",2026-10-07 23:02:05.111773+00:00,2026-10-10 12:24:06.234248+00:00,61.37
-25.7222734,28.2111768,RIETFONTEIN,13TH AVENUE,TSH,79900053,https://powerfailure.tshwane.gov.za/Tshwanesms/Map.aspx,"-25.7223,28.2112|RIETFONTEIN#0",2026-10-07 10:10:01.835441+00:00,2026-10-10 12:24:06.234248+00:00,74.23
-25.6971878,28.2311409,RIETFONTEIN,28TH AVENUE,TSH,79900052,https://powerfailure.tshwane.gov.za/Tshwanesms/Map.aspx,"-25.6972,28.2311|RIETFONTEIN#0",2026-10-07 23:02:05.111773+00:00,2026-10-10 12:24:06.234248+00:00,61.37
-25.6962512,28.2316907,RIETFONTEIN,CROTS STREET,TSH,79900052,https://powerfailure.tshwane.gov.za/Tshwanesms/Map.aspx,"-25.6963,28.2317|RIETFONTEIN#0",2026-10-07 23:02:05.111773+00:00,2026-10-10 12:24:06.234248+00:00,61.37
-25.6980249,28.2310358,RIETFONTEIN,28TH AVENUE,TSH,79900052,https://powerfailure.tshwane.gov.za/Tshwanesms/Map.aspx,"-25.6980,28.2310|RIETFONTEIN#0",2026-10-07 23:02:05.111773+00:00,2026-10-10 12:24:06.234248+00:00,61.37
-25.6368979,28.3881116,SABLE HILLS WATERFRONT ESTATE,SABLE HILLS,TSH,79900087,https://powerfailure.tshwane.gov.za/Tshwanesms/Map.aspx,"-25.6369,28.3881|SABLE HILLS WATERFRONT ESTATE#0",2026-10-06 10:08:41.992184+00:00,2026-10-10 12:24:06.234248+00:00,98.26
-25.7180042,28.2937179,SILVERTONDALE,SKILDER ROAD,TSH,79900052,https://powerfailure.tshwane.gov.za/Tshwanesms/Map.aspx,"-25.7180,28.2937|SILVERTONDALE#0",2026-09-28 06:45:25.816546+00:00,2026-10-10 12:24:06.234248+00:00,293.64
-25.6891193,28.2635441,MONTANA PARK X46,BESEMBIESIE ROAD,TSH,79900005,https://powerfailure.tshwane.gov.za/Tshwanesms/Map.aspx,"-25.6891,28.2635|MONTANA PARK X46#0",2026-09-30 13:37:49.273392+00:00,2026-10-10 12:24:06.234248+00:00,238.77
-25.4862053,28.1035744,SOSHANGUVE-BB,STAND 472,TSH,79900026,https://powerfailure.tshwane.gov.za/Tshwanesms/Map.aspx,"-25.4862,28.1036|SOSHANGUVE-BB#0",2026-09-27 21:17:44.521064+00:00,2026-10-10 12:24:06.234248+00:00,303.11
-25.494136,28.0971658,SOSHANGUVE-BB,STAND,TSH,79900094,https://powerfailure.tshwane.gov.za/Tshwanesms/Map.aspx,"-25.4941,28.0972|SOSHANGUVE-BB#0",2026-09-29 20:42:53.961596+00:00,2026-10-10 12:24:06.234248+00:00,255.69
-25.4760459,28.1018171,SOSHANGUVE-FF,STAND 962,TSH,79900026,https://powerfailure.tshwane.gov.za/Tshwanesms/Map.aspx,"-25.4760,28.1018|SOSHANGUVE-FF#0",2026-09-30 23:43:30.173884+00:00,2026-10-10 12:24:06.234248+00:00,228.68
-25.4760941,28.1058263,SOSHANGUVE-FF,STAND 1365,TSH,79900026,https://powerfailure.tshwane.gov.za/Tshwanesms/Map.aspx,"-25.4761,28.1058|SOSHANGUVE-FF#0",2026-10-09 19:30:15.533813+00:00,2026-10-10 12:24:06.234248+00:00,16.9
-25.5062494,28.1089129,SOSHANGUVE-G,STAND 470,TSH,79900033,https://powerfailure.tshwane.gov.za/Tshwanesms/Map.aspx,"-25.5062,28.1089|SOSHANGUVE-G#0",2026-09-28 15:21:37.292442+00:00,2026-10-10 12:24:06.234248+00:00,285.04
-25.546549,28.1039461,SOSHANGUVE-L,FHALALA STREET,TSH,79900035,https://powerfailure.tshwane.gov.za/Tshwanesms/Map.aspx,"-25.5465,28.1039|SOSHANGUVE-L#0",2026-09-29 20:42:53.961596+00:00,2026-10-10 12:24:06.234248+00:00,255.69
-25.547752,28.0971598,SOSHANGUVE-L,STAND 2585,TSH,79900035,https://powerfailure.tshwane.gov.za/Tshwanesms/Map.aspx,"-25.5478,28.0972|SOSHANGUVE-L#0",2026-09-23 15:54:26.696532+00:00,2026-10-10 12:24:06.234248+00:00,404.49
-25.5355862,28.0880484,SOSHANGUVE-M,STAND 145/15,TSH,79900035,https://powerfailure.tshwane.gov.za/Tshwanesms/Map.aspx,"-25.5356,28.0880|SOSHANGUVE-M#0",2026-09-28 15:21:37.292442+00:00,2026-10-10 12:24:06.234248+00:00,285.04
-25.5487572,28.0760906,SOSHANGUVE-M X01,STAND 2178,TSH,79900036,https://powerfailure.tshwane.gov.za/Tshwanesms/Map.aspx,"-25.5488,28.0761|SOSHANGUVE-M X01#0",2026-09-29 20:42:53.961596+00:00,2026-10-10 12:24:06.234248+00:00,255.69
-25.7947685,28.2936705,GARSFONTEIN X07,KOMMETJIE CRESCENT,TSH,79900045,https://powerfailure.tshwane.gov.za/Tshwanesms/Map.aspx,"-25.7948,28.2937|GARSFONTEIN X07#0",2026-10-10 12:24:06.234248+00:00,2026-10-10 12:24:06.234248+00:00,0.0
-25.7926865,28.2899694,GARSFONTEIN X08,SERENE STREET,TSH,79900045,https://powerfailure.tshwane.gov.za/Tshwanesms/Map.aspx,"-25.7927,28.2900|GARSFONTEIN X08#0",2026-10-10 12:24:06.234248+00:00,2026-10-10 12:24:06.234248+00:00,0.0
-25.7926865,28.2899694,GARSFONTEIN X08,SERENE STREET,TSH,79900045,https://powerfailure.tshwane.gov.za/Tshwanesms/Map.aspx,"-25.7927,28.2900|GARSFONTEIN X08#1",2026-10-10 12:24:06.234248+00:00,2026-10-10 12:24:06.234248+00:00,0.0
-25.8035384,28.3155427,GARSFONTEIN X10,LASSIE STREET,TSH,79900045,https://powerfailure.tshwane.gov.za/Tshwanesms/Map.aspx,"-25.8035,28.3155|GARSFONTEIN X10#0",2026-10-02 12:24:50.491552+00:00,2026-10-10 12:24:06.234248+00:00,191.99
-25.8005894,28.3030677,GARSFONTEIN X14,COLEY STREET,TSH,79900045,https://powerfailure.tshwane.gov.za/Tshwanesms/Map.aspx,"-25.8006,28.3031|GARSFONTEIN X14#0",2026-10-10 12:24:06.234248+00:00,2026-10-10 12:24:06.234248+00:00,0.0
-25.4719158,28.0411264,WINTERVELD X03,BEYERS NAUDE STREET,TSH,79900019,https://powerfailure.tshwane.gov.za/Tshwanesms/Map.aspx,"-25.4719,28.0411|WINTERVELD X03#0",2026-09-29 20:42:53.961596+00:00,2026-10-10 12:24:06.234248+00:00,255.69
-25.7160671,28.3922537,MAMELODI X04,STAND 22912,TSH,79900016,https://powerfailure.tshwane.gov.za/Tshwanesms/Map.aspx,"-25.7161,28.3923|MAMELODI X04#0",2026-10-08 10:27:19.292786+00:00,2026-10-10 12:24:06.234248+00:00,49.95
-25.7001667,28.3982426,MAMELODI X05,MMUTLANA STREET,TSH,79900016,https://powerfailure.tshwane.gov.za/Tshwanesms/Map.aspx,"-25.7002,28.3982|MAMELODI X05#0",2026-09-23 15:54:26.696532+00:00,2026-10-10 12:24:06.234248+00:00,404.49
-25.7714336,28.2667912,MENLO PARK,THE KOPPIE THE KOPPIE,TSH,79900082,https://powerfailure.tshwane.gov.za/Tshwanesms/Map.aspx,"-25.7714,28.2668|MENLO PARK#0",2026-10-10 12:24:06.234248+00:00,2026-10-10 12:24:06.234248+00:00,0.0
-25.9099882,28.0950654,OLIEVENHOUTBOS X13,UMPHAFA STREET,TSH,79900106,https://powerfailure.tshwane.gov.za/Tshwanesms/Map.aspx,"-25.9100,28.0951|OLIEVENHOUTBOS X13#0",2026-10-08 02:40:40.316635+00:00,2026-10-10 12:24:06.234248+00:00,57.72
-25.9069279,28.0963771,OLIEVENHOUTBOS,UMHLUME STREET,TSH,79900106,https://powerfailure.tshwane.gov.za/Tshwanesms/Map.aspx,"-25.9069,28.0964|OLIEVENHOUTBOS#0",2026-10-08 10:27:19.292786+00:00,2026-10-10 12:24:06.234248+00:00,49.95
-25.7510186,28.1531023,PRETORIA,FREDERICK STREET,TSH,79900003,https://powerfailure.tshwane.gov.za/Tshwanesms/Map.aspx,"-25.7510,28.1531|PRETORIA#0",2026-10-09 13:08:42.013082+00:00,2026-10-10 12:24:06.234248+00:00,23.26
-25.8105604,28.3086989,PRETORIUSPARK,FLORIANNE STREET,TSH,79900045,https://powerfailure.tshwane.gov.za/Tshwanesms/Map.aspx,"-25.8106,28.3087|PRETORIUSPARK#0",2026-09-29 08:23:13.536342+00:00,2026-10-10 12:24:06.234248+00:00,268.01
-25.7996371,28.3273306,BOARDWALK MANOR,TARRAGON STREET,TSH,79900101,https://powerfailure.tshwane.gov.za/Tshwanesms/Map.aspx,"-25.7996,28.3273|BOARDWALK MANOR#0",2026-10-03 17:56:38.270365+00:00,2026-10-10 12:24:06.234248+00:00,162.46
-25.6792928,28.2061597,SINOVILLE,SEFAKO MAKGATHO DRIVE,TSH,79900050,https://powerfailure.tshwane.gov.za/Tshwanesms/Map.aspx,"-25.6793,28.2062|SINOVILLE#0",2026-10-06 17:09:53.951304+00:00,2026-10-10 12:24:06.234248+00:00,91.24
-25.6802605,28.2094455,SINOVILLE,BLYDE AVENUE,TSH,79900050,https://powerfailure.tshwane.gov.za/Tshwanesms/Map.aspx,"-25.6803,28.2094|SINOVILLE#0",2026-10-06 10:08:41.992184+00:00,2026-10-10 12:24:06.234248+00:00,98.26
-25.6725734,28.2153993,SINOVILLE,MIRIANA STREET,TSH,79900050,https://powerfailure.tshwane.gov.za/Tshwanesms/Map.aspx,"-25.6726,28.2154|SINOVILLE#0",2026-10-06 17:09:53.951304+00:00,2026-10-10 12:24:06.234248+00:00,91.24
-25.6769721,28.2245238,SINOVILLE,PAFURI AVENUE,TSH,79900050,https://powerfailure.tshwane.gov.za/Tshwanesms/Map.aspx,"-25.6770,28.2245|SINOVILLE#0",2026-10-06 10:08:41.992184+00:00,2026-10-10 12:24:06.234248+00:00,98.26
-25.6788335,28.2252657,SINOVILLE,PAFURI AVENUE,TSH,79900050,https://powerfailure.tshwane.gov.za/Tshwanesms/Map.aspx,"-25.6788,28.2253|SINOVILLE#0",2026-10-06 17:09:53.951304+00:00,2026-10-10 12:24:06.234248+00:00,91.24
-25.6797043,28.2244549,SINOVILLE,LUCE STREET,TSH,79900050,https://powerfailure.tshwane.gov.za/Tshwanesms/Map.aspx,"-25.6797,28.2245|SINOVILLE#0",2026-10-06 17:09:53.951304+00:00,2026-10-10 12:24:06.234248+00:00,91.24
-25.6800611,28.2238423,SINOVILLE,STEENBRAS AVENUE,TSH,79900050,https://powerfailure.tshwane.gov.za/Tshwanesms/Map.aspx,"-25.6801,28.2238|SINOVILLE#0",2026-10-05 22:35:03.937620+00:00,2026-10-10 12:24:06.234248+00:00,109.82
-25.6819589,28.2167681,SINOVILLE,BLYDE AVENUE,TSH,79900050,https://powerfailure.tshwane.gov.za/Tshwanesms/Map.aspx,"-25.6820,28.2168|SINOVILLE#0",2026-10-06 10:08:41.992184+00:00,2026-10-10 12:24:06.234248+00:00,98.26
-25.685213,28.2192718,SINOVILLE,CARLO STREET,TSH,79900050,https://powerfailure.tshwane.gov.za/Tshwanesms/Map.aspx,"-25.6852,28.2193|SINOVILLE#0",2026-10-06 17:09:53.951304+00:00,2026-10-10 12:24:06.234248+00:00,91.24
-25.6891676,28.2239464,SINOVILLE,MOLOPO AVENUE,TSH,79900050,https://powerfailure.tshwane.gov.za/Tshwanesms/Map.aspx,"-25.6892,28.2239|SINOVILLE#0",2026-10-06 17:09:53.951304+00:00,2026-10-10 12:24:06.234248+00:00,91.24
-25.6891212,28.224176,SINOVILLE,MOLOPO AVENUE,TSH,79900050,https://powerfailure.tshwane.gov.za/Tshwanesms/Map.aspx,"-25.6891,28.2242|SINOVILLE#0",2026-10-09 13:08:42.013082+00:00,2026-10-10 12:24:06.234248+00:00,23.26
-25.7508859,28.2939495,VAL-DE-GRACE,KREMETART STREET,TSH,79900046,https://powerfailure.tshwane.gov.za/Tshwanesms/Map.aspx,"-25.7509,28.2939|VAL-DE-GRACE#0",2026-10-08 23:17:48.201218+00:00,2026-10-10 12:24:06.234248+00:00,37.11
-25.8470923,28.1472132,WIERDAPARK X01,LA DOMAINE CRESCENT,TSH,79900070,https://powerfailure.tshwane.gov.za/Tshwanesms/Map.aspx,"-25.8471,28.1472|WIERDAPARK X01#0",2026-10-10 12:24:06.234248+00:00,2026-10-10 12:24:06.234248+00:00,0.0
-25.8500914,28.1437582,WIERDAPARK X01,BOSDUIF CRESCENT,TSH,79900070,https://powerfailure.tshwane.gov.za/Tshwanesms/Map.aspx,"-25.8501,28.1438|WIERDAPARK X01#0",2026-10-10 12:24:06.234248+00:00,2026-10-10 12:24:06.234248+00:00,0.0
-25.854511,28.1348226,WIERDAPARK X06,GEELVINK ROAD,TSH,79900070,https://powerfailure.tshwane.gov.za/Tshwanesms/Map.aspx,"-25.8545,28.1348|WIERDAPARK X06#0",2026-10-10 12:24:06.234248+00:00,2026-10-10 12:24:06.234248+00:00,0.0
-25.8576148,28.1347862,WIERDAPARK X06,SEESWAEL ROAD,TSH,79900070,https://powerfailure.tshwane.gov.za/Tshwanesms/Map.aspx,"-25.8576,28.1348|WIERDAPARK X06#0",2026-10-10 12:24:06.234248+00:00,2026-10-10 12:24:06.234248+00:00,0.0
-25.8642174,28.1523089,WIERDAPARK X05,PORCHE AVENUE,TSH,79900070,https://powerfailure.tshwane.gov.za/Tshwanesms/Map.aspx,"-25.8642,28.1523|WIERDAPARK X05#0",2026-10-10 12:24:06.234248+00:00,2026-10-10 12:24:06.234248+00:00,0.0
-25.6352839,28.1300802,WITFONTEIN 301-JR,STAND 301,TSH,79900098,https://powerfailure.tshwane.gov.za/Tshwanesms/Map.aspx,"-25.6353,28.1301|WITFONTEIN 301-JR#0",2026-10-08 10:27:19.292786+00:00,2026-10-10 12:24:06.234248+00:00,49.95
-25.6570993,28.1581644,WOLMER,DEETLEFS STREET,TSH,79900002,https://powerfailure.tshwane.gov.za/Tshwanesms/Map.aspx,"-25.6571,28.1582|WOLMER#0",2026-10-09 13:08:42.013082+00:00,2026-10-10 12:24:06.234248+00:00,23.26
-25.6580043,28.1603238,WOLMER,HORN STREET,TSH,79900002,https://powerfailure.tshwane.gov.za/Tshwanesms/Map.aspx,"-25.6580,28.1603|WOLMER#0",2026-10-09 13:08:42.013082+00:00,2026-10-10 12:24:06.234248+00:00,23.26
-25.6576017,28.1641978,WOLMER,BROODRYK STREET,TSH,79900002,https://powerfailure.tshwane.gov.za/Tshwanesms/Map.aspx,"-25.6576,28.1642|WOLMER#0",2026-10-09 13:08:42.013082+00:00,2026-10-10 12:24:06.234248+00:00,23.26
-25.6581032,28.1641533,WOLMER,BROODRYK STREET,TSH,79900002,https://powerfailure.tshwane.gov.za/Tshwanesms/Map.aspx,"-25.6581,28.1642|WOLMER#0",2026-10-09 13:08:42.013082+00:00,2026-10-10 12:24:06.234248+00:00,23.26
-25.6608128,28.1576154,WOLMER,DEETLEFS STREET,TSH,79900002,https://powerfailure.tshwane.gov.za/Tshwanesms/Map.aspx,"-25.6608,28.1576|WOLMER#0",2026-10-09 13:08:42.013082+00:00,2026-10-10 12:24:06.234248+00:00,23.26
-25.6609893,28.1623232,WOLMER,JOPIE FOURIE STREET,TSH,79900002,https://powerfailure.tshwane.gov.za/Tshwanesms/Map.aspx,"-25.6610,28.1623|WOLMER#0",2026-10-09 13:08:42.013082+00:00,2026-10-10 12:24:06.234248+00:00,23.26
-25.6662376,28.158712,WOLMER,HORN STREET,TSH,79900002,https://powerfailure.tshwane.gov.za/Tshwanesms/Map.aspx,"-25.6662,28.1587|WOLMER#0",2026-10-08 17:51:27.458247+00:00,2026-10-10 12:24:06.234248+00:00,42.54
-25.6683876,28.1618396,WOLMER,STASIE STREET,TSH,79900002,https://powerfailure.tshwane.gov.za/Tshwanesms/Map.aspx,"-25.6684,28.1618|WOLMER#0",2026-10-09 19:30:15.533813+00:00,2026-10-10 12:24:06.234248+00:00,16.9
-25.6562182,28.1599211,WOLMER X01,GWENDOLEN ROAD,TSH,79900002,https://powerfailure.tshwane.gov.za/Tshwanesms/Map.aspx,"-25.6562,28.1599|WOLMER X01#0",2026-10-09 13:08:42.013082+00:00,2026-10-10 12:24:06.234248+00:00,23.26
-25.6861167,28.2005845,WONDERBOOM,DRIEDORING AVENUE,TSH,79900050,https://powerfailure.tshwane.gov.za/Tshwanesms/Map.aspx,"-25.6861,28.2006|WONDERBOOM#0",2026-10-07 23:02:05.111773+00:00,2026-10-10 12:24:06.234248+00:00,61.37
-25.7968369,28.3704572,TYGER VALLEY 334-JR,GRAHAM ROAD,TSH,79900101,https://powerfailure.tshwane.gov.za/Tshwanesms/Map.aspx,"-25.7968,28.3705|TYGER VALLEY 334-JR#0",2026-10-06 22:37:35.817764+00:00,2026-10-10 12:24:06.234248+00:00,85.78
-25.8417721,28.1501794,ELDORAIGNE,CRADOCK AVENUE,TSH,79900069,https://powerfailure.tshwane.gov.za/Tshwanesms/Map.aspx,"-25.8418,28.1502|ELDORAIGNE#0",2026-10-10 12:24:06.234248+00:00,2026-10-10 12:24:06.234248+00:00,0.0
-25.8419248,28.1507222,ELDORAIGNE,GEORGE ROAD,TSH,79900069,https://powerfailure.tshwane.gov.za/Tshwanesms/Map.aspx,"-25.8419,28.1507|ELDORAIGNE#0",2026-10-10 12:24:06.234248+00:00,2026-10-10 12:24:06.234248+00:00,0.0
-25.8406659,28.1553501,ELDORAIGNE,HENRI ROAD,TSH,79900069,https://powerfailure.tshwane.gov.za/Tshwanesms/Map.aspx,"-25.8407,28.1554|ELDORAIGNE#0",2026-10-10 12:24:06.234248+00:00,2026-10-10 12:24:06.234248+00:00,0.0
-25.8366833,28.1583891,ELDORAIGNE X01,ELZIEN ROAD,TSH,79900069,https://powerfailure.tshwane.gov.za/Tshwanesms/Map.aspx,"-25.8367,28.1584|ELDORAIGNE X01#0",2026-10-10 12:24:06.234248+00:00,2026-10-10 12:24:06.234248+00:00,0.0
-25.8389906,28.1601721,ELDORAIGNE X01,FREDERIK AVENUE,TSH,79900069,https://powerfailure.tshwane.gov.za/Tshwanesms/Map.aspx,"-25.8390,28.1602|ELDORAIGNE X01#0",2026-10-10 12:24:06.234248+00:00,2026-10-10 12:24:06.234248+00:00,0.0
-25.8433749,28.1565113,ELDORAIGNE X01,WILHELM ROAD,TSH,79900069,https://powerfailure.tshwane.gov.za/Tshwanesms/Map.aspx,"-25.8434,28.1565|ELDORAIGNE X01#0",2026-10-10 12:24:06.234248+00:00,2026-10-10 12:24:06.234248+00:00,0.0
-25.8475164,28.1613218,ELDORAIGNE X01,EWALD ROAD,TSH,79900069,https://powerfailure.tshwane.gov.za/Tshwanesms/Map.aspx,"-25.8475,28.1613|ELDORAIGNE X01#0",2026-10-10 12:24:06.234248+00:00,2026-10-10 12:24:06.234248+00:00,0.0
-25.8478105,28.1577084,ELDORAIGNE x 1,EWALD ROAD,TSH,79900069,https://powerfailure.tshwane.gov.za/Tshwanesms/Map.aspx,"-25.8478,28.1577|ELDORAIGNE X 1#0",2026-10-10 12:24:06.234248+00:00,2026-10-10 12:24:06.234248+00:00,0.0
-25.8479262,28.1595202,ELDORAIGNE X01,EWALD ROAD,TSH,79900069,https://powerfailure.tshwane.gov.za/Tshwanesms/Map.aspx,"-25.8479,28.1595|ELDORAIGNE X01#0",2026-10-10 12:24:06.234248+00:00,2026-10-10 12:24:06.234248+00:00,0.0
-25.8437514,28.1627186,ELDORAIGNE X01,FREDERIK AVENUE,TSH,79900069,https://powerfailure.tshwane.gov.za/Tshwanesms/Map.aspx,"-25.8438,28.1627|ELDORAIGNE X01#0",2026-10-10 12:24:06.234248+00:00,2026-10-10 12:24:06.234248+00:00,0.0
-25.8449745,28.151558,ELDORAIGNE X02,KIEPERSOL ROAD,TSH,79900069,https://powerfailure.tshwane.gov.za/Tshwanesms/Map.aspx,"-25.8450,28.1516|ELDORAIGNE X02#0",2026-10-10 12:24:06.234248+00:00,2026-10-10 12:24:06.234248+00:00,0.0
-25.846566,28.1514992,ELDORAIGNE X02,IMBUIA AVENUE,TSH,79900069,https://powerfailure.tshwane.gov.za/Tshwanesms/Map.aspx,"-25.8466,28.1515|ELDORAIGNE X02#0",2026-10-10 12:24:06.234248+00:00,2026-10-10 12:24:06.234248+00:00,0.0
-25.8640965,28.1557401,ELDORAIGNE X09,MILNER STREET,TSH,79900069,https://powerfailure.tshwane.gov.za/Tshwanesms/Map.aspx,"-25.8641,28.1557|ELDORAIGNE X09#0",2026-10-10 12:24:06.234248+00:00,2026-10-10 12:24:06.234248+00:00,0.0
-25.8586999,28.1552926,ELDORAIGNE X06,CALEY STREET,TSH,79900069,https://powerfailure.tshwane.gov.za/Tshwanesms/Map.aspx,"-25.8587,28.1553|ELDORAIGNE X06#0",2026-10-10 12:24:06.234248+00:00,2026-10-10 12:24:06.234248+00:00,0.0
-25.8608787,28.1567596,ELDORAIGNE X06,BRINK STREET,TSH,79900069,https://powerfailure.tshwane.gov.za/Tshwanesms/Map.aspx,"-25.8609,28.1568|ELDORAIGNE X06#0",2026-10-10 12:24:06.234248+00:00,2026-10-10 12:24:06.234248+00:00,0.0
-25.8520536,28.151454,ELDORAIGNE X11,SUNI NOOK,TSH,79900069,https://powerfailure.tshwane.gov.za/Tshwanesms/Map.aspx,"-25.8521,28.1515|ELDORAIGNE X11#0",2026-10-10 12:24:06.234248+00:00,2026-10-10 12:24:06.234248+00:00,0.0
-25.8563956,28.1581185,ELDORAIGNE X03,MULDER'S MILE .,TSH,79900069,https://powerfailure.tshwane.gov.za/Tshwanesms/Map.aspx,"-25.8564,28.1581|ELDORAIGNE X03#0",2026-10-10 12:24:06.234248+00:00,2026-10-10 12:24:06.234248+00:00,0.0
-25.8571859,28.1600316,ELDORAIGNE X03,BLUE GUM STREET,TSH,79900069,https://powerfailure.tshwane.gov.za/Tshwanesms/Map.aspx,"-25.8572,28.1600|ELDORAIGNE X03#0",2026-10-10 12:24:06.234248+00:00,2026-10-10 12:24:06.234248+00:00,0.0
-25.8645978,28.1602376,ELDORAIGNE X03,PLOUGHMANS LANE,TSH,79900069,https://powerfailure.tshwane.gov.za/Tshwanesms/Map.aspx,"-25.8646,28.1602|ELDORAIGNE X03#0",2026-10-10 12:24:06.234248+00:00,2026-10-10 12:24:06.234248+00:00,0.0
-25.8555623,28.1550361,ELDORAIGNE X19,KORT STREET,TSH,79900069,https://powerfailure.tshwane.gov.za/Tshwanesms/Map.aspx,"-25.8556,28.1550|ELDORAIGNE X19#0",2026-10-10 12:24:06.234248+00:00,2026-10-10 12:24:06.234248+00:00,0.0
-25.8409706,28.1414811,ELDORAIGNE X23,SASHI STREET,TSH,79900070,https://powerfailure.tshwane.gov.za/Tshwanesms/Map.aspx,"-25.8410,28.1415|ELDORAIGNE X23#0",2026-10-10 12:24:06.234248+00:00,2026-10-10 12:24:06.234248+00:00,0.0
-25.8407041,28.1418375,ELDORAIGNE X23,SASHI STREET,TSH,79900070,https://powerfailure.tshwane.gov.za/Tshwanesms/Map.aspx,"-25.8407,28.1418|ELDORAIGNE X23#0",2026-10-10 12:24:06.234248+00:00,2026-10-10 12:24:06.234248+00:00,0.0
-25.8595648,28.1521338,ELDORAIGNE X27,PIET HUGO STREET,TSH,79900069,https://powerfailure.tshwane.gov.za/Tshwanesms/Map.aspx,"-25.8596,28.1521|ELDORAIGNE X27#0",2026-10-10 12:24:06.234248+00:00,2026-10-10 12:24:06.234248+00:00,0.0
-25.856441,28.1515006,ELDORAIGNE X27,PIET HUGO STREET,TSH,79900069,https://powerfailure.tshwane.gov.za/Tshwanesms/Map.aspx,"-25.8564,28.1515|ELDORAIGNE X27#0",2026-10-10 12:24:06.234248+00:00,2026-10-10 12:24:06.234248+00:00,0.0
-25.8433851,28.1446058,ELDORAIGNE,WILLEM BOTHA STREET,TSH,79900070,https://powerfailure.tshwane.gov.za/Tshwanesms/Map.aspx,"-25.8434,28.1446|ELDORAIGNE#0",2026-10-10 12:24:06.234248+00:00,2026-10-10 12:24:06.234248+00:00,0.0
-25.8404364,28.1292138,ELDORAIGNE X31,BLESBUCK AVENUE,TSH,79900070,https://powerfailure.tshwane.gov.za/Tshwanesms/Map.aspx,"-25.8404,28.1292|ELDORAIGNE X31#0",2026-10-10 12:24:06.234248+00:00,2026-10-10 12:24:06.234248+00:00,0.0
-25.8393402,28.1307818,ELDORAIGNE X31,LYNX CRESCENT,TSH,79900070,https://powerfailure.tshwane.gov.za/Tshwanesms/Map.aspx,"-25.8393,28.1308|ELDORAIGNE X31#0",2026-10-10 12:24:06.234248+00:00,2026-10-10 12:24:06.234248+00:00,0.0
-25.8383512,28.1297896,ELDORAIGNE X31,BLESBUCK AVENUE,TSH,79900070,https://powerfailure.tshwane.gov.za/Tshwanesms/Map.aspx,"-25.8384,28.1298|ELDORAIGNE X31#0",2026-10-10 12:24:06.234248+00:00,2026-10-10 12:24:06.234248+00:00,0.0
-25.8377919,28.1311943,ELDORAIGNE X40,LIRA CRESCENT,TSH,79900070,https://powerfailure.tshwane.gov.za/Tshwanesms/Map.aspx,"-25.8378,28.1312|ELDORAIGNE X40#0",2026-10-10 12:24:06.234248+00:00,2026-10-10 12:24:06.234248+00:00,0.0
-25.8530735,28.1536101,ELDORAIGNE X45,IRELAND AVENUE,TSH,79900069,https://powerfailure.tshwane.gov.za/Tshwanesms/Map.aspx,"-25.8531,28.1536|ELDORAIGNE X45#0",2026-10-10 12:24:06.234248+00:00,2026-10-10 12:24:06.234248+00:00,0.0
-25.8336958,28.1397107,ELDORAIGNE X53,LANG VERWAGT STREET,TSH,79900070,https://powerfailure.tshwane.gov.za/Tshwanesms/Map.aspx,"-25.8337,28.1397|ELDORAIGNE X53#0",2026-10-10 12:24:06.234248+00:00,2026-10-10 12:24:06.234248+00:00,0.0
-25.8337238,28.1416848,ELDORAIGNE X53,GOEDE RUST CRESCENT,TSH,79900070,https://powerfailure.tshwane.gov.za/Tshwanesms/Map.aspx,"-25.8337,28.1417|ELDORAIGNE X53#0",2026-10-10 12:24:06.234248+00:00,2026-10-10 12:24:06.234248+00:00,0.0
-25.5291651,28.1116732,SOSHANGUVE-L,STAND 10,TSH,79900034,https://powerfailure.tshwane.gov.za/Tshwanesms/Map.aspx,"-25.5292,28.1117|SOSHANGUVE-L#0",2026-09-29 20:42:53.961596+00:00,2026-10-10 12:24:06.234248+00:00,255.69
-25.7251131,28.4209285,MAMELODI X12,KUKAMA STREET,TSH,79900097,https://powerfailure.tshwane.gov.za/Tshwanesms/Map.aspx,"-25.7251,28.4209|MAMELODI X12#0",2026-10-02 12:24:50.491552+00:00,2026-10-10 12:24:06.234248+00:00,191.99
-25.716868,28.4058838,MAMELODI X06,MOHLATTA STREET,TSH,79900040,https://powerfailure.tshwane.gov.za/Tshwanesms/Map.aspx,"-25.7169,28.4059|MAMELODI X06#0",2026-10-02 12:24:50.491552+00:00,2026-10-10 12:24:06.234248+00:00,191.99
-25.7431106,28.3030759,MEYERSPARK,LILIAN STREET,TSH,79900041,https://powerfailure.tshwane.gov.za/Tshwanesms/Map.aspx,"-25.7431,28.3031|MEYERSPARK#0",2026-10-08 17:51:27.458247+00:00,2026-10-10 12:24:06.234248+00:00,42.54
-25.7424966,28.3056167,MEYERSPARK,RABIE STREET,TSH,79900041,https://powerfailure.tshwane.gov.za/Tshwanesms/Map.aspx,"-25.7425,28.3056|MEYERSPARK#0",2026-10-08 17:51:27.458247+00:00,2026-10-10 12:24:06.234248+00:00,42.54
-25.741019,28.3060055,MEYERSPARK,WATERMEYER STREET,TSH,79900041,https://powerfailure.tshwane.gov.za/Tshwanesms/Map.aspx,"-25.7410,28.3060|MEYERSPARK#0",2026-10-08 17:51:27.458247+00:00,2026-10-10 12:24:06.234248+00:00,42.54
-25.7394195,28.3079721,MEYERSPARK,HOEVELD STREET,TSH,79900041,https://powerfailure.tshwane.gov.za/Tshwanesms/Map.aspx,"-25.7394,28.3080|MEYERSPARK#0",2026-10-08 17:51:27.458247+00:00,2026-10-10 12:24:06.234248+00:00,42.54
-25.738053,28.3150494,MEYERSPARK,MOLLER STREET,TSH,79900041,https://powerfailure.tshwane.gov.za/Tshwanesms/Map.aspx,"-25.7381,28.3150|MEYERSPARK#0",2026-10-08 17:51:27.458247+00:00,2026-10-10 12:24:06.234248+00:00,42.54
-25.7382497,28.3191801,MEYERSPARK,MOLLER STREET,TSH,79900041,https://powerfailure.tshwane.gov.za/Tshwanesms/Map.aspx,"-25.7382,28.3192|MEYERSPARK#0",2026-10-09 13:08:42.013082+00:00,2026-10-10 12:24:06.234248+00:00,23.26
-25.7414601,28.318867,MEYERSPARK,ODENDAAL STREET,TSH,79900041,https://powerfailure.tshwane.gov.za/Tshwanesms/Map.aspx,"-25.7415,28.3189|MEYERSPARK#0",2026-10-07 10:10:01.835441+00:00,2026-10-10 12:24:06.234248+00:00,74.23
-25.7409459,28.3146078,MEYERSPARK,ERASMUS STREET,TSH,79900041,https://powerfailure.tshwane.gov.za/Tshwanesms/Map.aspx,"-25.7409,28.3146|MEYERSPARK#0",2026-10-08 10:27:19.292786+00:00,2026-10-10 12:24:06.234248+00:00,49.95
-25.7436438,28.318516,MEYERSPARK,ROOS STREET,TSH,79900041,https://powerfailure.tshwane.gov.za/Tshwanesms/Map.aspx,"-25.7436,28.3185|MEYERSPARK#0",2026-10-08 17:51:27.458247+00:00,2026-10-10 12:24:06.234248+00:00,42.54
-25.7400912,28.3209771,MEYERSPARK X01,MANSER STREET,TSH,79900041,https://powerfailure.tshwane.gov.za/Tshwanesms/Map.aspx,"-25.7401,28.3210|MEYERSPARK X01#0",2026-10-09 13:08:42.013082+00:00,2026-10-10 12:24:06.234248+00:00,23.26
-25.7426275,28.3198299,MEYERSPARK X02,CARINUS STREET,TSH,79900041,https://powerfailure.tshwane.gov.za/Tshwanesms/Map.aspx,"-25.7426,28.3198|MEYERSPARK X02#0",2026-10-08 17:51:27.458247+00:00,2026-10-10 12:24:06.234248+00:00,42.54
-25.7436629,28.3199539,MEYERSPARK X02,ROOS STREET,TSH,79900041,https://powerfailure.tshwane.gov.za/Tshwanesms/Map.aspx,"-25.7437,28.3200|MEYERSPARK X02#0",2026-10-05 15:56:27.539408+00:00,2026-10-10 12:24:06.234248+00:00,116.46
-25.7412972,28.3238759,MEYERSPARK X03,KRITZINGER STREET,TSH,79900041,https://powerfailure.tshwane.gov.za/Tshwanesms/Map.aspx,"-25.7413,28.3239|MEYERSPARK X03#0",2026-10-08 17:51:27.458247+00:00,2026-10-10 12:24:06.234248+00:00,42.54
-25.7440807,28.3222334,MEYERSPARK X03,KENT ROAD,TSH,79900041,https://powerfailure.tshwane.gov.za/Tshwanesms/Map.aspx,"-25.7441,28.3222|MEYERSPARK X03#0",2026-10-08 17:51:27.458247+00:00,2026-10-10 12:24:06.234248+00:00,42.54
-25.7429568,28.307052,MEYERSPARK X05,NICOLETTE STREET,TSH,79900041,https://powerfailure.tshwane.gov.za/Tshwanesms/Map.aspx,"-25.7430,28.3071|MEYERSPARK X05#0",2026-10-07 10:10:01.835441+00:00,2026-10-10 12:24:06.234248+00:00,74.23
-25.7402838,28.3275308,MEYERSPARK X08,KENT ROAD,TSH,79900041,https://powerfailure.tshwane.gov.za/Tshwanesms/Map.aspx,"-25.7403,28.3275|MEYERSPARK X08#0",2026-10-07 23:02:05.111773+00:00,2026-10-10 12:24:06.234248+00:00,61.37
-25.7407108,28.3251669,MEYERSPARK X08,KENT ROAD,TSH,79900041,https://powerfailure.tshwane.gov.za/Tshwanesms/Map.aspx,"-25.7407,28.3252|MEYERSPARK X08#0",2026-10-08 17:51:27.458247+00:00,2026-10-10 12:24:06.234248+00:00,42.54
-25.739835,28.3233832,MEYERSPARK X08,SIMMETRIE STREET,TSH,79900041,https://powerfailure.tshwane.gov.za/Tshwanesms/Map.aspx,"-25.7398,28.3234|MEYERSPARK X08#0",2026-10-07 10:10:01.835441+00:00,2026-10-10 12:24:06.234248+00:00,74.23
-25.7401128,28.3238009,MEYERSPARK X08,SIMMETRIE STREET,TSH,79900041,https://powerfailure.tshwane.gov.za/Tshwanesms/Map.aspx,"-25.7401,28.3238|MEYERSPARK X08#0",2026-10-07 23:02:05.111773+00:00,2026-10-10 12:24:06.234248+00:00,61.37
-25.7390388,28.3231209,MEYERSPARK X08,SIMMETRIE STREET,TSH,79900041,https://powerfailure.tshwane.gov.za/Tshwanesms/Map.aspx,"-25.7390,28.3231|MEYERSPARK X08#0",2026-10-07 10:10:01.835441+00:00,2026-10-10 12:24:06.234248+00:00,74.23
-25.6629023,28.2526659,MONTANA X37,TAHITI AVENUE,TSH,79900096,https://powerfailure.tshwane.gov.za/Tshwanesms/Map.aspx,"-25.6629,28.2527|MONTANA X37#0",2026-10-09 19:30:15.533813+00:00,2026-10-10 12:24:06.234248+00:00,16.9
-25.6602061,28.2487874,MONTANA X98,ILANGA PLACE,TSH,79900096,https://powerfailure.tshwane.gov.za/Tshwanesms/Map.aspx,"-25.6602,28.2488|MONTANA X98#0",2026-10-09 13:08:42.013082+00:00,2026-10-10 12:24:06.234248+00:00,23.26
-25.6666072,28.2418625,MONTANA x 102,THIRD ROAD,TSH,79900096,https://powerfailure.tshwane.gov.za/Tshwanesms/Map.aspx,"-25.6666,28.2419|MONTANA X 102#0",2026-09-25 10:58:56.127220+00:00,2026-10-10 12:24:06.234248+00:00,361.42
-25.662157,28.2369845,MONTANA AH X01,PL W-073-30-06-08,TSH,79900096,https://powerfailure.tshwane.gov.za/Tshwanesms/Map.aspx,"-25.6622,28.2370|MONTANA AH X01#0",2026-10-05 15:56:27.539408+00:00,2026-10-10 12:24:06.234248+00:00,116.46
-25.6262139,28.3781844,SABLE HILLS 741-JR,HORNBILL CIRCLE,TSH,79900099,https://powerfailure.tshwane.gov.za/Tshwanesms/Map.aspx,"-25.6262,28.3782|SABLE HILLS 741-JR#0",2026-10-09 13:08:42.013082+00:00,2026-10-10 12:24:06.234248+00:00,23.26
-25.6651807,28.2557538,MONTANA TUINE X09,FIRETHORN STREET,TSH,79900096,https://powerfailure.tshwane.gov.za/Tshwanesms/Map.aspx,"-25.6652,28.2558|MONTANA TUINE X09#0",2026-10-09 19:30:15.533813+00:00,2026-10-10 12:24:06.234248+00:00,16.9
-25.7332808,28.359771,NELLMAPIUS X04,POELANO STREET,TSH,79900028,https://powerfailure.tshwane.gov.za/Tshwanesms/Map.aspx,"-25.7333,28.3598|NELLMAPIUS X04#0",2026-09-23 15:54:26.696532+00:00,2026-10-10 12:24:06.234248+00:00,404.49
-25.7372709,28.3634362,NELLMAPIUS X04,MODIRO ROAD,TSH,79900086,https://powerfailure.tshwane.gov.za/Tshwanesms/Map.aspx,"-25.7373,28.3634|NELLMAPIUS X04#0",2026-09-23 15:54:26.696532+00:00,2026-10-10 12:24:06.234248+00:00,404.49
-25.744466,28.3629002,NELLMAPIUS X04,SAAMROEP STREET,TSH,79900086,https://powerfailure.tshwane.gov.za/Tshwanesms/Map.aspx,"-25.7445,28.3629|NELLMAPIUS X04#0",2026-09-23 15:54:26.696532+00:00,2026-10-10 12:24:06.234248+00:00,404.49
-25.7463265,28.3631583,NELLMAPIUS X04,PHEDISANA STREET,TSH,79900086,https://powerfailure.tshwane.gov.za/Tshwanesms/Map.aspx,"-25.7463,28.3632|NELLMAPIUS X04#0",2026-09-23 15:54:26.696532+00:00,2026-10-10 12:24:06.234248+00:00,404.49
-25.7432069,28.3582751,NELLMAPIUS X04,LOKILE STREET,TSH,79900086,https://powerfailure.tshwane.gov.za/Tshwanesms/Map.aspx,"-25.7432,28.3583|NELLMAPIUS X04#0",2026-09-23 15:54:26.696532+00:00,2026-10-10 12:24:06.234248+00:00,404.49
-25.742345,28.3595265,NELLMAPIUS X04,LOKILE STREET,TSH,79900086,https://powerfailure.tshwane.gov.za/Tshwanesms/Map.aspx,"-25.7423,28.3595|NELLMAPIUS X04#0",2026-10-06 17:09:53.951304+00:00,2026-10-10 12:24:06.234248+00:00,91.24
-25.7431285,28.3564862,NELLMAPIUS X04,GAUGELA STREET,TSH,79900086,https://powerfailure.tshwane.gov.za/Tshwanesms/Map.aspx,"-25.7431,28.3565|NELLMAPIUS X04#0",2026-09-26 14:25:10.204350+00:00,2026-10-10 12:24:06.234248+00:00,333.98
-25.7441844,28.3495944,NELLMAPIUS X04,LESEKO STREET,TSH,79900086,https://powerfailure.tshwane.gov.za/Tshwanesms/Map.aspx,"-25.7442,28.3496|NELLMAPIUS X04#0",2026-09-23 15:54:26.696532+00:00,2026-10-10 12:24:06.234248+00:00,404.49
-25.7425479,28.3521932,NELLMAPIUS X04,BOLENG STREET,TSH,79900086,https://powerfailure.tshwane.gov.za/Tshwanesms/Map.aspx,"-25.7425,28.3522|NELLMAPIUS X04#0",2026-09-23 15:54:26.696532+00:00,2026-10-10 12:24:06.234248+00:00,404.49
-25.7415104,28.3509115,NELLMAPIUS X04,LESEKO STREET,TSH,79900086,https://powerfailure.tshwane.gov.za/Tshwanesms/Map.aspx,"-25.7415,28.3509|NELLMAPIUS X04#0",2026-09-23 15:54:26.696532+00:00,2026-10-10 12:24:06.234248+00:00,404.49
-25.7328473,28.3764551,NELLMAPIUS X06,KOPORO CRESCENT,TSH,79900015,https://powerfailure.tshwane.gov.za/Tshwanesms/Map.aspx,"-25.7328,28.3765|NELLMAPIUS X06#0",2026-10-08 17:51:27.458247+00:00,2026-10-10 12:24:06.234248+00:00,42.54
-25.7336103,28.3812362,NELLMAPIUS X7,CRYSTAL STREET,TSH,79900015,https://powerfailure.tshwane.gov.za/Tshwanesms/Map.aspx,"-25.7336,28.3812|NELLMAPIUS X7#0",2026-09-23 15:54:26.696532+00:00,2026-10-10 12:24:06.234248+00:00,404.49
-25.8138288,28.3146289,PRETORIUSPARK X08,GLENVISTA CLOSE,TSH,79900101,https://powerfailure.tshwane.gov.za/Tshwanesms/Map.aspx,"-25.8138,28.3146|PRETORIUSPARK X08#0",2026-09-29 08:23:13.536342+00:00,2026-10-10 12:24:06.234248+00:00,268.01
-25.8608541,28.1259946,RASLOUW AH,LULU AVENUE,TSH,79900070,https://powerfailure.tshwane.gov.za/Tshwanesms/Map.aspx,"-25.8609,28.1260|RASLOUW AH#0",2026-10-10 12:24:06.234248+00:00,2026-10-10 12:24:06.234248+00:00,0.0
-25.8676264,28.1324762,RASLOUW AH,ALETTA AVENUE,TSH,79900070,https://powerfailure.tshwane.gov.za/Tshwanesms/Map.aspx,"-25.8676,28.1325|RASLOUW AH#0",2026-10-10 12:24:06.234248+00:00,2026-10-10 12:24:06.234248+00:00,0.0
-25.6280215,28.3137854,RYNOUE AH,PL DW-096-16W,TSH,79900087,https://powerfailure.tshwane.gov.za/Tshwanesms/Map.aspx,"-25.6280,28.3138|RYNOUE AH#0",2026-10-04 13:09:40.651455+00:00,2026-10-10 12:24:06.234248+00:00,143.24
-25.8872256,28.6903481,BRONKHORSTBAAI,BRONKHORSTBAAI,TSH,79900105,https://powerfailure.tshwane.gov.za/Tshwanesms/Map.aspx,"-25.8872,28.6903|BRONKHORSTBAAI#0",2026-09-28 21:54:04.654174+00:00,2026-10-10 12:24:06.234248+00:00,278.5
-25.5859138,28.0703978,SOSHANGUVE SOUTH X09,STAND 18490,TSH,79900037,https://powerfailure.tshwane.gov.za/Tshwanesms/Map.aspx,"-25.5859,28.0704|SOSHANGUVE SOUTH X09#0",2026-10-05 22:35:03.937620+00:00,2026-10-10 12:24:06.234248+00:00,109.82
-25.6023684,28.1046215,SOSHANGUVE-A,STAND 825,TSH,79900090,https://powerfailure.tshwane.gov.za/Tshwanesms/Map.aspx,"-25.6024,28.1046|SOSHANGUVE-A#0",2026-10-03 17:56:38.270365+00:00,2026-10-10 12:24:06.234248+00:00,162.46
-25.4529208,28.0848018,SOSHANGUVE-HH,STAND 761,TSH,79900011,https://powerfailure.tshwane.gov.za/Tshwanesms/Map.aspx,"-25.4529,28.0848|SOSHANGUVE-HH#0",2026-09-23 15:54:26.696532+00:00,2026-10-10 12:24:06.234248+00:00,404.49
-25.5261193,28.1035121,SOSHANGUVE-K,STAND 536,TSH,79900034,https://powerfailure.tshwane.gov.za/Tshwanesms/Map.aspx,"-25.5261,28.1035|SOSHANGUVE-K#0",2026-09-29 20:42:53.961596+00:00,2026-10-10 12:24:06.234248+00:00,255.69
-25.5264525,28.1077174,SOSHANGUVE-K,STAND 1224,TSH,79900034,https://powerfailure.tshwane.gov.za/Tshwanesms/Map.aspx,"-25.5265,28.1077|SOSHANGUVE-K#0",2026-09-23 15:54:26.696532+00:00,2026-10-10 12:24:06.234248+00:00,404.49
-25.5262545,28.1074217,SOSHANGUVE-K,STAND 1226,TSH,79900034,https://powerfailure.tshwane.gov.za/Tshwanesms/Map.aspx,"-25.5263,28.1074|SOSHANGUVE-K#0",2026-09-23 15:54:26.696532+00:00,2026-10-10 12:24:06.234248+00:00,404.49
-25.7124559,28.3134082,EERSTERUST X02,RUDOLPH AVENUE,TSH,79900043,https://powerfailure.tshwane.gov.za/Tshwanesms/Map.aspx,"-25.7125,28.3134|EERSTERUST X02#0",2026-10-09 19:30:15.533813+00:00,2026-10-10 12:24:06.234248+00:00,16.9
-25.7163253,28.3026778,EERSTERUST X02,ROBERT JONES AVENUE,TSH,79900043,https://powerfailure.tshwane.gov.za/Tshwanesms/Map.aspx,"-25.7163,28.3027|EERSTERUST X02#0",2026-10-09 19:30:15.533813+00:00,2026-10-10 12:24:06.234248+00:00,16.9
-25.7090871,28.3130153,EERSTERUST X05,PLATT AVENUE,TSH,79900043,https://powerfailure.tshwane.gov.za/Tshwanesms/Map.aspx,"-25.7091,28.3130|EERSTERUST X05#0",2026-10-09 19:30:15.533813+00:00,2026-10-10 12:24:06.234248+00:00,16.9
-25.7093197,28.3152238,EERSTERUST X05,C.J. LA VITA AVENUE,TSH,79900043,https://powerfailure.tshwane.gov.za/Tshwanesms/Map.aspx,"-25.7093,28.3152|EERSTERUST X05#0",2026-10-09 19:30:15.533813+00:00,2026-10-10 12:24:06.234248+00:00,16.9
-25.7103135,28.3167533,EERSTERUST X05,JOHN SYDNEY DRIVE,TSH,79900043,https://powerfailure.tshwane.gov.za/Tshwanesms/Map.aspx,"-25.7103,28.3168|EERSTERUST X05#0",2026-10-09 19:30:15.533813+00:00,2026-10-10 12:24:06.234248+00:00,16.9
-25.7075392,28.3110443,EERSTERUST X05,HARDING AVENUE,TSH,79900043,https://powerfailure.tshwane.gov.za/Tshwanesms/Map.aspx,"-25.7075,28.3110|EERSTERUST X05#0",2026-10-09 19:30:15.533813+00:00,2026-10-10 12:24:06.234248+00:00,16.9
-25.7084456,28.3109822,EERSTERUST X05,LIBERTY AVENUE,TSH,79900043,https://powerfailure.tshwane.gov.za/Tshwanesms/Map.aspx,"-25.7084,28.3110|EERSTERUST X05#0",2026-10-09 19:30:15.533813+00:00,2026-10-10 12:24:06.234248+00:00,16.9
-25.7008818,28.3073918,EERSTERUST X06,RANGERS AVENUE,TSH,79900043,https://powerfailure.tshwane.gov.za/Tshwanesms/Map.aspx,"-25.7009,28.3074|EERSTERUST X06#0",2026-09-27 12:57:55.429519+00:00,2026-10-10 12:24:06.234248+00:00,311.44
-25.4548944,28.1154285,SOSHANGUVE-S,SETLHORWE STREET,TSH,79900026,https://powerfailure.tshwane.gov.za/Tshwanesms/Map.aspx,"-25.4549,28.1154|SOSHANGUVE-S#0",2026-09-29 20:42:53.961596+00:00,2026-10-10 12:24:06.234248+00:00,255.69
-25.4597176,28.1200383,SOSHANGUVE-S,STAND 376,TSH,79900026,https://powerfailure.tshwane.gov.za/Tshwanesms/Map.aspx,"-25.4597,28.1200|SOSHANGUVE-S#0",2026-10-01 13:04:14.443671+00:00,2026-10-10 12:24:06.234248+00:00,215.33
-25.4391296,28.1128084,SOSHANGUVE-T,STAND,TSH,79900025,https://powerfailure.tshwane.gov.za/Tshwanesms/Map.aspx,"-25.4391,28.1128|SOSHANGUVE-T#0",2026-09-23 15:54:26.696532+00:00,2026-10-10 12:24:06.234248+00:00,404.49
-25.8678057,28.2175938,IRENE,KRIGE LANE,TSH,79900065,https://powerfailure.tshwane.gov.za/Tshwanesms/Map.aspx,"-25.8678,28.2176|IRENE#0",2026-09-23 15:54:26.696532+00:00,2026-10-10 12:24:06.234248+00:00,404.49
-25.7762868,28.2945969,LYNNWOOD PARK,SADIE ST,TSH,79900046,https://powerfailure.tshwane.gov.za/Tshwanesms/Map.aspx,"-25.7763,28.2946|LYNNWOOD PARK#0",2026-09-23 15:54:26.696532+00:00,2026-10-10 12:24:06.234248+00:00,404.49
-25.776766,28.2920171,LYNNWOOD PARK,SADIE ST,TSH,79900046,https://powerfailure.tshwane.gov.za/Tshwanesms/Map.aspx,"-25.7768,28.2920|LYNNWOOD PARK#0",2026-09-23 15:54:26.696532+00:00,2026-10-10 12:24:06.234248+00:00,404.49
-25.8145831,28.1984199,LYTTELTON MANOR X01,CELLIERS AVENUE,TSH,79900057,https://powerfailure.tshwane.gov.za/Tshwanesms/Map.aspx,"-25.8146,28.1984|LYTTELTON MANOR X01#0",2026-10-09 19:30:15.533813+00:00,2026-10-10 12:24:06.234248+00:00,16.9
-25.8183858,28.2077548,LYTTELTON MANOR X01,VAN RIEBEECK AVENUE,TSH,79900079,https://powerfailure.tshwane.gov.za/Tshwanesms/Map.aspx,"-25.8184,28.2078|LYTTELTON MANOR X01#0",2026-10-10 05:43:32.746880+00:00,2026-10-10 12:24:06.234248+00:00,6.68
-25.7610754,28.2911924,LYNNWOOD RIDGE,BOUVARDIA AVENUE,TSH,79900046,https://powerfailure.tshwane.gov.za/Tshwanesms/Map.aspx,"-25.7611,28.2912|LYNNWOOD RIDGE#0",2026-10-10 12:24:06.234248+00:00,2026-10-10 12:24:06.234248+00:00,0.0
-25.76464,28.3011473,LYNNWOOD RIDGE,VERBENIA STREET,TSH,79900046,https://powerfailure.tshwane.gov.za/Tshwanesms/Map.aspx,"-25.7646,28.3011|LYNNWOOD RIDGE#0",2026-09-29 08:23:13.536342+00:00,2026-10-10 12:24:06.234248+00:00,268.01
-25.9063461,28.0911228,OLIEVENHOUTBOS X37,STAND,TSH,79900106,https://powerfailure.tshwane.gov.za/Tshwanesms/Map.aspx,"-25.9063,28.0911|OLIEVENHOUTBOS X37#0",2026-10-09 19:30:15.533813+00:00,2026-10-10 12:24:06.234248+00:00,16.9
-25.7425431,28.5257293,ELANDSHOEK 337-JR,SPOOR,TSH,79900100,https://powerfailure.tshwane.gov.za/Tshwanesms/Map.aspx,"-25.7425,28.5257|ELANDSHOEK 337-JR#0",2026-10-05 22:35:03.937620+00:00,2026-10-10 12:24:06.234248+00:00,109.82
-25.6722573,28.3368005,KAMEELDRIFT 298-JR,PL DE-059-35-03,TSH,79900087,https://powerfailure.tshwane.gov.za/Tshwanesms/Map.aspx,"-25.6723,28.3368|KAMEELDRIFT 298-JR#0",2026-10-08 10:27:19.292786+00:00,2026-10-10 12:24:06.234248+00:00,49.95
-25.6704962,28.3344981,KAMEELDRIFT 298-JR,PL DE-059-35-01 (PORTION 29),TSH,79900087,https://powerfailure.tshwane.gov.za/Tshwanesms/Map.aspx,"-25.6705,28.3345|KAMEELDRIFT 298-JR#0",2026-10-08 10:27:19.292786+00:00,2026-10-10 12:24:06.234248+00:00,49.95
-25.7366393,28.5308518,RAYTON,NAUDE,TSH,79900100,https://powerfailure.tshwane.gov.za/Tshwanesms/Map.aspx,"-25.7366,28.5309|RAYTON#0",2026-10-04 18:07:06.777167+00:00,2026-10-10 12:24:06.234248+00:00,138.28
-25.7391259,28.5357356,RAYTON,PEREL,TSH,79900100,https://powerfailure.tshwane.gov.za/Tshwanesms/Map.aspx,"-25.7391,28.5357|RAYTON#0",2026-10-04 18:07:06.777167+00:00,2026-10-10 12:24:06.234248+00:00,138.28
-25.7408752,28.5360925,RAYTON,OAKLEY STREET,TSH,79900100,https://powerfailure.tshwane.gov.za/Tshwanesms/Map.aspx,"-25.7409,28.5361|RAYTON#0",2026-10-04 18:07:06.777167+00:00,2026-10-10 12:24:06.234248+00:00,138.28
-25.7395109,28.5279215,RAYTON,JENNER,TSH,79900100,https://powerfailure.tshwane.gov.za/Tshwanesms/Map.aspx,"-25.7395,28.5279|RAYTON#0",2026-10-04 18:07:06.777167+00:00,2026-10-10 12:24:06.234248+00:00,138.28
-25.7434033,28.5375717,RAYTON,KELFKIN,TSH,79900100,https://powerfailure.tshwane.gov.za/Tshwanesms/Map.aspx,"-25.7434,28.5376|RAYTON#0",2026-10-04 18:07:06.777167+00:00,2026-10-10 12:24:06.234248+00:00,138.28
-25.7405786,28.5383315,RAYTON,PEREL,TSH,79900100,https://powerfailure.tshwane.gov.za/Tshwanesms/Map.aspx,"-25.7406,28.5383|RAYTON#0",2026-10-04 18:07:06.777167+00:00,2026-10-10 12:24:06.234248+00:00,138.28
-25.742895,28.5274289,RAYTON,SPOOR,TSH,79900100,https://powerfailure.tshwane.gov.za/Tshwanesms/Map.aspx,"-25.7429,28.5274|RAYTON#0",2026-10-04 18:07:06.777167+00:00,2026-10-10 12:24:06.234248+00:00,138.28
-25.7440848,28.5363352,RAYTON,LADEMAN,TSH,79900100,https://powerfailure.tshwane.gov.za/Tshwanesms/Map.aspx,"-25.7441,28.5363|RAYTON#0",2026-10-04 18:07:06.777167+00:00,2026-10-10 12:24:06.234248+00:00,138.28
-25.747581,28.5368469,RAYTON,SUID,TSH,79900100,https://powerfailure.tshwane.gov.za/Tshwanesms/Map.aspx,"-25.7476,28.5368|RAYTON#0",2026-10-04 18:07:06.777167+00:00,2026-10-10 12:24:06.234248+00:00,138.28
-25.7465341,28.5386684,RAYTON,KISNER,TSH,79900100,https://powerfailure.tshwane.gov.za/Tshwanesms/Map.aspx,"-25.7465,28.5387|RAYTON#0",2026-10-04 18:07:06.777167+00:00,2026-10-10 12:24:06.234248+00:00,138.28
-25.7334132,28.5383032,RAYTON X04,HENDRIK SCHOEMAN,TSH,79900100,https://powerfailure.tshwane.gov.za/Tshwanesms/Map.aspx,"-25.7334,28.5383|RAYTON X04#0",2026-10-04 18:07:06.777167+00:00,2026-10-10 12:24:06.234248+00:00,138.28
-25.7363066,28.538721,RAYTON X05,EKSTEEN,TSH,79900100,https://powerfailure.tshwane.gov.za/Tshwanesms/Map.aspx,"-25.7363,28.5387|RAYTON X05#0",2026-10-04 18:07:06.777167+00:00,2026-10-10 12:24:06.234248+00:00,138.28
-25.4457076,28.0771768,SOSHANGUVE-PP X01,STAND,TSH,79900025,https://powerfailure.tshwane.gov.za/Tshwanesms/Map.aspx,"-25.4457,28.0772|SOSHANGUVE-PP X01#0",2026-10-10 12:24:06.234248+00:00,2026-10-10 12:24:06.234248+00:00,0.0
-25.7498319,28.2905302,VAL-DE-GRACE,KREMETART STREET,TSH,79900046,https://powerfailure.tshwane.gov.za/Tshwanesms/Map.aspx,"-25.7498,28.2905|VAL-DE-GRACE#0",2026-09-29 20:42:53.961596+00:00,2026-10-10 12:24:06.234248+00:00,255.69
-25.7507707,28.1321779,WEST PARK,GRENS STREET,TSH,79900003,https://powerfailure.tshwane.gov.za/Tshwanesms/Map.aspx,"-25.7508,28.1322|WEST PARK#0",2026-09-23 15:54:26.696532+00:00,2026-10-10 12:24:06.234248+00:00,404.49
-25.8229596,28.2640736,WINGATE PARK,LINDROS STREET,TSH,79900047,https://powerfailure.tshwane.gov.za/Tshwanesms/Map.aspx,"-25.8230,28.2641|WINGATE PARK#0",2026-09-23 15:54:26.696532+00:00,2026-10-10 12:24:06.234248+00:00,404.49
-25.8520697,28.1434424,WIERDAPARK,THEO STREET,TSH,79900070,https://powerfailure.tshwane.gov.za/Tshwanesms/Map.aspx,"-25.8521,28.1434|WIERDAPARK#0",2026-10-10 12:24:06.234248+00:00,2026-10-10 12:24:06.234248+00:00,0.0
-25.8535775,28.1427751,WIERDAPARK,MEYER STREET,TSH,79900070,https://powerfailure.tshwane.gov.za/Tshwanesms/Map.aspx,"-25.8536,28.1428|WIERDAPARK#0",2026-10-10 12:24:06.234248+00:00,2026-10-10 12:24:06.234248+00:00,0.0
-25.8518223,28.1483542,WIERDAPARK,RUIMTE ROAD,TSH,79900070,https://powerfailure.tshwane.gov.za/Tshwanesms/Map.aspx,"-25.8518,28.1484|WIERDAPARK#0",2026-10-10 12:24:06.234248+00:00,2026-10-10 12:24:06.234248+00:00,0.0
-25.8534289,28.1494094,WIERDAPARK,STEENBOK STREET,TSH,79900070,https://powerfailure.tshwane.gov.za/Tshwanesms/Map.aspx,"-25.8534,28.1494|WIERDAPARK#0",2026-10-10 12:24:06.234248+00:00,2026-10-10 12:24:06.234248+00:00,0.0
-25.8598881,28.1495866,WIERDAPARK,WILLEM BOTHA STREET,TSH,79900070,https://powerfailure.tshwane.gov.za/Tshwanesms/Map.aspx,"-25.8599,28.1496|WIERDAPARK#0",2026-10-10 12:24:06.234248+00:00,2026-10-10 12:24:06.234248+00:00,0.0
-25.8591623,28.1507169,WIERDAPARK,SUSAN STREET,TSH,79900070,https://powerfailure.tshwane.gov.za/Tshwanesms/Map.aspx,"-25.8592,28.1507|WIERDAPARK#0",2026-10-10 12:24:06.234248+00:00,2026-10-10 12:24:06.234248+00:00,0.0
-25.8593849,28.1448739,WIERDAPARK,ELAND STREET,TSH,79900070,https://powerfailure.tshwane.gov.za/Tshwanesms/Map.aspx,"-25.8594,28.1449|WIERDAPARK#0",2026-10-10 12:24:06.234248+00:00,2026-10-10 12:24:06.234248+00:00,0.0
-25.8618597,28.1476762,WIERDAPARK,WILHELMINA STREET,TSH,79900070,https://powerfailure.tshwane.gov.za/Tshwanesms/Map.aspx,"-25.8619,28.1477|WIERDAPARK#0",2026-10-10 12:24:06.234248+00:00,2026-10-10 12:24:06.234248+00:00,0.0
-25.8605705,28.1420471,WIERDAPARK,ELAND STREET,TSH,79900070,https://powerfailure.tshwane.gov.za/Tshwanesms/Map.aspx,"-25.8606,28.1420|WIERDAPARK#0",2026-10-10 12:24:06.234248+00:00,2026-10-10 12:24:06.234248+00:00,0.0
-25.861119,28.1425462,WIERDAPARK,ELAND STREET,TSH,79900070,https://powerfailure.tshwane.gov.za/Tshwanesms/Map.aspx,"-25.8611,28.1425|WIERDAPARK#0",2026-10-10 12:24:06.234248+00:00,2026-10-10 12:24:06.234248+00:00,0.0
-25.8608481,28.1429099,WIERDAPARK,ELAND STREET,TSH,79900070,https://powerfailure.tshwane.gov.za/Tshwanesms/Map.aspx,"-25.8608,28.1429|WIERDAPARK#0",2026-10-10 12:24:06.234248+00:00,2026-10-10 12:24:06.234248+00:00,0.0
-25.8611513,28.143491,WIERDAPARK,GEMSBOK STREET,TSH,79900070,https://powerfailure.tshwane.gov.za/Tshwanesms/Map.aspx,"-25.8612,28.1435|WIERDAPARK#0",2026-10-10 12:24:06.234248+00:00,2026-10-10 12:24:06.234248+00:00,0.0
-25.8646503,28.1485509,WIERDAPARK,HENRIETTE STREET,TSH,79900070,https://powerfailure.tshwane.gov.za/Tshwanesms/Map.aspx,"-25.8647,28.1486|WIERDAPARK#0",2026-10-10 12:24:06.234248+00:00,2026-10-10 12:24:06.234248+00:00,0.0
-25.8641197,28.1492542,WIERDAPARK,HENRIETTE STREET,TSH,79900070,https://powerfailure.tshwane.gov.za/Tshwanesms/Map.aspx,"-25.8641,28.1493|WIERDAPARK#0",2026-10-10 12:24:06.234248+00:00,2026-10-10 12:24:06.234248+00:00,0.0
-25.8630912,28.1484692,WIERDAPARK,CHRIS HOUGAARD STREET,TSH,79900070,https://powerfailure.tshwane.gov.za/Tshwanesms/Map.aspx,"-25.8631,28.1485|WIERDAPARK#0",2026-10-10 12:24:06.234248+00:00,2026-10-10 12:24:06.234248+00:00,0.0
-25.8602604,28.138053,WIERDAPARK,SPRINGBOK STREET,TSH,79900070,https://powerfailure.tshwane.gov.za/Tshwanesms/Map.aspx,"-25.8603,28.1381|WIERDAPARK#0",2026-10-10 12:24:06.234248+00:00,2026-10-10 12:24:06.234248+00:00,0.0
-25.8610501,28.1381913,WIERDAPARK,SPRINGBOK STREET,TSH,79900070,https://powerfailure.tshwane.gov.za/Tshwanesms/Map.aspx,"-25.8611,28.1382|WIERDAPARK#0",2026-10-10 12:24:06.234248+00:00,2026-10-10 12:24:06.234248+00:00,0.0
-25.8616945,28.1408325,WIERDAPARK,THEUNS VAN NIEKERK STREET,TSH,79900070,https://powerfailure.tshwane.gov.za/Tshwanesms/Map.aspx,"-25.8617,28.1408|WIERDAPARK#0",2026-10-10 12:24:06.234248+00:00,2026-10-10 12:24:06.234248+00:00,0.0
-25.8636088,28.1401922,WIERDAPARK,GEMSBOK STREET,TSH,79900070,https://powerfailure.tshwane.gov.za/Tshwanesms/Map.aspx,"-25.8636,28.1402|WIERDAPARK#0",2026-10-10 12:24:06.234248+00:00,2026-10-10 12:24:06.234248+00:00,0.0
-25.8643963,28.1394995,WIERDAPARK,GEMSBOK STREET,TSH,79900070,https://powerfailure.tshwane.gov.za/Tshwanesms/Map.aspx,"-25.8644,28.1395|WIERDAPARK#0",2026-10-10 12:24:06.234248+00:00,2026-10-10 12:24:06.234248+00:00,0.0
-25.8643252,28.141438,WIERDAPARK,WENTZEL STREET,TSH,79900070,https://powerfailure.tshwane.gov.za/Tshwanesms/Map.aspx,"-25.8643,28.1414|WIERDAPARK#0",2026-10-10 12:24:06.234248+00:00,2026-10-10 12:24:06.234248+00:00,0.0
-25.8687098,28.1436131,WIERDAPARK,FEARIKA STREET,TSH,79900070,https://powerfailure.tshwane.gov.za/Tshwanesms/Map.aspx,"-25.8687,28.1436|WIERDAPARK#0",2026-10-10 12:24:06.234248+00:00,2026-10-10 12:24:06.234248+00:00,0.0
-25.8679679,28.1458759,WIERDAPARK,THEUNISSEN STREET,TSH,79900070,https://powerfailure.tshwane.gov.za/Tshwanesms/Map.aspx,"-25.8680,28.1459|WIERDAPARK#0",2026-10-10 12:24:06.234248+00:00,2026-10-10 12:24:06.234248+00:00,0.0
-25.868395,28.14559,WIERDAPARK,FEARIKA STREET,TSH,79900070,https://powerfailure.tshwane.gov.za/Tshwanesms/Map.aspx,"-25.8684,28.1456|WIERDAPARK#0",2026-10-10 12:24:06.234248+00:00,2026-10-10 12:24:06.234248+00:00,0.0
-25.8667486,28.1464606,WIERDAPARK,DU TOIT STREET,TSH,79900070,https://powerfailure.tshwane.gov.za/Tshwanesms/Map.aspx,"-25.8667,28.1465|WIERDAPARK#0",2026-10-10 12:24:06.234248+00:00,2026-10-10 12:24:06.234248+00:00,0.0
-25.8674208,28.1468582,WIERDAPARK,WILHELMINA STREET,TSH,79900070,https://powerfailure.tshwane.gov.za/Tshwanesms/Map.aspx,"-25.8674,28.1469|WIERDAPARK#0",2026-10-10 12:24:06.234248+00:00,2026-10-10 12:24:06.234248+00:00,0.0
-25.8444884,28.1388127,WIERDAPARK X01,PENQUIN CRESCENT,TSH,79900070,https://powerfailure.tshwane.gov.za/Tshwanesms/Map.aspx,"-25.8445,28.1388|WIERDAPARK X01#0",2026-10-10 12:24:06.234248+00:00,2026-10-10 12:24:06.234248+00:00,0.0
-25.8466041,28.1409094,WIERDAPARK X01,CORMORANT CRESCENT,TSH,79900070,https://powerfailure.tshwane.gov.za/Tshwanesms/Map.aspx,"-25.8466,28.1409|WIERDAPARK X01#0",2026-10-10 12:24:06.234248+00:00,2026-10-10 12:24:06.234248+00:00,0.0
-25.849196,28.1418004,WIERDAPARK X01,WILLEM BOTHA STREET,TSH,79900070,https://powerfailure.tshwane.gov.za/Tshwanesms/Map.aspx,"-25.8492,28.1418|WIERDAPARK X01#0",2026-10-10 12:24:06.234248+00:00,2026-10-10 12:24:06.234248+00:00,0.0
-25.8442412,28.1449284,WIERDAPARK X01,PENQUIN CRESCENT,TSH,79900070,https://powerfailure.tshwane.gov.za/Tshwanesms/Map.aspx,"-25.8442,28.1449|WIERDAPARK X01#0",2026-10-10 12:24:06.234248+00:00,2026-10-10 12:24:06.234248+00:00,0.0
-25.8572272,28.1233042,SWARTKOP 383-JR,ERASMUS ROAD,TSH,79900070,https://powerfailure.tshwane.gov.za/Tshwanesms/Map.aspx,"-25.8572,28.1233|SWARTKOP 383-JR#0",2026-10-10 12:24:06.234248+00:00,2026-10-10 12:24:06.234248+00:00,0.0
-25.8694813,28.1316229,SWARTKOP 383-JR,ALETTA STREET,TSH,79900070,https://powerfailure.tshwane.gov.za/Tshwanesms/Map.aspx,"-25.8695,28.1316|SWARTKOP 383-JR#0",2026-10-10 12:24:06.234248+00:00,2026-10-10 12:24:06.234248+00:00,0.0
-25.8591625,28.1336291,SWARTKOP 383-JR,GOUWS AVENUE,TSH,79900070,https://powerfailure.tshwane.gov.za/Tshwanesms/Map.aspx,"-25.8592,28.1336|SWARTKOP 383-JR#0",2026-10-10 12:24:06.234248+00:00,2026-10-10 12:24:06.234248+00:00,0.0
-25.5494875,28.1769425,HONINGNESTKRANS 269-JR,PL HK-098 (PORTION 180),TSH,79900096,https://powerfailure.tshwane.gov.za/Tshwanesms/Map.aspx,"-25.5495,28.1769|HONINGNESTKRANS 269-JR#0",2026-09-29 20:42:53.961596+00:00,2026-10-10 12:24:06.234248+00:00,255.69
-25.5811696,28.2485452,WATERVAL 273-JR,PL P-74-20A-02,TSH,79900096,https://powerfailure.tshwane.gov.za/Tshwanesms/Map.aspx,"-25.5812,28.2485|WATERVAL 273-JR#0",2026-09-25 05:01:45.026219+00:00,2026-10-10 12:24:06.234248+00:00,367.37
-25.8387322,28.3226657,MOOIKLOOF RIDGE,GARSFONTEIN ROAD,TSH,79900091,https://powerfailure.tshwane.gov.za/Tshwanesms/Map.aspx,"-25.8387,28.3227|MOOIKLOOF RIDGE#0",2026-10-10 05:43:32.746880+00:00,2026-10-10 12:24:06.234248+00:00,6.68
-25.8387322,28.3226657,MOOIKLOOF RIDGE,AUGRABIES STREET,TSH,79900091,https://powerfailure.tshwane.gov.za/Tshwanesms/Map.aspx,"-25.8387,28.3227|MOOIKLOOF RIDGE#1",2026-10-10 12:24:06.234248+00:00,2026-10-10 12:24:06.234248+00:00,0.0
-25.8427553,28.3204114,MOOIKLOOF RIDGE X14,AUGRABIES STREET,TSH,79900091,https://powerfailure.tshwane.gov.za/Tshwanesms/Map.aspx,"-25.8428,28.3204|MOOIKLOOF RIDGE X14#0",2026-10-10 12:24:06.234248+00:00,2026-10-10 12:24:06.234248+00:00,0.0
-25.6687989,28.5322159,CULLINAN,3RD STREET,TSH,79900100,https://powerfailure.tshwane.gov.za/Tshwanesms/Map.aspx,"-25.6688,28.5322|CULLINAN#0",2026-10-04 06:47:51.169722+00:00,2026-10-10 12:24:06.234248+00:00,149.6
-25.9007632,28.6653864,SUMMER PLACE,COOT CLOSE,TSH,79900105,https://powerfailure.tshwane.gov.za/Tshwanesms/Map.aspx,"-25.9008,28.6654|SUMMER PLACE#0",2026-09-29 20:42:53.961596+00:00,2026-10-10 12:24:06.234248+00:00,255.69
-25.7618609,28.2361426,BROOKLYN,MURRAY STREET,TSH,79900056,https://powerfailure.tshwane.gov.za/Tshwanesms/Map.aspx,"-25.7619,28.2361|BROOKLYN#0",2026-10-07 23:02:05.111773+00:00,2026-10-10 12:24:06.234248+00:00,61.37
-25.7580801,28.2329759,BROOKLYN,HAY STREET,TSH,79900056,https://powerfailure.tshwane.gov.za/Tshwanesms/Map.aspx,"-25.7581,28.2330|BROOKLYN#0",2026-10-09 13:08:42.013082+00:00,2026-10-10 12:24:06.234248+00:00,23.26
-25.5930976,28.0989786,SOSHANGUVE -EAST,UMQWAYINI STREET,TSH,79900090,https://powerfailure.tshwane.gov.za/Tshwanesms/Map.aspx,"-25.5931,28.0990|SOSHANGUVE -EAST#0",2026-10-02 18:22:22.786014+00:00,2026-10-10 12:24:06.234248+00:00,186.03
-25.5972665,28.1019784,SOSHANGUVE -EAST,INTSIKIZI STREET,TSH,79900090,https://powerfailure.tshwane.gov.za/Tshwanesms/Map.aspx,"-25.5973,28.1020|SOSHANGUVE -EAST#0",2026-10-09 19:30:15.533813+00:00,2026-10-10 12:24:06.234248+00:00,16.9
-25.599901,28.1024436,SOSHANGUVE -EAST,MANDLAKENI STREET,TSH,79900090,https://powerfailure.tshwane.gov.za/Tshwanesms/Map.aspx,"-25.5999,28.1024|SOSHANGUVE -EAST#0",2026-10-09 19:30:15.533813+00:00,2026-10-10 12:24:06.234248+00:00,16.9
-25.7773267,28.2131252,GROENKLOOF,HERBERT BAKER STREET,TSH,79900059,https://powerfailure.tshwane.gov.za/Tshwanesms/Map.aspx,"-25.7773,28.2131|GROENKLOOF#0",2026-09-23 15:54:26.696532+00:00,2026-10-10 12:24:06.234248+00:00,404.49
-25.7770821,28.2125586,GROENKLOOF,HERBERT BAKER STREET,TSH,79900059,https://powerfailure.tshwane.gov.za/Tshwanesms/Map.aspx,"-25.7771,28.2126|GROENKLOOF#0",2026-09-23 15:54:26.696532+00:00,2026-10-10 12:24:06.234248+00:00,404.49
-25.7736005,28.2136585,GROENKLOOF,FRANS OERDER STREET,TSH,79900059,https://powerfailure.tshwane.gov.za/Tshwanesms/Map.aspx,"-25.7736,28.2137|GROENKLOOF#0",2026-09-23 15:54:26.696532+00:00,2026-10-10 12:24:06.234248+00:00,404.49
-25.7753356,28.2124506,GROENKLOOF,BAINES STREET,TSH,79900059,https://powerfailure.tshwane.gov.za/Tshwanesms/Map.aspx,"-25.7753,28.2125|GROENKLOOF#0",2026-09-23 15:54:26.696532+00:00,2026-10-10 12:24:06.234248+00:00,404.49
-25.7241485,28.3629614,HATHERLEY 331-JR,NO STREET,TSH,79900028,https://powerfailure.tshwane.gov.za/Tshwanesms/Map.aspx,"-25.7241,28.3630|HATHERLEY 331-JR#0",2026-10-07 23:02:05.111773+00:00,2026-10-10 12:24:06.234248+00:00,61.37
-25.7241485,28.3629614,HATHERLEY 331-JR,NO STREET,TSH,79900028,https://powerfailure.tshwane.gov.za/Tshwanesms/Map.aspx,"-25.7241,28.3630|HATHERLEY 331-JR#1",2026-10-07 23:02:05.111773+00:00,2026-10-10 12:24:06.234248+00:00,61.37
-25.7241485,28.3629614,HATHERLEY 331-JR,NO STREET,TSH,79900028,https://powerfailure.tshwane.gov.za/Tshwanesms/Map.aspx,"-25.7241,28.3630|HATHERLEY 331-JR#2",2026-10-08 17:51:27.458247+00:00,2026-10-10 12:24:06.234248+00:00,42.54
-25.8486252,28.1710087,HENNOPSPARK,BLACKWOOD ROAD,TSH,79900066,https://powerfailure.tshwane.gov.za/Tshwanesms/Map.aspx,"-25.8486,28.1710|HENNOPSPARK#0",2026-10-10 12:24:06.234248+00:00,2026-10-10 12:24:06.234248+00:00,0.0
-25.8506663,28.1747857,HENNOPSPARK,ACACIA ROAD,TSH,79900066,https://powerfailure.tshwane.gov.za/Tshwanesms/Map.aspx,"-25.8507,28.1748|HENNOPSPARK#0",2026-10-10 12:24:06.234248+00:00,2026-10-10 12:24:06.234248+00:00,0.0
-25.8487171,28.1771161,HENNOPSPARK,WITSTINKHOUT ROAD,TSH,79900066,https://powerfailure.tshwane.gov.za/Tshwanesms/Map.aspx,"-25.8487,28.1771|HENNOPSPARK#0",2026-10-10 12:24:06.234248+00:00,2026-10-10 12:24:06.234248+00:00,0.0
-25.8237794,28.3029845,MORELETAPARK X63,CEDARWOOD CRESCENT,TSH,79900045,https://powerfailure.tshwane.gov.za/Tshwanesms/Map.aspx,"-25.8238,28.3030|MORELETAPARK X63#0",2026-09-29 08:23:13.536342+00:00,2026-10-10 12:24:06.234248+00:00,268.01
-25.8231975,28.3043258,MORELETAPARK X63,ROCKWOOD CRESCENT,TSH,79900045,https://powerfailure.tshwane.gov.za/Tshwanesms/Map.aspx,"-25.8232,28.3043|MORELETAPARK X63#0",2026-09-29 08:23:13.536342+00:00,2026-10-10 12:24:06.234248+00:00,268.01
-25.8230058,28.3085201,MORELETAPARK X63,ROCKWOOD CRESCENT,TSH,79900045,https://powerfailure.tshwane.gov.za/Tshwanesms/Map.aspx,"-25.8230,28.3085|MORELETAPARK X63#0",2026-09-29 08:23:13.536342+00:00,2026-10-10 12:24:06.234248+00:00,268.01
-25.8247552,28.3042422,MORELETAPARK X63,YELLOWWOOD CLOSE,TSH,79900045,https://powerfailure.tshwane.gov.za/Tshwanesms/Map.aspx,"-25.8248,28.3042|MORELETAPARK X63#0",2026-09-29 08:23:13.536342+00:00,2026-10-10 12:24:06.234248+00:00,268.01
-25.6612318,28.1748904,PRETORIA NORTH,BEN VILJOEN STREET,TSH,79900002,https://powerfailure.tshwane.gov.za/Tshwanesms/Map.aspx,"-25.6612,28.1749|PRETORIA NORTH#0",2026-10-02 12:24:50.491552+00:00,2026-10-10 12:24:06.234248+00:00,191.99
-25.662569,28.1794901,PRETORIA NORTH,JAN VAN RIEBEECK STREET,TSH,79900002,https://powerfailure.tshwane.gov.za/Tshwanesms/Map.aspx,"-25.6626,28.1795|PRETORIA NORTH#0",2026-10-04 06:47:51.169722+00:00,2026-10-10 12:24:06.234248+00:00,149.6
-25.662163,28.1716617,PRETORIA NORTH,BURGER STREET,TSH,79900002,https://powerfailure.tshwane.gov.za/Tshwanesms/Map.aspx,"-25.6622,28.1717|PRETORIA NORTH#0",2026-10-04 06:47:51.169722+00:00,2026-10-10 12:24:06.234248+00:00,149.6
-25.6622271,28.1725367,PRETORIA NORTH,BURGER STREET,TSH,79900002,https://powerfailure.tshwane.gov.za/Tshwanesms/Map.aspx,"-25.6622,28.1725|PRETORIA NORTH#0",2026-10-04 06:47:51.169722+00:00,2026-10-10 12:24:06.234248+00:00,149.6
-25.6636903,28.1753792,PRETORIA NORTH,WONDERBOOM STREET,TSH,79900002,https://powerfailure.tshwane.gov.za/Tshwanesms/Map.aspx,"-25.6637,28.1754|PRETORIA NORTH#0",2026-10-04 00:33:07.418287+00:00,2026-10-10 12:24:06.234248+00:00,155.85
-25.6636903,28.1753792,PRETORIA NORTH,WONDERBOOM STREET,TSH,79900002,https://powerfailure.tshwane.gov.za/Tshwanesms/Map.aspx,"-25.6637,28.1754|PRETORIA NORTH#1",2026-10-04 06:47:51.169722+00:00,2026-10-10 12:24:06.234248+00:00,149.6
-25.6660895,28.1800575,PRETORIA NORTH,JAN VAN RIEBEECK STREET,TSH,79900002,https://powerfailure.tshwane.gov.za/Tshwanesms/Map.aspx,"-25.6661,28.1801|PRETORIA NORTH#0",2026-10-04 13:09:40.651455+00:00,2026-10-10 12:24:06.234248+00:00,143.24
-25.6668057,28.1713673,PRETORIA NORTH,BURGER STREET,TSH,79900002,https://powerfailure.tshwane.gov.za/Tshwanesms/Map.aspx,"-25.6668,28.1714|PRETORIA NORTH#0",2026-10-02 12:24:50.491552+00:00,2026-10-10 12:24:06.234248+00:00,191.99
-25.6676128,28.1799219,PRETORIA NORTH,JAN VAN RIEBEECK STREET,TSH,79900002,https://powerfailure.tshwane.gov.za/Tshwanesms/Map.aspx,"-25.6676,28.1799|PRETORIA NORTH#0",2026-10-02 12:24:50.491552+00:00,2026-10-10 12:24:06.234248+00:00,191.99
-25.6680307,28.1742849,PRETORIA NORTH,BEN VILJOEN STREET,TSH,79900002,https://powerfailure.tshwane.gov.za/Tshwanesms/Map.aspx,"-25.6680,28.1743|PRETORIA NORTH#0",2026-10-04 13:09:40.651455+00:00,2026-10-10 12:24:06.234248+00:00,143.24
-25.6680552,28.1688716,PRETORIA NORTH,JACK HINDON STREET,TSH,79900002,https://powerfailure.tshwane.gov.za/Tshwanesms/Map.aspx,"-25.6681,28.1689|PRETORIA NORTH#0",2026-10-04 06:47:51.169722+00:00,2026-10-10 12:24:06.234248+00:00,149.6
-25.6697009,28.179909,PRETORIA NORTH,STASIE STREET,TSH,79900002,https://powerfailure.tshwane.gov.za/Tshwanesms/Map.aspx,"-25.6697,28.1799|PRETORIA NORTH#0",2026-10-03 17:56:38.270365+00:00,2026-10-10 12:24:06.234248+00:00,162.46
-25.6700866,28.1669445,PRETORIA NORTH,WEST STREET,TSH,79900002,https://powerfailure.tshwane.gov.za/Tshwanesms/Map.aspx,"-25.6701,28.1669|PRETORIA NORTH#0",2026-10-04 06:47:51.169722+00:00,2026-10-10 12:24:06.234248+00:00,149.6
-25.6729537,28.1684054,PRETORIA NORTH,JACK HINDON STREET,TSH,79900002,https://powerfailure.tshwane.gov.za/Tshwanesms/Map.aspx,"-25.6730,28.1684|PRETORIA NORTH#0",2026-10-04 06:47:51.169722+00:00,2026-10-10 12:24:06.234248+00:00,149.6
-25.6768098,28.176649,PRETORIA NORTH,GENL BEYERS STREET,TSH,79900002,https://powerfailure.tshwane.gov.za/Tshwanesms/Map.aspx,"-25.6768,28.1766|PRETORIA NORTH#0",2026-10-04 06:47:51.169722+00:00,2026-10-10 12:24:06.234248+00:00,149.6
-25.6768098,28.176649,PRETORIA NORTH,GENL BEYERS STREET,TSH,79900002,https://powerfailure.tshwane.gov.za/Tshwanesms/Map.aspx,"-25.6768,28.1766|PRETORIA NORTH#1",2026-10-04 06:47:51.169722+00:00,2026-10-10 12:24:06.234248+00:00,149.6
-25.6768098,28.176649,PRETORIA NORTH,GENL BEYERS STREET,TSH,79900002,https://powerfailure.tshwane.gov.za/Tshwanesms/Map.aspx,"-25.6768,28.1766|PRETORIA NORTH#2",2026-10-04 06:47:51.169722+00:00,2026-10-10 12:24:06.234248+00:00,149.6
-25.6783136,28.1686495,PRETORIA NORTH,EEUFEES STREET,TSH,79900002,https://powerfailure.tshwane.gov.za/Tshwanesms/Map.aspx,"-25.6783,28.1686|PRETORIA NORTH#0",2026-10-04 06:47:51.169722+00:00,2026-10-10 12:24:06.234248+00:00,149.6
-25.6789251,28.1701681,PRETORIA NORTH,BURGER STREET,TSH,79900002,https://powerfailure.tshwane.gov.za/Tshwanesms/Map.aspx,"-25.6789,28.1702|PRETORIA NORTH#0",2026-10-04 06:47:51.169722+00:00,2026-10-10 12:24:06.234248+00:00,149.6
-25.6790049,28.172651,PRETORIA NORTH,EMILY HOBHOUSE AVENUE,TSH,79900002,https://powerfailure.tshwane.gov.za/Tshwanesms/Map.aspx,"-25.6790,28.1727|PRETORIA NORTH#0",2026-10-02 18:22:22.786014+00:00,2026-10-10 12:24:06.234248+00:00,186.03
-25.6793719,28.1694361,PRETORIA NORTH,EEUFEES STREET,TSH,79900002,https://powerfailure.tshwane.gov.za/Tshwanesms/Map.aspx,"-25.6794,28.1694|PRETORIA NORTH#0",2026-10-02 12:24:50.491552+00:00,2026-10-10 12:24:06.234248+00:00,191.99
-25.6810071,28.1792539,PRETORIA NORTH,BRITS ROAD,TSH,79900002,https://powerfailure.tshwane.gov.za/Tshwanesms/Map.aspx,"-25.6810,28.1793|PRETORIA NORTH#0",2026-10-04 06:47:51.169722+00:00,2026-10-10 12:24:06.234248+00:00,149.6
-25.6812872,28.1741346,PRETORIA NORTH,BEN VILJOEN STREET,TSH,79900002,https://powerfailure.tshwane.gov.za/Tshwanesms/Map.aspx,"-25.6813,28.1741|PRETORIA NORTH#0",2026-10-05 06:56:42.468331+00:00,2026-10-10 12:24:06.234248+00:00,125.46
-25.6813646,28.1692585,PRETORIA NORTH,EEUFEES STREET,TSH,79900002,https://powerfailure.tshwane.gov.za/Tshwanesms/Map.aspx,"-25.6814,28.1693|PRETORIA NORTH#0",2026-10-04 06:47:51.169722+00:00,2026-10-10 12:24:06.234248+00:00,149.6
-25.6819354,28.1793389,PRETORIA NORTH,KOOS DE LA REY STREET,TSH,79900002,https://powerfailure.tshwane.gov.za/Tshwanesms/Map.aspx,"-25.6819,28.1793|PRETORIA NORTH#0",2026-10-04 00:33:07.418287+00:00,2026-10-10 12:24:06.234248+00:00,155.85
-25.6820251,28.171465,PRETORIA NORTH,EMILY HOBHOUSE AVENUE,TSH,79900002,https://powerfailure.tshwane.gov.za/Tshwanesms/Map.aspx,"-25.6820,28.1715|PRETORIA NORTH#0",2026-10-04 13:09:40.651455+00:00,2026-10-10 12:24:06.234248+00:00,143.24
-25.6823066,28.1730131,PRETORIA NORTH,BEN VILJOEN STREET,TSH,79900002,https://powerfailure.tshwane.gov.za/Tshwanesms/Map.aspx,"-25.6823,28.1730|PRETORIA NORTH#0",2026-10-04 06:47:51.169722+00:00,2026-10-10 12:24:06.234248+00:00,149.6
-25.6860624,28.1821179,PRETORIA NORTH,ABERCROMBIE ROAD,TSH,79900002,https://powerfailure.tshwane.gov.za/Tshwanesms/Map.aspx,"-25.6861,28.1821|PRETORIA NORTH#0",2026-10-04 06:47:51.169722+00:00,2026-10-10 12:24:06.234248+00:00,149.6
-25.6861544,28.1686586,PRETORIA NORTH,EEUFEES STREET,TSH,79900002,https://powerfailure.tshwane.gov.za/Tshwanesms/Map.aspx,"-25.6862,28.1687|PRETORIA NORTH#0",2026-10-04 06:47:51.169722+00:00,2026-10-10 12:24:06.234248+00:00,149.6
-25.6765161,28.1794753,PRETORIA NORTH,KOOS DE LA REY STREET,TSH,79900002,https://powerfailure.tshwane.gov.za/Tshwanesms/Map.aspx,"-25.6765,28.1795|PRETORIA NORTH#0",2026-10-04 06:47:51.169722+00:00,2026-10-10 12:24:06.234248+00:00,149.6
-25.6765161,28.1794753,PRETORIA NORTH,KOOS DE LA REY STREET,TSH,79900002,https://powerfailure.tshwane.gov.za/Tshwanesms/Map.aspx,"-25.6765,28.1795|PRETORIA NORTH#1",2026-10-04 06:47:51.169722+00:00,2026-10-10 12:24:06.234248+00:00,149.6
-25.6881079,28.181244,PRETORIA NORTH,ERICH MAYER STREET,TSH,79900002,https://powerfailure.tshwane.gov.za/Tshwanesms/Map.aspx,"-25.6881,28.1812|PRETORIA NORTH#0",2026-10-04 06:47:51.169722+00:00,2026-10-10 12:24:06.234248+00:00,149.6
-25.6761366,28.1731475,PRETORIA NORTH,BEN VILJOEN STREET,TSH,79900002,https://powerfailure.tshwane.gov.za/Tshwanesms/Map.aspx,"-25.6761,28.1731|PRETORIA NORTH#0",2026-10-04 06:47:51.169722+00:00,2026-10-10 12:24:06.234248+00:00,149.6
-25.6602093,28.1669494,PRETORIA NORTH,WEST STREET,TSH,79900002,https://powerfailure.tshwane.gov.za/Tshwanesms/Map.aspx,"-25.6602,28.1669|PRETORIA NORTH#0",2026-10-04 06:47:51.169722+00:00,2026-10-10 12:24:06.234248+00:00,149.6
-25.7218593,28.222674,VILLIERIA,PIERNEEFF STREET,TSH,79900053,https://powerfailure.tshwane.gov.za/Tshwanesms/Map.aspx,"-25.7219,28.2227|VILLIERIA#0",2026-10-07 10:10:01.835441+00:00,2026-10-10 12:24:06.234248+00:00,74.23
-25.6477562,28.0938442,THE ORCHARDS X11,LINDES STREET,TSH,79900004,https://powerfailure.tshwane.gov.za/Tshwanesms/Map.aspx,"-25.6478,28.0938|THE ORCHARDS X11#0",2026-09-23 15:54:26.696532+00:00,2026-10-10 12:24:06.234248+00:00,404.49
-25.8117403,28.2758349,CONSTANTIA PARK,GERARD MARAIS STREET,TSH,79900083,https://powerfailure.tshwane.gov.za/Tshwanesms/Map.aspx,"-25.8117,28.2758|CONSTANTIA PARK#0",2026-10-05 22:35:03.937620+00:00,2026-10-10 12:24:06.234248+00:00,109.82
-25.8466096,28.1650422,CRANBROOKVALE,SUMMIT AVENUE,TSH,79900066,https://powerfailure.tshwane.gov.za/Tshwanesms/Map.aspx,"-25.8466,28.1650|CRANBROOKVALE#0",2026-10-10 12:24:06.234248+00:00,2026-10-10 12:24:06.234248+00:00,0.0
-25.6859331,28.3334977,DERDEPOORT 326-JR,PL BP -130-18,TSH,79900087,https://powerfailure.tshwane.gov.za/Tshwanesms/Map.aspx,"-25.6859,28.3335|DERDEPOORT 326-JR#0",2026-10-08 10:27:19.292786+00:00,2026-10-10 12:24:06.234248+00:00,49.95
-25.6854552,28.2810591,DERDEPOORT 326-JR,SEFAKO MAKGATHO DRIVE,TSH,79900087,https://powerfailure.tshwane.gov.za/Tshwanesms/Map.aspx,"-25.6855,28.2811|DERDEPOORT 326-JR#0",2026-10-07 10:10:01.835441+00:00,2026-10-10 12:24:06.234248+00:00,74.23
-25.696203,28.2901481,DERDEPOORT 326-JR,TALITHA KUMI,TSH,79900087,https://powerfailure.tshwane.gov.za/Tshwanesms/Map.aspx,"-25.6962,28.2901|DERDEPOORT 326-JR#0",2026-10-05 15:56:27.539408+00:00,2026-10-10 12:24:06.234248+00:00,116.46
-25.6806644,28.3237462,DERDEPOORT 326-JR,PL BP-130-02,TSH,79900087,https://powerfailure.tshwane.gov.za/Tshwanesms/Map.aspx,"-25.6807,28.3237|DERDEPOORT 326-JR#0",2026-10-08 02:40:40.316635+00:00,2026-10-10 12:24:06.234248+00:00,57.72
-25.6903563,28.3019061,DERDEPOORT 326-JR,A22361,TSH,79900087,https://powerfailure.tshwane.gov.za/Tshwanesms/Map.aspx,"-25.6904,28.3019|DERDEPOORT 326-JR#0",2026-10-10 12:24:06.234248+00:00,2026-10-10 12:24:06.234248+00:00,0.0
-25.6983737,28.2943283,DERDEPOORTPARK X03,DRAWWER CRESCENT,TSH,79900087,https://powerfailure.tshwane.gov.za/Tshwanesms/Map.aspx,"-25.6984,28.2943|DERDEPOORTPARK X03#0",2026-09-23 15:54:26.696532+00:00,2026-10-10 12:24:06.234248+00:00,404.49
-25.698037,28.2935155,DERDEPOORTPARK X03,PENKOP CRESCENT,TSH,79900087,https://powerfailure.tshwane.gov.za/Tshwanesms/Map.aspx,"-25.6980,28.2935|DERDEPOORTPARK X03#0",2026-10-04 18:07:06.777167+00:00,2026-10-10 12:24:06.234248+00:00,138.28
-25.7187401,28.32348,DESPATCH,HOY STREET,TSH,79900043,https://powerfailure.tshwane.gov.za/Tshwanesms/Map.aspx,"-25.7187,28.3235|DESPATCH#0",2026-10-08 17:51:27.458247+00:00,2026-10-10 12:24:06.234248+00:00,42.54
-25.6743742,28.1629101,DORANDIA,ANGELICA STREET,TSH,79900002,https://powerfailure.tshwane.gov.za/Tshwanesms/Map.aspx,"-25.6744,28.1629|DORANDIA#0",2026-10-09 13:08:42.013082+00:00,2026-10-10 12:24:06.234248+00:00,23.26
-25.6739826,28.1606965,DORANDIA X02,CASTANEA STREET,TSH,79900098,https://powerfailure.tshwane.gov.za/Tshwanesms/Map.aspx,"-25.6740,28.1607|DORANDIA X02#0",2026-10-09 13:08:42.013082+00:00,2026-10-10 12:24:06.234248+00:00,23.26
-25.6707689,28.1525639,DORANDIA X06,STRIATA AVENUE,TSH,79900098,https://powerfailure.tshwane.gov.za/Tshwanesms/Map.aspx,"-25.6708,28.1526|DORANDIA X06#0",2026-10-09 13:08:42.013082+00:00,2026-10-10 12:24:06.234248+00:00,23.26
-25.6724114,28.1537124,DORANDIA X05,DYERI AVENUE,TSH,79900098,https://powerfailure.tshwane.gov.za/Tshwanesms/Map.aspx,"-25.6724,28.1537|DORANDIA X05#0",2026-10-09 13:08:42.013082+00:00,2026-10-10 12:24:06.234248+00:00,23.26
-25.6765797,28.1594728,DORANDIA X07,COMPACTA STREET,TSH,79900002,https://powerfailure.tshwane.gov.za/Tshwanesms/Map.aspx,"-25.6766,28.1595|DORANDIA X07#0",2026-10-09 13:08:42.013082+00:00,2026-10-10 12:24:06.234248+00:00,23.26
-25.6567229,28.1553878,DORANDIA X10,EARL STREET,TSH,79900002,https://powerfailure.tshwane.gov.za/Tshwanesms/Map.aspx,"-25.6567,28.1554|DORANDIA X10#0",2026-10-09 13:08:42.013082+00:00,2026-10-10 12:24:06.234248+00:00,23.26
-25.6636987,28.1545007,DORANDIA X15,RIANA STREET,TSH,79900002,https://powerfailure.tshwane.gov.za/Tshwanesms/Map.aspx,"-25.6637,28.1545|DORANDIA X15#0",2026-10-09 13:08:42.013082+00:00,2026-10-10 12:24:06.234248+00:00,23.26
-25.6628509,28.1557615,DORANDIA X15,EARL STREET,TSH,79900002,https://powerfailure.tshwane.gov.za/Tshwanesms/Map.aspx,"-25.6629,28.1558|DORANDIA X15#0",2026-10-09 13:08:42.013082+00:00,2026-10-10 12:24:06.234248+00:00,23.26
-25.6700415,28.1534805,DORANDIA X16,CILIARIS STREET,TSH,79900098,https://powerfailure.tshwane.gov.za/Tshwanesms/Map.aspx,"-25.6700,28.1535|DORANDIA X16#0",2026-10-09 13:08:42.013082+00:00,2026-10-10 12:24:06.234248+00:00,23.26
-25.6680727,28.1537519,DORANDIA X16,KOPEREEND STREET,TSH,79900098,https://powerfailure.tshwane.gov.za/Tshwanesms/Map.aspx,"-25.6681,28.1538|DORANDIA X16#0",2026-10-09 13:08:42.013082+00:00,2026-10-10 12:24:06.234248+00:00,23.26
-25.8518659,28.2065144,DORINGKLOOF,LEONIE STREET,TSH,79900078,https://powerfailure.tshwane.gov.za/Tshwanesms/Map.aspx,"-25.8519,28.2065|DORINGKLOOF#0",2026-09-23 15:54:26.696532+00:00,2026-10-10 12:24:06.234248+00:00,404.49
-25.8532782,28.2148771,DORINGKLOOF,JASPER AVENUE,TSH,79900078,https://powerfailure.tshwane.gov.za/Tshwanesms/Map.aspx,"-25.8533,28.2149|DORINGKLOOF#0",2026-09-23 15:54:26.696532+00:00,2026-10-10 12:24:06.234248+00:00,404.49
-25.4739696,28.0851019,SOSHANGUVE-NN,STAND 1296,TSH,79900011,https://powerfailure.tshwane.gov.za/Tshwanesms/Map.aspx,"-25.4740,28.0851|SOSHANGUVE-NN#0",2026-09-23 15:54:26.696532+00:00,2026-10-10 12:24:06.234248+00:00,404.49
-25.47479,28.0850197,SOSHANGUVE-NN,STAND 1322,TSH,79900011,https://powerfailure.tshwane.gov.za/Tshwanesms/Map.aspx,"-25.4748,28.0850|SOSHANGUVE-NN#0",2026-09-23 15:54:26.696532+00:00,2026-10-10 12:24:06.234248+00:00,404.49
-25.7116475,28.2892473,JAN NIEMANDPARK,LAMMERVANGER STREET,TSH,79900043,https://powerfailure.tshwane.gov.za/Tshwanesms/Map.aspx,"-25.7116,28.2892|JAN NIEMANDPARK#0",2026-10-06 10:08:41.992184+00:00,2026-10-10 12:24:06.234248+00:00,98.26
-25.7857969,28.1089512,LAUDIUM,JEWEL STREET,TSH,79900061,https://powerfailure.tshwane.gov.za/Tshwanesms/Map.aspx,"-25.7858,28.1090|LAUDIUM#0",2026-10-09 19:30:15.533813+00:00,2026-10-10 12:24:06.234248+00:00,16.9
-25.8341173,28.1564133,ELDORAIGNE X01,ERASMUS AVENUE,TSH,79900069,https://powerfailure.tshwane.gov.za/Tshwanesms/Map.aspx,"-25.8341,28.1564|ELDORAIGNE X01#0",2026-10-10 12:24:06.234248+00:00,2026-10-10 12:24:06.234248+00:00,0.0
-25.8381668,28.1590838,ELDORAIGNE X01,RABIE ROAD,TSH,79900069,https://powerfailure.tshwane.gov.za/Tshwanesms/Map.aspx,"-25.8382,28.1591|ELDORAIGNE X01#0",2026-10-10 12:24:06.234248+00:00,2026-10-10 12:24:06.234248+00:00,0.0
-25.8449234,28.1622641,ELDORAIGNE X01,WILHELM ROAD,TSH,79900069,https://powerfailure.tshwane.gov.za/Tshwanesms/Map.aspx,"-25.8449,28.1623|ELDORAIGNE X01#0",2026-10-10 12:24:06.234248+00:00,2026-10-10 12:24:06.234248+00:00,0.0
-25.84435,28.1514211,ELDORAIGNE X02,KIEPERSOL ROAD,TSH,79900069,https://powerfailure.tshwane.gov.za/Tshwanesms/Map.aspx,"-25.8444,28.1514|ELDORAIGNE X02#0",2026-10-10 12:24:06.234248+00:00,2026-10-10 12:24:06.234248+00:00,0.0
-25.8461071,28.1493803,ELDORAIGNE X02,BOEKENHOUT ROAD,TSH,79900069,https://powerfailure.tshwane.gov.za/Tshwanesms/Map.aspx,"-25.8461,28.1494|ELDORAIGNE X02#0",2026-10-10 12:24:06.234248+00:00,2026-10-10 12:24:06.234248+00:00,0.0
-25.8457412,28.1494004,ELDORAIGNE X02,BOEKENHOUT ROAD,TSH,79900069,https://powerfailure.tshwane.gov.za/Tshwanesms/Map.aspx,"-25.8457,28.1494|ELDORAIGNE X02#0",2026-10-10 12:24:06.234248+00:00,2026-10-10 12:24:06.234248+00:00,0.0
-25.8454748,28.1493465,ELDORAIGNE X02,BOEKENHOUT ROAD,TSH,79900069,https://powerfailure.tshwane.gov.za/Tshwanesms/Map.aspx,"-25.8455,28.1493|ELDORAIGNE X02#0",2026-10-10 12:24:06.234248+00:00,2026-10-10 12:24:06.234248+00:00,0.0
-25.8446932,28.1567767,ELDORAIGNE X01,HENRI ROAD,TSH,79900069,https://powerfailure.tshwane.gov.za/Tshwanesms/Map.aspx,"-25.8447,28.1568|ELDORAIGNE X01#0",2026-10-10 12:24:06.234248+00:00,2026-10-10 12:24:06.234248+00:00,0.0
-25.8605934,28.1525935,ELDORAIGNE X06,WILLEM BOTHA STREET,TSH,79900069,https://powerfailure.tshwane.gov.za/Tshwanesms/Map.aspx,"-25.8606,28.1526|ELDORAIGNE X06#0",2026-10-10 12:24:06.234248+00:00,2026-10-10 12:24:06.234248+00:00,0.0
-25.8520564,28.1518045,ELDORAIGNE X11,BOABAB STREET,TSH,79900069,https://powerfailure.tshwane.gov.za/Tshwanesms/Map.aspx,"-25.8521,28.1518|ELDORAIGNE X11#0",2026-10-10 12:24:06.234248+00:00,2026-10-10 12:24:06.234248+00:00,0.0
-25.8505904,28.1570858,ELDORAIGNE X03,LITTLE LANE,TSH,79900069,https://powerfailure.tshwane.gov.za/Tshwanesms/Map.aspx,"-25.8506,28.1571|ELDORAIGNE X03#0",2026-10-10 12:24:06.234248+00:00,2026-10-10 12:24:06.234248+00:00,0.0
-25.8519773,28.1623075,ELDORAIGNE X03,DIE UITSIGPAD .,TSH,79900069,https://powerfailure.tshwane.gov.za/Tshwanesms/Map.aspx,"-25.8520,28.1623|ELDORAIGNE X03#0",2026-10-10 12:24:06.234248+00:00,2026-10-10 12:24:06.234248+00:00,0.0
-25.8533289,28.1599452,ELDORAIGNE X03,SOETDORING BEND,TSH,79900069,https://powerfailure.tshwane.gov.za/Tshwanesms/Map.aspx,"-25.8533,28.1599|ELDORAIGNE X03#0",2026-10-10 12:24:06.234248+00:00,2026-10-10 12:24:06.234248+00:00,0.0
-25.8561407,28.160781,ELDORAIGNE,WILL'S WAY,TSH,79900069,https://powerfailure.tshwane.gov.za/Tshwanesms/Map.aspx,"-25.8561,28.1608|ELDORAIGNE#0",2026-10-10 12:24:06.234248+00:00,2026-10-10 12:24:06.234248+00:00,0.0
-25.8587054,28.1581966,ELDORAIGNE,SWART STREET,TSH,79900069,https://powerfailure.tshwane.gov.za/Tshwanesms/Map.aspx,"-25.8587,28.1582|ELDORAIGNE#0",2026-10-10 12:24:06.234248+00:00,2026-10-10 12:24:06.234248+00:00,0.0
-25.8652272,28.1541424,ELDORAIGNE X17,GRANT STREET,TSH,79900069,https://powerfailure.tshwane.gov.za/Tshwanesms/Map.aspx,"-25.8652,28.1541|ELDORAIGNE X17#0",2026-10-10 12:24:06.234248+00:00,2026-10-10 12:24:06.234248+00:00,0.0
-25.8440089,28.1355368,ELDORAIGNE X28,MELLE'S DRIVE,TSH,79900070,https://powerfailure.tshwane.gov.za/Tshwanesms/Map.aspx,"-25.8440,28.1355|ELDORAIGNE X28#0",2026-10-10 12:24:06.234248+00:00,2026-10-10 12:24:06.234248+00:00,0.0
-25.8426633,28.1367521,ELDORAIGNE X28,MEGAN STREET,TSH,79900070,https://powerfailure.tshwane.gov.za/Tshwanesms/Map.aspx,"-25.8427,28.1368|ELDORAIGNE X28#0",2026-10-10 12:24:06.234248+00:00,2026-10-10 12:24:06.234248+00:00,0.0
-25.8588623,28.1523818,ELDORAIGNE X27,JUSTIN CRESCENT,TSH,79900069,https://powerfailure.tshwane.gov.za/Tshwanesms/Map.aspx,"-25.8589,28.1524|ELDORAIGNE X27#0",2026-10-10 12:24:06.234248+00:00,2026-10-10 12:24:06.234248+00:00,0.0
-25.8563498,28.1527569,ELDORAIGNE X27,KORT STREET,TSH,79900069,https://powerfailure.tshwane.gov.za/Tshwanesms/Map.aspx,"-25.8563,28.1528|ELDORAIGNE X27#0",2026-10-10 12:24:06.234248+00:00,2026-10-10 12:24:06.234248+00:00,0.0
-25.8375678,28.1405299,ELDORAIGNE X35,JEANETTE NOOK,TSH,79900070,https://powerfailure.tshwane.gov.za/Tshwanesms/Map.aspx,"-25.8376,28.1405|ELDORAIGNE X35#0",2026-10-10 12:24:06.234248+00:00,2026-10-10 12:24:06.234248+00:00,0.0
-25.8392625,28.1297597,ELDORAIGNE X31,BLESBUCK AVENUE,TSH,79900070,https://powerfailure.tshwane.gov.za/Tshwanesms/Map.aspx,"-25.8393,28.1298|ELDORAIGNE X31#0",2026-10-10 12:24:06.234248+00:00,2026-10-10 12:24:06.234248+00:00,0.0
-25.8366268,28.1288832,ELDORAIGNE X31,GIRAFFE CRESCENT,TSH,79900070,https://powerfailure.tshwane.gov.za/Tshwanesms/Map.aspx,"-25.8366,28.1289|ELDORAIGNE X31#0",2026-10-10 12:24:06.234248+00:00,2026-10-10 12:24:06.234248+00:00,0.0
-25.8532611,28.1548216,ELDORAIGNE X31,MARDINE PARK,TSH,79900069,https://powerfailure.tshwane.gov.za/Tshwanesms/Map.aspx,"-25.8533,28.1548|ELDORAIGNE X31#0",2026-10-10 12:24:06.234248+00:00,2026-10-10 12:24:06.234248+00:00,0.0
-25.8367398,28.1318372,ELDORAIGNE X40,RIYAL OORD,TSH,79900070,https://powerfailure.tshwane.gov.za/Tshwanesms/Map.aspx,"-25.8367,28.1318|ELDORAIGNE X40#0",2026-10-10 12:24:06.234248+00:00,2026-10-10 12:24:06.234248+00:00,0.0
-25.83712,28.134029,ELDORAIGNE X40,BONDEV DRIVE,TSH,79900070,https://powerfailure.tshwane.gov.za/Tshwanesms/Map.aspx,"-25.8371,28.1340|ELDORAIGNE X40#0",2026-10-10 12:24:06.234248+00:00,2026-10-10 12:24:06.234248+00:00,0.0
-25.5321457,28.1087671,SOSHANGUVE-L,STAND 321,TSH,79900035,https://powerfailure.tshwane.gov.za/Tshwanesms/Map.aspx,"-25.5321,28.1088|SOSHANGUVE-L#0",2026-10-01 13:04:14.443671+00:00,2026-10-10 12:24:06.234248+00:00,215.33
-25.71238,28.2003932,GEZINA,8TH AVENUE,TSH,79900053,https://powerfailure.tshwane.gov.za/Tshwanesms/Map.aspx,"-25.7124,28.2004|GEZINA#0",2026-10-07 23:02:05.111773+00:00,2026-10-10 12:24:06.234248+00:00,61.37
-25.7236167,28.21042,GEZINA,13TH AVENUE,TSH,79900053,https://powerfailure.tshwane.gov.za/Tshwanesms/Map.aspx,"-25.7236,28.2104|GEZINA#0",2026-10-09 13:08:42.013082+00:00,2026-10-10 12:24:06.234248+00:00,23.26
-25.7064415,28.3282099,MAMELODI SUN VALLEY,MEDUPI STREET,TSH,79900067,https://powerfailure.tshwane.gov.za/Tshwanesms/Map.aspx,"-25.7064,28.3282|MAMELODI SUN VALLEY#0",2026-10-06 17:09:53.951304+00:00,2026-10-10 12:24:06.234248+00:00,91.24
-25.7251228,28.4255236,MAMELODI X11,THONGWANE AVENUE,TSH,79900097,https://powerfailure.tshwane.gov.za/Tshwanesms/Map.aspx,"-25.7251,28.4255|MAMELODI X11#0",2026-10-10 05:43:32.746880+00:00,2026-10-10 12:24:06.234248+00:00,6.68
-25.7443092,28.3006332,MEYERSPARK,LILIAN STREET,TSH,79900041,https://powerfailure.tshwane.gov.za/Tshwanesms/Map.aspx,"-25.7443,28.3006|MEYERSPARK#0",2026-10-10 12:24:06.234248+00:00,2026-10-10 12:24:06.234248+00:00,0.0
-25.7420772,28.3066126,MEYERSPARK,RABIE STREET,TSH,79900041,https://powerfailure.tshwane.gov.za/Tshwanesms/Map.aspx,"-25.7421,28.3066|MEYERSPARK#0",2026-10-08 17:51:27.458247+00:00,2026-10-10 12:24:06.234248+00:00,42.54
-25.7380412,28.3142023,MEYERSPARK,MOLLER STREET,TSH,79900041,https://powerfailure.tshwane.gov.za/Tshwanesms/Map.aspx,"-25.7380,28.3142|MEYERSPARK#0",2026-10-05 15:56:27.539408+00:00,2026-10-10 12:24:06.234248+00:00,116.46
-25.7387207,28.3140181,MEYERSPARK,MOLLER STREET,TSH,79900041,https://powerfailure.tshwane.gov.za/Tshwanesms/Map.aspx,"-25.7387,28.3140|MEYERSPARK#0",2026-10-08 17:51:27.458247+00:00,2026-10-10 12:24:06.234248+00:00,42.54
-25.7398382,28.3166979,MEYERSPARK,MANSER STREET,TSH,79900041,https://powerfailure.tshwane.gov.za/Tshwanesms/Map.aspx,"-25.7398,28.3167|MEYERSPARK#0",2026-10-08 17:51:27.458247+00:00,2026-10-10 12:24:06.234248+00:00,42.54
-25.7402972,28.3170039,MEYERSPARK,ERASMUS STREET,TSH,79900041,https://powerfailure.tshwane.gov.za/Tshwanesms/Map.aspx,"-25.7403,28.3170|MEYERSPARK#0",2026-10-08 17:51:27.458247+00:00,2026-10-10 12:24:06.234248+00:00,42.54
-25.7424333,28.3093748,MEYERSPARK,VAN NIEKERK STREET,TSH,79900041,https://powerfailure.tshwane.gov.za/Tshwanesms/Map.aspx,"-25.7424,28.3094|MEYERSPARK#0",2026-10-08 17:51:27.458247+00:00,2026-10-10 12:24:06.234248+00:00,42.54
-25.7424912,28.3133262,MEYERSPARK,CARINUS STREET,TSH,79900041,https://powerfailure.tshwane.gov.za/Tshwanesms/Map.aspx,"-25.7425,28.3133|MEYERSPARK#0",2026-10-07 10:10:01.835441+00:00,2026-10-10 12:24:06.234248+00:00,74.23
-25.743635,28.3178885,MEYERSPARK,ROOS STREET,TSH,79900041,https://powerfailure.tshwane.gov.za/Tshwanesms/Map.aspx,"-25.7436,28.3179|MEYERSPARK#0",2026-10-05 15:56:27.539408+00:00,2026-10-10 12:24:06.234248+00:00,116.46
-25.7431804,28.3178963,MEYERSPARK,CARINUS STREET,TSH,79900041,https://powerfailure.tshwane.gov.za/Tshwanesms/Map.aspx,"-25.7432,28.3179|MEYERSPARK#0",2026-10-08 17:51:27.458247+00:00,2026-10-10 12:24:06.234248+00:00,42.54
-25.7442137,28.3145522,MEYERSPARK,ROOS STREET,TSH,79900041,https://powerfailure.tshwane.gov.za/Tshwanesms/Map.aspx,"-25.7442,28.3146|MEYERSPARK#0",2026-10-07 10:10:01.835441+00:00,2026-10-10 12:24:06.234248+00:00,74.23
-25.7396424,28.3213403,MEYERSPARK X01,MANSER STREET,TSH,79900041,https://powerfailure.tshwane.gov.za/Tshwanesms/Map.aspx,"-25.7396,28.3213|MEYERSPARK X01#0",2026-10-08 17:51:27.458247+00:00,2026-10-10 12:24:06.234248+00:00,42.54
-25.7410788,28.3228016,MEYERSPARK X03,ERASMUS STREET,TSH,79900041,https://powerfailure.tshwane.gov.za/Tshwanesms/Map.aspx,"-25.7411,28.3228|MEYERSPARK X03#0",2026-10-07 10:10:01.835441+00:00,2026-10-10 12:24:06.234248+00:00,74.23
-25.7431433,28.3067892,MEYERSPARK X05,NICOLETTE STREET,TSH,79900041,https://powerfailure.tshwane.gov.za/Tshwanesms/Map.aspx,"-25.7431,28.3068|MEYERSPARK X05#0",2026-10-08 17:51:27.458247+00:00,2026-10-10 12:24:06.234248+00:00,42.54
-25.7402863,28.3263877,MEYERSPARK X08,KEGEL STREET,TSH,79900041,https://powerfailure.tshwane.gov.za/Tshwanesms/Map.aspx,"-25.7403,28.3264|MEYERSPARK X08#0",2026-10-07 10:10:01.835441+00:00,2026-10-10 12:24:06.234248+00:00,74.23
-25.7392735,28.3272671,MEYERSPARK X08,KONSTANT STREET,TSH,79900041,https://powerfailure.tshwane.gov.za/Tshwanesms/Map.aspx,"-25.7393,28.3273|MEYERSPARK X08#0",2026-10-04 21:21:41.422087+00:00,2026-10-10 12:24:06.234248+00:00,135.04
-25.7402446,28.3252363,MEYERSPARK X08,SIMMETRIE STREET,TSH,79900041,https://powerfailure.tshwane.gov.za/Tshwanesms/Map.aspx,"-25.7402,28.3252|MEYERSPARK X08#0",2026-10-07 10:10:01.835441+00:00,2026-10-10 12:24:06.234248+00:00,74.23
-25.7429031,28.3046007,MEYERSPARK,RABIE STREET,TSH,79900041,https://powerfailure.tshwane.gov.za/Tshwanesms/Map.aspx,"-25.7429,28.3046|MEYERSPARK#0",2026-10-07 10:10:01.835441+00:00,2026-10-10 12:24:06.234248+00:00,74.23
-25.6630167,28.2538844,MONTANA X39,TAHITI AVENUE,TSH,79900096,https://powerfailure.tshwane.gov.za/Tshwanesms/Map.aspx,"-25.6630,28.2539|MONTANA X39#0",2026-10-09 13:08:42.013082+00:00,2026-10-10 12:24:06.234248+00:00,23.26
-25.6665743,28.2581996,MONTANA TUINE X11,ABELIA STREET,TSH,79900096,https://powerfailure.tshwane.gov.za/Tshwanesms/Map.aspx,"-25.6666,28.2582|MONTANA TUINE X11#0",2026-10-09 13:08:42.013082+00:00,2026-10-10 12:24:06.234248+00:00,23.26
-25.6641348,28.2558804,MONTANA TUINE X30,FIRETHORN STREET,TSH,79900096,https://powerfailure.tshwane.gov.za/Tshwanesms/Map.aspx,"-25.6641,28.2559|MONTANA TUINE X30#0",2026-10-09 13:08:42.013082+00:00,2026-10-10 12:24:06.234248+00:00,23.26
-25.6774305,28.2696555,MONTANA TUINE X46,TITBABBLER LOOP,TSH,79900005,https://powerfailure.tshwane.gov.za/Tshwanesms/Map.aspx,"-25.6774,28.2697|MONTANA TUINE X46#0",2026-10-09 13:08:42.013082+00:00,2026-10-10 12:24:06.234248+00:00,23.26
-25.7390389,28.3647315,NELLMAPIUS,ELETSEGA STREET,TSH,79900086,https://powerfailure.tshwane.gov.za/Tshwanesms/Map.aspx,"-25.7390,28.3647|NELLMAPIUS#0",2026-09-26 04:51:34.754667+00:00,2026-10-10 12:24:06.234248+00:00,343.54
-25.7366615,28.3641038,NELLMAPIUS X04,ELETSEGA STREET,TSH,79900086,https://powerfailure.tshwane.gov.za/Tshwanesms/Map.aspx,"-25.7367,28.3641|NELLMAPIUS X04#0",2026-09-23 15:54:26.696532+00:00,2026-10-10 12:24:06.234248+00:00,404.49
-25.7374888,28.3629443,NELLMAPIUS X04,THETO STREET,TSH,79900086,https://powerfailure.tshwane.gov.za/Tshwanesms/Map.aspx,"-25.7375,28.3629|NELLMAPIUS X04#0",2026-09-23 15:54:26.696532+00:00,2026-10-10 12:24:06.234248+00:00,404.49
-25.7381223,28.3620947,NELLMAPIUS X04,TOKELO STREET,TSH,79900086,https://powerfailure.tshwane.gov.za/Tshwanesms/Map.aspx,"-25.7381,28.3621|NELLMAPIUS X04#0",2026-10-09 13:08:42.013082+00:00,2026-10-10 12:24:06.234248+00:00,23.26
-25.7425358,28.3623654,NELLMAPIUS X04,MOGWERA STREET,TSH,79900086,https://powerfailure.tshwane.gov.za/Tshwanesms/Map.aspx,"-25.7425,28.3624|NELLMAPIUS X04#0",2026-10-07 10:10:01.835441+00:00,2026-10-10 12:24:06.234248+00:00,74.23
-25.7445022,28.3624845,NELLMAPIUS X04,MALEBO ROAD,TSH,79900086,https://powerfailure.tshwane.gov.za/Tshwanesms/Map.aspx,"-25.7445,28.3625|NELLMAPIUS X04#0",2026-10-04 06:47:51.169722+00:00,2026-10-10 12:24:06.234248+00:00,149.6
-25.7463978,28.3633326,NELLMAPIUS X04,PHEDISANA STREET,TSH,79900086,https://powerfailure.tshwane.gov.za/Tshwanesms/Map.aspx,"-25.7464,28.3633|NELLMAPIUS X04#0",2026-09-23 15:54:26.696532+00:00,2026-10-10 12:24:06.234248+00:00,404.49
-25.7425325,28.3589396,NELLMAPIUS X04,LOKILE STREET,TSH,79900086,https://powerfailure.tshwane.gov.za/Tshwanesms/Map.aspx,"-25.7425,28.3589|NELLMAPIUS X04#0",2026-09-23 15:54:26.696532+00:00,2026-10-10 12:24:06.234248+00:00,404.49
-25.7419071,28.3532137,NELLMAPIUS X04,LESEDI ROAD,TSH,79900086,https://powerfailure.tshwane.gov.za/Tshwanesms/Map.aspx,"-25.7419,28.3532|NELLMAPIUS X04#0",2026-09-26 14:25:10.204350+00:00,2026-10-10 12:24:06.234248+00:00,333.98
-25.7433444,28.3513214,NELLMAPIUS X04,LEBISA STREET,TSH,79900086,https://powerfailure.tshwane.gov.za/Tshwanesms/Map.aspx,"-25.7433,28.3513|NELLMAPIUS X04#0",2026-09-26 14:25:10.204350+00:00,2026-10-10 12:24:06.234248+00:00,333.98
-25.7419953,28.3506126,NELLMAPIUS X04,LESEKO STREET,TSH,79900086,https://powerfailure.tshwane.gov.za/Tshwanesms/Map.aspx,"-25.7420,28.3506|NELLMAPIUS X04#0",2026-09-23 15:54:26.696532+00:00,2026-10-10 12:24:06.234248+00:00,404.49
-25.7362303,28.345135,NELLMAPIUS X10,IGEMFE STREET,TSH,79900086,https://powerfailure.tshwane.gov.za/Tshwanesms/Map.aspx,"-25.7362,28.3451|NELLMAPIUS X10#0",2026-09-26 14:25:10.204350+00:00,2026-10-10 12:24:06.234248+00:00,333.98
-25.736411,28.3468075,NELLMAPIUS X11,BANDURA  STREET,TSH,79900086,https://powerfailure.tshwane.gov.za/Tshwanesms/Map.aspx,"-25.7364,28.3468|NELLMAPIUS X11#0",2026-10-01 18:51:09.084613+00:00,2026-10-10 12:24:06.234248+00:00,209.55
-25.7335359,28.3796354,NELLMAPIUS X7,CRYSTAL STREET,TSH,79900015,https://powerfailure.tshwane.gov.za/Tshwanesms/Map.aspx,"-25.7335,28.3796|NELLMAPIUS X7#0",2026-10-09 13:08:42.013082+00:00,2026-10-10 12:24:06.234248+00:00,23.26
-25.8147599,28.3292232,PRETORIUSPARK X14,TIERBOSKAT STREET,TSH,79900101,https://powerfailure.tshwane.gov.za/Tshwanesms/Map.aspx,"-25.8148,28.3292|PRETORIUSPARK X14#0",2026-09-29 08:23:13.536342+00:00,2026-10-10 12:24:06.234248+00:00,268.01
-25.8619077,28.1238059,RASLOUW AH,ERASMUS AVENUE,TSH,79900070,https://powerfailure.tshwane.gov.za/Tshwanesms/Map.aspx,"-25.8619,28.1238|RASLOUW AH#0",2026-10-10 12:24:06.234248+00:00,2026-10-10 12:24:06.234248+00:00,0.0
-25.6172618,28.3094235,RYNOUE AH,PL DW-096-33W,TSH,79900087,https://powerfailure.tshwane.gov.za/Tshwanesms/Map.aspx,"-25.6173,28.3094|RYNOUE AH#0",2026-10-04 06:47:51.169722+00:00,2026-10-10 12:24:06.234248+00:00,149.6
-25.6273386,28.3133662,RYNOUE AH,"TIAN STR, PL DW-104-08",TSH,79900087,https://powerfailure.tshwane.gov.za/Tshwanesms/Map.aspx,"-25.6273,28.3134|RYNOUE AH#0",2026-10-04 06:47:51.169722+00:00,2026-10-10 12:24:06.234248+00:00,149.6
-25.7198165,28.7212591,RETHABISENG X03,RETHABISENG,TSH,79900103,https://powerfailure.tshwane.gov.za/Tshwanesms/Map.aspx,"-25.7198,28.7213|RETHABISENG X03#0",2026-09-28 21:54:04.654174+00:00,2026-10-10 12:24:06.234248+00:00,278.5
-25.5870185,28.0581256,SOSHANGUVE SOUTH X10,STAND 19675,TSH,79900037,https://powerfailure.tshwane.gov.za/Tshwanesms/Map.aspx,"-25.5870,28.0581|SOSHANGUVE SOUTH X10#0",2026-10-09 13:08:42.013082+00:00,2026-10-10 12:24:06.234248+00:00,23.26
-25.5904899,28.0655853,SOSHANGUVE SOUTH X10,STAND 20741,TSH,79900037,https://powerfailure.tshwane.gov.za/Tshwanesms/Map.aspx,"-25.5905,28.0656|SOSHANGUVE SOUTH X10#0",2026-10-09 19:30:15.533813+00:00,2026-10-10 12:24:06.234248+00:00,16.9
-25.4592657,28.0868328,SOSHANGUVE-HH,STAND 1139,TSH,79900094,https://powerfailure.tshwane.gov.za/Tshwanesms/Map.aspx,"-25.4593,28.0868|SOSHANGUVE-HH#0",2026-09-29 08:23:13.536342+00:00,2026-10-10 12:24:06.234248+00:00,268.01
-25.4762794,28.0936038,SOSHANGUVE-IA,KGALEMELA STREET,TSH,79900029,https://powerfailure.tshwane.gov.za/Tshwanesms/Map.aspx,"-25.4763,28.0936|SOSHANGUVE-IA#0",2026-09-23 15:54:26.696532+00:00,2026-10-10 12:24:06.234248+00:00,404.49
-25.450667,28.0808695,SOSHANGUVE-JJ,BATHABILE STREET,TSH,79900011,https://powerfailure.tshwane.gov.za/Tshwanesms/Map.aspx,"-25.4507,28.0809|SOSHANGUVE-JJ#0",2026-10-10 05:43:32.746880+00:00,2026-10-10 12:24:06.234248+00:00,6.68
-25.4533941,28.0808074,SOSHANGUVE-JJ,STAND 310,TSH,79900011,https://powerfailure.tshwane.gov.za/Tshwanesms/Map.aspx,"-25.4534,28.0808|SOSHANGUVE-JJ#0",2026-10-10 05:43:32.746880+00:00,2026-10-10 12:24:06.234248+00:00,6.68
-25.4593876,28.0836323,SOSHANGUVE-JJ,STAND 824,TSH,79900011,https://powerfailure.tshwane.gov.za/Tshwanesms/Map.aspx,"-25.4594,28.0836|SOSHANGUVE-JJ#0",2026-09-30 23:43:30.173884+00:00,2026-10-10 12:24:06.234248+00:00,228.68
-25.529331,28.1029774,SOSHANGUVE-K,STAND 795,TSH,79900034,https://powerfailure.tshwane.gov.za/Tshwanesms/Map.aspx,"-25.5293,28.1030|SOSHANGUVE-K#0",2026-09-23 15:54:26.696532+00:00,2026-10-10 12:24:06.234248+00:00,404.49
-25.5301639,28.103304,SOSHANGUVE-K,STAND 806,TSH,79900034,https://powerfailure.tshwane.gov.za/Tshwanesms/Map.aspx,"-25.5302,28.1033|SOSHANGUVE-K#0",2026-09-30 23:43:30.173884+00:00,2026-10-10 12:24:06.234248+00:00,228.68
-25.7127264,28.3159127,EERSTERUST X02,MOSES AVENUE,TSH,79900043,https://powerfailure.tshwane.gov.za/Tshwanesms/Map.aspx,"-25.7127,28.3159|EERSTERUST X02#0",2026-10-09 19:30:15.533813+00:00,2026-10-10 12:24:06.234248+00:00,16.9
-25.7153809,28.3038292,EERSTERUST X02,FILANDER AVENUE,TSH,79900043,https://powerfailure.tshwane.gov.za/Tshwanesms/Map.aspx,"-25.7154,28.3038|EERSTERUST X02#0",2026-10-03 13:19:32.931617+00:00,2026-10-10 12:24:06.234248+00:00,167.08
-25.7159026,28.3167459,EERSTERUST,HERBERT MCKENZIE AVENUE,TSH,79900043,https://powerfailure.tshwane.gov.za/Tshwanesms/Map.aspx,"-25.7159,28.3167|EERSTERUST#0",2026-10-09 19:30:15.533813+00:00,2026-10-10 12:24:06.234248+00:00,16.9
-25.7092175,28.3159765,EERSTERUST X05,PIETER FORTUIN AVENUE,TSH,79900043,https://powerfailure.tshwane.gov.za/Tshwanesms/Map.aspx,"-25.7092,28.3160|EERSTERUST X05#0",2026-10-09 19:30:15.533813+00:00,2026-10-10 12:24:06.234248+00:00,16.9
-25.7081847,28.3170856,EERSTERUST X05,P S FOURIE DRIVE,TSH,79900043,https://powerfailure.tshwane.gov.za/Tshwanesms/Map.aspx,"-25.7082,28.3171|EERSTERUST X05#0",2026-10-09 19:30:15.533813+00:00,2026-10-10 12:24:06.234248+00:00,16.9
-25.709584,28.3100311,EERSTERUST X05,JOHN SYDNEY DRIVE,TSH,79900043,https://powerfailure.tshwane.gov.za/Tshwanesms/Map.aspx,"-25.7096,28.3100|EERSTERUST X05#0",2026-10-09 19:30:15.533813+00:00,2026-10-10 12:24:06.234248+00:00,16.9
-25.7080224,28.3116063,EERSTERUST X05,SAM JAPHTA AVE,TSH,79900043,https://powerfailure.tshwane.gov.za/Tshwanesms/Map.aspx,"-25.7080,28.3116|EERSTERUST X05#0",2026-10-09 19:30:15.533813+00:00,2026-10-10 12:24:06.234248+00:00,16.9
-25.8219898,28.2589197,ERASMUSKLOOF X02,WAKISPARK,TSH,79900083,https://powerfailure.tshwane.gov.za/Tshwanesms/Map.aspx,"-25.8220,28.2589|ERASMUSKLOOF X02#0",2026-10-04 18:07:06.777167+00:00,2026-10-10 12:24:06.234248+00:00,138.28
-25.820896,28.2582859,ERASMUSKLOOF X04,.,TSH,79900083,https://powerfailure.tshwane.gov.za/Tshwanesms/Map.aspx,"-25.8209,28.2583|ERASMUSKLOOF X04#0",2026-09-23 15:54:26.696532+00:00,2026-10-10 12:24:06.234248+00:00,404.49
-25.8676576,28.218604,IRENE,KING STREET,TSH,79900065,https://powerfailure.tshwane.gov.za/Tshwanesms/Map.aspx,"-25.8677,28.2186|IRENE#0",2026-09-23 15:54:26.696532+00:00,2026-10-10 12:24:06.234248+00:00,404.49
-25.7789824,28.2923323,LYNNWOOD PARK,EDNA STREET,TSH,79900046,https://powerfailure.tshwane.gov.za/Tshwanesms/Map.aspx,"-25.7790,28.2923|LYNNWOOD PARK#0",2026-09-23 15:54:26.696532+00:00,2026-10-10 12:24:06.234248+00:00,404.49
-25.8186757,28.2068859,LYTTELTON MANOR X01,VAN RIEBEECK AVENUE,TSH,79900079,https://powerfailure.tshwane.gov.za/Tshwanesms/Map.aspx,"-25.8187,28.2069|LYTTELTON MANOR X01#0",2026-10-10 05:43:32.746880+00:00,2026-10-10 12:24:06.234248+00:00,6.68
-25.8437744,28.2118646,LYTTELTON MANOR X03,AMKOR ROAD,TSH,79900057,https://powerfailure.tshwane.gov.za/Tshwanesms/Map.aspx,"-25.8438,28.2119|LYTTELTON MANOR X03#0",2026-09-23 15:54:26.696532+00:00,2026-10-10 12:24:06.234248+00:00,404.49
-25.7572734,28.2873617,LYNNWOOD MANOR,LINDFIELD ROAD,TSH,79900046,https://powerfailure.tshwane.gov.za/Tshwanesms/Map.aspx,"-25.7573,28.2874|LYNNWOOD MANOR#0",2026-10-04 18:07:06.777167+00:00,2026-10-10 12:24:06.234248+00:00,138.28
-25.7627895,28.2846663,LYNNWOOD MANOR,LYNBURN ROAD,TSH,79900046,https://powerfailure.tshwane.gov.za/Tshwanesms/Map.aspx,"-25.7628,28.2847|LYNNWOOD MANOR#0",2026-09-23 15:54:26.696532+00:00,2026-10-10 12:24:06.234248+00:00,404.49
-25.7637832,28.2944019,LYNNWOOD RIDGE,LANCIA STREET,TSH,79900046,https://powerfailure.tshwane.gov.za/Tshwanesms/Map.aspx,"-25.7638,28.2944|LYNNWOOD RIDGE#0",2026-10-04 21:21:41.422087+00:00,2026-10-10 12:24:06.234248+00:00,135.04
-25.6141667,28.1639554,ONDERSTEPOORT AH,SP -54-11,TSH,79900096,https://powerfailure.tshwane.gov.za/Tshwanesms/Map.aspx,"-25.6142,28.1640|ONDERSTEPOORT AH#0",2026-10-09 13:08:42.013082+00:00,2026-10-10 12:24:06.234248+00:00,23.26
-25.7424712,28.5265014,ELANDSHOEK 337-JR,SPOOR,TSH,79900100,https://powerfailure.tshwane.gov.za/Tshwanesms/Map.aspx,"-25.7425,28.5265|ELANDSHOEK 337-JR#0",2026-10-05 15:56:27.539408+00:00,2026-10-10 12:24:06.234248+00:00,116.46
-25.7372697,28.5345079,RAYTON,NOORD,TSH,79900100,https://powerfailure.tshwane.gov.za/Tshwanesms/Map.aspx,"-25.7373,28.5345|RAYTON#0",2026-10-04 18:07:06.777167+00:00,2026-10-10 12:24:06.234248+00:00,138.28
-25.7378927,28.5280087,RAYTON,OAKLEY,TSH,79900100,https://powerfailure.tshwane.gov.za/Tshwanesms/Map.aspx,"-25.7379,28.5280|RAYTON#0",2026-10-04 18:07:06.777167+00:00,2026-10-10 12:24:06.234248+00:00,138.28
-25.7406878,28.5351883,RAYTON,OAKLEY STREET,TSH,79900100,https://powerfailure.tshwane.gov.za/Tshwanesms/Map.aspx,"-25.7407,28.5352|RAYTON#0",2026-10-04 18:07:06.777167+00:00,2026-10-10 12:24:06.234248+00:00,138.28
-25.7393129,28.5272503,RAYTON,JENNER,TSH,79900100,https://powerfailure.tshwane.gov.za/Tshwanesms/Map.aspx,"-25.7393,28.5273|RAYTON#0",2026-10-04 18:07:06.777167+00:00,2026-10-10 12:24:06.234248+00:00,138.28
-25.7436767,28.5369784,RAYTON,LADEMAN,TSH,79900100,https://powerfailure.tshwane.gov.za/Tshwanesms/Map.aspx,"-25.7437,28.5370|RAYTON#0",2026-10-04 18:07:06.777167+00:00,2026-10-10 12:24:06.234248+00:00,138.28
-25.7439407,28.5378734,RAYTON,LADEMAN,TSH,79900100,https://powerfailure.tshwane.gov.za/Tshwanesms/Map.aspx,"-25.7439,28.5379|RAYTON#0",2026-10-04 18:07:06.777167+00:00,2026-10-10 12:24:06.234248+00:00,138.28
-25.7421788,28.5264613,RAYTON,ORTLEP,TSH,79900100,https://powerfailure.tshwane.gov.za/Tshwanesms/Map.aspx,"-25.7422,28.5265|RAYTON#0",2026-10-05 15:56:27.539408+00:00,2026-10-10 12:24:06.234248+00:00,116.46
-25.742216,28.5268537,RAYTON,ORTLEP,TSH,79900100,https://powerfailure.tshwane.gov.za/Tshwanesms/Map.aspx,"-25.7422,28.5269|RAYTON#0",2026-10-04 18:07:06.777167+00:00,2026-10-10 12:24:06.234248+00:00,138.28
-25.7429872,28.5262661,RAYTON,SPOORWEG STREET,TSH,79900100,https://powerfailure.tshwane.gov.za/Tshwanesms/Map.aspx,"-25.7430,28.5263|RAYTON#0",2026-10-04 18:07:06.777167+00:00,2026-10-10 12:24:06.234248+00:00,138.28
-25.7433205,28.5274499,RAYTON,SUID,TSH,79900100,https://powerfailure.tshwane.gov.za/Tshwanesms/Map.aspx,"-25.7433,28.5274|RAYTON#0",2026-10-04 18:07:06.777167+00:00,2026-10-10 12:24:06.234248+00:00,138.28
-25.7482328,28.537834,RAYTON,SUID,TSH,79900100,https://powerfailure.tshwane.gov.za/Tshwanesms/Map.aspx,"-25.7482,28.5378|RAYTON#0",2026-10-04 18:07:06.777167+00:00,2026-10-10 12:24:06.234248+00:00,138.28
-25.7437651,28.5411794,RAYTON,STAND,TSH,79900100,https://powerfailure.tshwane.gov.za/Tshwanesms/Map.aspx,"-25.7438,28.5412|RAYTON#0",2026-10-04 18:07:06.777167+00:00,2026-10-10 12:24:06.234248+00:00,138.28
-25.749963,28.2955912,VAL-DE-GRACE,WILDEVY AVENUE,TSH,79900046,https://powerfailure.tshwane.gov.za/Tshwanesms/Map.aspx,"-25.7500,28.2956|VAL-DE-GRACE#0",2026-09-29 08:23:13.536342+00:00,2026-10-10 12:24:06.234248+00:00,268.01
-25.8544416,28.1448386,WIERDAPARK,RUIMTE ROAD,TSH,79900070,https://powerfailure.tshwane.gov.za/Tshwanesms/Map.aspx,"-25.8544,28.1448|WIERDAPARK#0",2026-10-10 12:24:06.234248+00:00,2026-10-10 12:24:06.234248+00:00,0.0
-25.8510997,28.149324,WIERDAPARK,RUIMTE ROAD,TSH,79900070,https://powerfailure.tshwane.gov.za/Tshwanesms/Map.aspx,"-25.8511,28.1493|WIERDAPARK#0",2026-10-10 12:24:06.234248+00:00,2026-10-10 12:24:06.234248+00:00,0.0
-25.8562913,28.146105,WIERDAPARK,KOEDOE STREET,TSH,79900070,https://powerfailure.tshwane.gov.za/Tshwanesms/Map.aspx,"-25.8563,28.1461|WIERDAPARK#0",2026-10-10 12:24:06.234248+00:00,2026-10-10 12:24:06.234248+00:00,0.0
-25.8557154,28.1497991,WIERDAPARK,KOEDOE STREET,TSH,79900070,https://powerfailure.tshwane.gov.za/Tshwanesms/Map.aspx,"-25.8557,28.1498|WIERDAPARK#0",2026-10-10 12:24:06.234248+00:00,2026-10-10 12:24:06.234248+00:00,0.0
-25.855315,28.150638,WIERDAPARK,PIET HUGO AVENUE,TSH,79900070,https://powerfailure.tshwane.gov.za/Tshwanesms/Map.aspx,"-25.8553,28.1506|WIERDAPARK#0",2026-10-10 12:24:06.234248+00:00,2026-10-10 12:24:06.234248+00:00,0.0
-25.8587379,28.1498327,WIERDAPARK,SUSAN STREET,TSH,79900070,https://powerfailure.tshwane.gov.za/Tshwanesms/Map.aspx,"-25.8587,28.1498|WIERDAPARK#0",2026-10-10 12:24:06.234248+00:00,2026-10-10 12:24:06.234248+00:00,0.0
-25.861312,28.1457933,WIERDAPARK,HENDRIK STREET,TSH,79900070,https://powerfailure.tshwane.gov.za/Tshwanesms/Map.aspx,"-25.8613,28.1458|WIERDAPARK#0",2026-10-10 12:24:06.234248+00:00,2026-10-10 12:24:06.234248+00:00,0.0
-25.8608683,28.1471398,WIERDAPARK,HENDRIK STREET,TSH,79900070,https://powerfailure.tshwane.gov.za/Tshwanesms/Map.aspx,"-25.8609,28.1471|WIERDAPARK#0",2026-10-10 12:24:06.234248+00:00,2026-10-10 12:24:06.234248+00:00,0.0
-25.8621515,28.1484483,WIERDAPARK,WILHELMINA STREET,TSH,79900070,https://powerfailure.tshwane.gov.za/Tshwanesms/Map.aspx,"-25.8622,28.1484|WIERDAPARK#0",2026-10-10 12:24:06.234248+00:00,2026-10-10 12:24:06.234248+00:00,0.0
-25.7432713,28.5371242,RAYTON,KELFKIN,TSH,79900100,https://powerfailure.tshwane.gov.za/Tshwanesms/Map.aspx,"-25.7433,28.5371|RAYTON#0",2026-10-04 18:07:06.777167+00:00,2026-10-10 12:24:06.234248+00:00,138.28
-25.7320646,28.5333831,RAYTON X07,EXTENSION 7,TSH,79900100,https://powerfailure.tshwane.gov.za/Tshwanesms/Map.aspx,"-25.7321,28.5334|RAYTON X07#0",2026-10-04 18:07:06.777167+00:00,2026-10-10 12:24:06.234248+00:00,138.28
-25.7328795,28.5334726,RAYTON X07,STAND 1241,TSH,79900100,https://powerfailure.tshwane.gov.za/Tshwanesms/Map.aspx,"-25.7329,28.5335|RAYTON X07#0",2026-10-04 18:07:06.777167+00:00,2026-10-10 12:24:06.234248+00:00,138.28
-25.7490933,28.2925498,VAL-DE-GRACE,MOPANI AVENUE,TSH,79900046,https://powerfailure.tshwane.gov.za/Tshwanesms/Map.aspx,"-25.7491,28.2925|VAL-DE-GRACE#0",2026-09-29 08:23:13.536342+00:00,2026-10-10 12:24:06.234248+00:00,268.01
-25.7285883,28.2755065,WEAVIND PARK,DE BRUYN STREET,TSH,79900084,https://powerfailure.tshwane.gov.za/Tshwanesms/Map.aspx,"-25.7286,28.2755|WEAVIND PARK#0",2026-10-05 06:56:42.468331+00:00,2026-10-10 12:24:06.234248+00:00,125.46
-25.7304999,28.2735368,WEAVIND PARK,OSBORN LOWE AVENUE,TSH,79900084,https://powerfailure.tshwane.gov.za/Tshwanesms/Map.aspx,"-25.7305,28.2735|WEAVIND PARK#0",2026-10-09 13:08:42.013082+00:00,2026-10-10 12:24:06.234248+00:00,23.26
-25.8225164,28.2732867,WINGATE PARK,SOMERSET STREET,TSH,79900047,https://powerfailure.tshwane.gov.za/Tshwanesms/Map.aspx,"-25.8225,28.2733|WINGATE PARK#0",2026-09-26 14:25:10.204350+00:00,2026-10-10 12:24:06.234248+00:00,333.98
-25.8518922,28.1443639,WIERDAPARK,THEO STREET,TSH,79900070,https://powerfailure.tshwane.gov.za/Tshwanesms/Map.aspx,"-25.8519,28.1444|WIERDAPARK#0",2026-10-10 12:24:06.234248+00:00,2026-10-10 12:24:06.234248+00:00,0.0
-25.8556397,28.1459839,WIERDAPARK,STEENBOK STREET,TSH,79900070,https://powerfailure.tshwane.gov.za/Tshwanesms/Map.aspx,"-25.8556,28.1460|WIERDAPARK#0",2026-10-10 12:24:06.234248+00:00,2026-10-10 12:24:06.234248+00:00,0.0
-25.8563681,28.1486779,WIERDAPARK,KOEDOE STREET,TSH,79900070,https://powerfailure.tshwane.gov.za/Tshwanesms/Map.aspx,"-25.8564,28.1487|WIERDAPARK#0",2026-10-10 12:24:06.234248+00:00,2026-10-10 12:24:06.234248+00:00,0.0
-25.8592367,28.1475368,WIERDAPARK,FRIEDERICHE STREET,TSH,79900070,https://powerfailure.tshwane.gov.za/Tshwanesms/Map.aspx,"-25.8592,28.1475|WIERDAPARK#0",2026-10-10 12:24:06.234248+00:00,2026-10-10 12:24:06.234248+00:00,0.0
-25.8596613,28.1481618,WIERDAPARK,FRIEDERICHE STREET,TSH,79900070,https://powerfailure.tshwane.gov.za/Tshwanesms/Map.aspx,"-25.8597,28.1482|WIERDAPARK#0",2026-10-10 12:24:06.234248+00:00,2026-10-10 12:24:06.234248+00:00,0.0
-25.859363,28.1493206,WIERDAPARK,FRIEDERICHE STREET,TSH,79900070,https://powerfailure.tshwane.gov.za/Tshwanesms/Map.aspx,"-25.8594,28.1493|WIERDAPARK#0",2026-10-10 12:24:06.234248+00:00,2026-10-10 12:24:06.234248+00:00,0.0
-25.856396,28.1508677,WIERDAPARK,ELAND STREET,TSH,79900070,https://powerfailure.tshwane.gov.za/Tshwanesms/Map.aspx,"-25.8564,28.1509|WIERDAPARK#0",2026-10-10 12:24:06.234248+00:00,2026-10-10 12:24:06.234248+00:00,0.0
-25.853309,28.1400252,WIERDAPARK,MEYER STREET,TSH,79900070,https://powerfailure.tshwane.gov.za/Tshwanesms/Map.aspx,"-25.8533,28.1400|WIERDAPARK#0",2026-10-10 12:24:06.234248+00:00,2026-10-10 12:24:06.234248+00:00,0.0
-25.854398,28.1381423,WIERDAPARK,MEYER STREET,TSH,79900070,https://powerfailure.tshwane.gov.za/Tshwanesms/Map.aspx,"-25.8544,28.1381|WIERDAPARK#0",2026-10-10 12:24:06.234248+00:00,2026-10-10 12:24:06.234248+00:00,0.0
-25.8594155,28.1403857,WIERDAPARK,SPRINGBOK STREET,TSH,79900070,https://powerfailure.tshwane.gov.za/Tshwanesms/Map.aspx,"-25.8594,28.1404|WIERDAPARK#0",2026-10-10 12:24:06.234248+00:00,2026-10-10 12:24:06.234248+00:00,0.0
-25.8594544,28.1425571,WIERDAPARK,KOEDOE STREET,TSH,79900070,https://powerfailure.tshwane.gov.za/Tshwanesms/Map.aspx,"-25.8595,28.1426|WIERDAPARK#0",2026-10-10 12:24:06.234248+00:00,2026-10-10 12:24:06.234248+00:00,0.0
-25.86139,28.1421825,WIERDAPARK,ELAND STREET,TSH,79900070,https://powerfailure.tshwane.gov.za/Tshwanesms/Map.aspx,"-25.8614,28.1422|WIERDAPARK#0",2026-10-10 12:24:06.234248+00:00,2026-10-10 12:24:06.234248+00:00,0.0
-25.8646816,28.1504683,WIERDAPARK,SUSAN STREET,TSH,79900070,https://powerfailure.tshwane.gov.za/Tshwanesms/Map.aspx,"-25.8647,28.1505|WIERDAPARK#0",2026-10-10 12:24:06.234248+00:00,2026-10-10 12:24:06.234248+00:00,0.0
-25.8614362,28.1380332,WIERDAPARK,COTIE AVENUE,TSH,79900070,https://powerfailure.tshwane.gov.za/Tshwanesms/Map.aspx,"-25.8614,28.1380|WIERDAPARK#0",2026-10-10 12:24:06.234248+00:00,2026-10-10 12:24:06.234248+00:00,0.0
-25.8631455,28.1383967,WIERDAPARK,COTIE AVENUE,TSH,79900070,https://powerfailure.tshwane.gov.za/Tshwanesms/Map.aspx,"-25.8631,28.1384|WIERDAPARK#0",2026-10-10 12:24:06.234248+00:00,2026-10-10 12:24:06.234248+00:00,0.0
-25.8640656,28.1397125,WIERDAPARK,GEMSBOK STREET,TSH,79900070,https://powerfailure.tshwane.gov.za/Tshwanesms/Map.aspx,"-25.8641,28.1397|WIERDAPARK#0",2026-10-10 12:24:06.234248+00:00,2026-10-10 12:24:06.234248+00:00,0.0
-25.8665579,28.1414783,WIERDAPARK,HENDRIK STREET,TSH,79900070,https://powerfailure.tshwane.gov.za/Tshwanesms/Map.aspx,"-25.8666,28.1415|WIERDAPARK#0",2026-10-10 12:24:06.234248+00:00,2026-10-10 12:24:06.234248+00:00,0.0
-25.8684039,28.1429386,WIERDAPARK,BADENHORST STREET,TSH,79900070,https://powerfailure.tshwane.gov.za/Tshwanesms/Map.aspx,"-25.8684,28.1429|WIERDAPARK#0",2026-10-10 12:24:06.234248+00:00,2026-10-10 12:24:06.234248+00:00,0.0
-25.8681638,28.1425493,WIERDAPARK,BADENHORST STREET,TSH,79900070,https://powerfailure.tshwane.gov.za/Tshwanesms/Map.aspx,"-25.8682,28.1425|WIERDAPARK#0",2026-10-10 12:24:06.234248+00:00,2026-10-10 12:24:06.234248+00:00,0.0
-25.8652205,28.1439109,WIERDAPARK,DU TOIT STREET,TSH,79900070,https://powerfailure.tshwane.gov.za/Tshwanesms/Map.aspx,"-25.8652,28.1439|WIERDAPARK#0",2026-10-10 12:24:06.234248+00:00,2026-10-10 12:24:06.234248+00:00,0.0
-25.8664103,28.1447252,WIERDAPARK,THEUNISSEN STREET,TSH,79900070,https://powerfailure.tshwane.gov.za/Tshwanesms/Map.aspx,"-25.8664,28.1447|WIERDAPARK#0",2026-10-10 12:24:06.234248+00:00,2026-10-10 12:24:06.234248+00:00,0.0
-25.8673161,28.1481383,WIERDAPARK,DU TOIT STREET,TSH,79900070,https://powerfailure.tshwane.gov.za/Tshwanesms/Map.aspx,"-25.8673,28.1481|WIERDAPARK#0",2026-10-10 12:24:06.234248+00:00,2026-10-10 12:24:06.234248+00:00,0.0
-25.8657992,28.1474225,WIERDAPARK,WILHELMINA STREET,TSH,79900070,https://powerfailure.tshwane.gov.za/Tshwanesms/Map.aspx,"-25.8658,28.1474|WIERDAPARK#0",2026-10-10 12:24:06.234248+00:00,2026-10-10 12:24:06.234248+00:00,0.0
-25.8665877,28.1478193,WIERDAPARK,DU TOIT,TSH,79900070,https://powerfailure.tshwane.gov.za/Tshwanesms/Map.aspx,"-25.8666,28.1478|WIERDAPARK#0",2026-10-10 12:24:06.234248+00:00,2026-10-10 12:24:06.234248+00:00,0.0
-25.8511836,28.1375107,WIERDAPARK X01,SEKRETARISVOEL AVENUE,TSH,79900070,https://powerfailure.tshwane.gov.za/Tshwanesms/Map.aspx,"-25.8512,28.1375|WIERDAPARK X01#0",2026-10-10 12:24:06.234248+00:00,2026-10-10 12:24:06.234248+00:00,0.0
-25.8496415,28.1402559,WIERDAPARK X01,HOEP HOEP AVENUE,TSH,79900070,https://powerfailure.tshwane.gov.za/Tshwanesms/Map.aspx,"-25.8496,28.1403|WIERDAPARK X01#0",2026-10-10 12:24:06.234248+00:00,2026-10-10 12:24:06.234248+00:00,0.0
-25.5349336,28.18228,ROOIWAL 270-JR,"HOUTKAPPER STR, PL HK-092-11-05-04N",TSH,79900096,https://powerfailure.tshwane.gov.za/Tshwanesms/Map.aspx,"-25.5349,28.1823|ROOIWAL 270-JR#0",2026-10-07 10:10:01.835441+00:00,2026-10-10 12:24:06.234248+00:00,74.23
-25.6682952,28.5316759,CULLINAN,3RD STREET,TSH,79900100,https://powerfailure.tshwane.gov.za/Tshwanesms/Map.aspx,"-25.6683,28.5317|CULLINAN#0",2026-10-03 21:09:40.415928+00:00,2026-10-10 12:24:06.234248+00:00,159.24
-25.9040559,28.6652791,SUMMER PLACE,BLESHOENDER STREET,TSH,79900105,https://powerfailure.tshwane.gov.za/Tshwanesms/Map.aspx,"-25.9041,28.6653|SUMMER PLACE#0",2026-09-29 08:23:13.536342+00:00,2026-10-10 12:24:06.234248+00:00,268.01
-25.7760047,28.2129862,GROENKLOOF,VAN WOUW STREET,TSH,79900059,https://powerfailure.tshwane.gov.za/Tshwanesms/Map.aspx,"-25.7760,28.2130|GROENKLOOF#0",2026-09-23 15:54:26.696532+00:00,2026-10-10 12:24:06.234248+00:00,404.49
-25.7766761,28.2148588,GROENKLOOF,VAN WOUW STREET,TSH,79900059,https://powerfailure.tshwane.gov.za/Tshwanesms/Map.aspx,"-25.7767,28.2149|GROENKLOOF#0",2026-09-23 15:54:26.696532+00:00,2026-10-10 12:24:06.234248+00:00,404.49
-25.7719657,28.2121486,GROENKLOOF,FRANS OERDER STREET,TSH,79900059,https://powerfailure.tshwane.gov.za/Tshwanesms/Map.aspx,"-25.7720,28.2121|GROENKLOOF#0",2026-09-23 15:54:26.696532+00:00,2026-10-10 12:24:06.234248+00:00,404.49
-25.7731249,28.2147897,GROENKLOOF,BAINES STREET,TSH,79900059,https://powerfailure.tshwane.gov.za/Tshwanesms/Map.aspx,"-25.7731,28.2148|GROENKLOOF#0",2026-09-23 15:54:26.696532+00:00,2026-10-10 12:24:06.234248+00:00,404.49
-25.7866197,28.2038695,GROENKLOOF 358-JR,GEORGE STORRAR DRIVE,TSH,79900059,https://powerfailure.tshwane.gov.za/Tshwanesms/Map.aspx,"-25.7866,28.2039|GROENKLOOF 358-JR#0",2026-10-09 19:30:15.533813+00:00,2026-10-10 12:24:06.234248+00:00,16.9
-25.7423194,28.2832148,HARTEBEESTPOORT 328-JR,KESSELAAR AVENUE,TSH,79900046,https://powerfailure.tshwane.gov.za/Tshwanesms/Map.aspx,"-25.7423,28.2832|HARTEBEESTPOORT 328-JR#0",2026-10-06 17:09:53.951304+00:00,2026-10-10 12:24:06.234248+00:00,91.24
-25.755314,28.2428762,HARTEBEESTPOORT 362-JR,DUXBURY ROAD,TSH,79900082,https://powerfailure.tshwane.gov.za/Tshwanesms/Map.aspx,"-25.7553,28.2429|HARTEBEESTPOORT 362-JR#0",2026-10-07 10:10:01.835441+00:00,2026-10-10 12:24:06.234248+00:00,74.23
-25.8508459,28.1745423,HENNOPSPARK,ACACIA ROAD,TSH,79900066,https://powerfailure.tshwane.gov.za/Tshwanesms/Map.aspx,"-25.8508,28.1745|HENNOPSPARK#0",2026-10-10 12:24:06.234248+00:00,2026-10-10 12:24:06.234248+00:00,0.0
-25.8532362,28.1737897,HENNOPSPARK X02,MOPANIWEG,TSH,79900066,https://powerfailure.tshwane.gov.za/Tshwanesms/Map.aspx,"-25.8532,28.1738|HENNOPSPARK X02#0",2026-10-10 12:24:06.234248+00:00,2026-10-10 12:24:06.234248+00:00,0.0
-25.8531226,28.1663178,HENNOPSPARK X05,MORELETTA STREET,TSH,79900066,https://powerfailure.tshwane.gov.za/Tshwanesms/Map.aspx,"-25.8531,28.1663|HENNOPSPARK X05#0",2026-10-10 12:24:06.234248+00:00,2026-10-10 12:24:06.234248+00:00,0.0
-25.853656,28.1670721,HENNOPSPARK X05,STORMS ROAD,TSH,79900066,https://powerfailure.tshwane.gov.za/Tshwanesms/Map.aspx,"-25.8537,28.1671|HENNOPSPARK X05#0",2026-10-10 12:24:06.234248+00:00,2026-10-10 12:24:06.234248+00:00,0.0
-25.8535523,28.1663992,HENNOPSPARK X05,SPRUIT STREET,TSH,79900066,https://powerfailure.tshwane.gov.za/Tshwanesms/Map.aspx,"-25.8536,28.1664|HENNOPSPARK X05#0",2026-10-10 12:24:06.234248+00:00,2026-10-10 12:24:06.234248+00:00,0.0
-25.8509848,28.1666823,HENNOPSPARK X41,MOPANI ROAD,TSH,79900066,https://powerfailure.tshwane.gov.za/Tshwanesms/Map.aspx,"-25.8510,28.1667|HENNOPSPARK X41#0",2026-10-10 12:24:06.234248+00:00,2026-10-10 12:24:06.234248+00:00,0.0
-25.7912921,28.1062455,LAUDIUM,AZURE STREET,TSH,79900061,https://powerfailure.tshwane.gov.za/Tshwanesms/Map.aspx,"-25.7913,28.1062|LAUDIUM#0",2026-10-09 19:30:15.533813+00:00,2026-10-10 12:24:06.234248+00:00,16.9
-25.7790755,28.2864657,LYNNWOOD GLEN,KARIBA STREET,TSH,79900046,https://powerfailure.tshwane.gov.za/Tshwanesms/Map.aspx,"-25.7791,28.2865|LYNNWOOD GLEN#0",2026-10-04 18:07:06.777167+00:00,2026-10-10 12:24:06.234248+00:00,138.28
-25.7784552,28.2842318,LYNNWOOD GLEN,KARIBA STREET,TSH,79900046,https://powerfailure.tshwane.gov.za/Tshwanesms/Map.aspx,"-25.7785,28.2842|LYNNWOOD GLEN#0",2026-10-05 06:56:42.468331+00:00,2026-10-10 12:24:06.234248+00:00,125.46
-25.8248881,28.3070421,MORELETAPARK X63,ROCKWOOD CRESCENT,TSH,79900045,https://powerfailure.tshwane.gov.za/Tshwanesms/Map.aspx,"-25.8249,28.3070|MORELETAPARK X63#0",2026-09-29 08:23:13.536342+00:00,2026-10-10 12:24:06.234248+00:00,268.01
-25.8241031,28.3026158,MORELETAPARK X63,CEDARWOOD CRESCENT,TSH,79900045,https://powerfailure.tshwane.gov.za/Tshwanesms/Map.aspx,"-25.8241,28.3026|MORELETAPARK X63#0",2026-09-29 08:23:13.536342+00:00,2026-10-10 12:24:06.234248+00:00,268.01
-25.8380511,28.3037025,MORELETAPARK X65,WEKKER ROAD,TSH,79900091,https://powerfailure.tshwane.gov.za/Tshwanesms/Map.aspx,"-25.8381,28.3037|MORELETAPARK X65#0",2026-09-29 08:23:13.536342+00:00,2026-10-10 12:24:06.234248+00:00,268.01
-25.6622025,28.1708141,PRETORIA NORTH,EEUFEES STREET,TSH,79900002,https://powerfailure.tshwane.gov.za/Tshwanesms/Map.aspx,"-25.6622,28.1708|PRETORIA NORTH#0",2026-10-04 06:47:51.169722+00:00,2026-10-10 12:24:06.234248+00:00,149.6
-25.662527,28.1709372,PRETORIA NORTH,COMPLEX,TSH,79900002,https://powerfailure.tshwane.gov.za/Tshwanesms/Map.aspx,"-25.6625,28.1709|PRETORIA NORTH#0",2026-10-04 00:33:07.418287+00:00,2026-10-10 12:24:06.234248+00:00,155.85
-25.6627484,28.1742126,PRETORIA NORTH,EMILY HOBHOUSE AVENUE,TSH,79900002,https://powerfailure.tshwane.gov.za/Tshwanesms/Map.aspx,"-25.6627,28.1742|PRETORIA NORTH#0",2026-10-04 00:33:07.418287+00:00,2026-10-10 12:24:06.234248+00:00,155.85
-25.6650456,28.1745609,PRETORIA NORTH,BEN VILJOEN STREET,TSH,79900002,https://powerfailure.tshwane.gov.za/Tshwanesms/Map.aspx,"-25.6650,28.1746|PRETORIA NORTH#0",2026-10-04 00:33:07.418287+00:00,2026-10-10 12:24:06.234248+00:00,155.85
-25.6650356,28.1698328,PRETORIA NORTH,EEUFEES STREET,TSH,79900002,https://powerfailure.tshwane.gov.za/Tshwanesms/Map.aspx,"-25.6650,28.1698|PRETORIA NORTH#0",2026-10-04 06:47:51.169722+00:00,2026-10-10 12:24:06.234248+00:00,149.6
-25.6666511,28.1770346,PRETORIA NORTH,PRES STEYN STREET,TSH,79900002,https://powerfailure.tshwane.gov.za/Tshwanesms/Map.aspx,"-25.6667,28.1770|PRETORIA NORTH#0",2026-10-04 06:47:51.169722+00:00,2026-10-10 12:24:06.234248+00:00,149.6
-25.6662909,28.1673064,PRETORIA NORTH,WEST STREET,TSH,79900002,https://powerfailure.tshwane.gov.za/Tshwanesms/Map.aspx,"-25.6663,28.1673|PRETORIA NORTH#0",2026-10-04 06:47:51.169722+00:00,2026-10-10 12:24:06.234248+00:00,149.6
-25.6672966,28.1664853,PRETORIA NORTH,WEST STREET,TSH,79900002,https://powerfailure.tshwane.gov.za/Tshwanesms/Map.aspx,"-25.6673,28.1665|PRETORIA NORTH#0",2026-10-04 06:47:51.169722+00:00,2026-10-10 12:24:06.234248+00:00,149.6
-25.6673607,28.1673605,PRETORIA NORTH,WEST STREET,TSH,79900002,https://powerfailure.tshwane.gov.za/Tshwanesms/Map.aspx,"-25.6674,28.1674|PRETORIA NORTH#0",2026-10-04 06:47:51.169722+00:00,2026-10-10 12:24:06.234248+00:00,149.6
-25.6683785,28.1767078,PRETORIA NORTH,DANIE THERON STREET,TSH,79900002,https://powerfailure.tshwane.gov.za/Tshwanesms/Map.aspx,"-25.6684,28.1767|PRETORIA NORTH#0",2026-10-04 06:47:51.169722+00:00,2026-10-10 12:24:06.234248+00:00,149.6
-25.6682596,28.1671074,PRETORIA NORTH,WEST STREET,TSH,79900002,https://powerfailure.tshwane.gov.za/Tshwanesms/Map.aspx,"-25.6683,28.1671|PRETORIA NORTH#0",2026-10-04 06:47:51.169722+00:00,2026-10-10 12:24:06.234248+00:00,149.6
-25.668374,28.1686702,PRETORIA NORTH,STASIE STREET,TSH,79900002,https://powerfailure.tshwane.gov.za/Tshwanesms/Map.aspx,"-25.6684,28.1687|PRETORIA NORTH#0",2026-10-04 00:33:07.418287+00:00,2026-10-10 12:24:06.234248+00:00,155.85
-25.6705358,28.1787808,PRETORIA NORTH,JAN VAN RIEBEECK STREET,TSH,79900002,https://powerfailure.tshwane.gov.za/Tshwanesms/Map.aspx,"-25.6705,28.1788|PRETORIA NORTH#0",2026-10-04 00:33:07.418287+00:00,2026-10-10 12:24:06.234248+00:00,155.85
-25.67125,28.1771442,PRETORIA NORTH,GENL BEYERS STREET,TSH,79900002,https://powerfailure.tshwane.gov.za/Tshwanesms/Map.aspx,"-25.6712,28.1771|PRETORIA NORTH#0",2026-09-28 21:54:04.654174+00:00,2026-10-10 12:24:06.234248+00:00,278.5
-25.6715312,28.176427,PRETORIA NORTH,DANIE THERON STREET,TSH,79900002,https://powerfailure.tshwane.gov.za/Tshwanesms/Map.aspx,"-25.6715,28.1764|PRETORIA NORTH#0",2026-10-04 06:47:51.169722+00:00,2026-10-10 12:24:06.234248+00:00,149.6
-25.6710819,28.1671832,PRETORIA NORTH,GENL DE WET ROAD,TSH,79900002,https://powerfailure.tshwane.gov.za/Tshwanesms/Map.aspx,"-25.6711,28.1672|PRETORIA NORTH#0",2026-10-04 06:47:51.169722+00:00,2026-10-10 12:24:06.234248+00:00,149.6
-25.6748799,28.1799671,PRETORIA NORTH,GERRIT MARITZ STREET,TSH,79900002,https://powerfailure.tshwane.gov.za/Tshwanesms/Map.aspx,"-25.6749,28.1800|PRETORIA NORTH#0",2026-09-23 15:54:26.696532+00:00,2026-10-10 12:24:06.234248+00:00,404.49
-25.6785341,28.1796417,PRETORIA NORTH,KOOS DE LA REY STREET,TSH,79900002,https://powerfailure.tshwane.gov.za/Tshwanesms/Map.aspx,"-25.6785,28.1796|PRETORIA NORTH#0",2026-10-04 06:47:51.169722+00:00,2026-10-10 12:24:06.234248+00:00,149.6
-25.6785341,28.1796417,PRETORIA NORTH,KOOS DE LA REY STREET,TSH,79900002,https://powerfailure.tshwane.gov.za/Tshwanesms/Map.aspx,"-25.6785,28.1796|PRETORIA NORTH#1",2026-10-04 06:47:51.169722+00:00,2026-10-10 12:24:06.234248+00:00,149.6
-25.6782774,28.1726799,PRETORIA NORTH,EMILY HOBHOUSE AVENUE,TSH,79900002,https://powerfailure.tshwane.gov.za/Tshwanesms/Map.aspx,"-25.6783,28.1727|PRETORIA NORTH#0",2026-10-02 18:22:22.786014+00:00,2026-10-10 12:24:06.234248+00:00,186.03
-25.6790704,28.174174,PRETORIA NORTH,BEN VILJOEN STREET,TSH,79900002,https://powerfailure.tshwane.gov.za/Tshwanesms/Map.aspx,"-25.6791,28.1742|PRETORIA NORTH#0",2026-10-02 12:24:50.491552+00:00,2026-10-10 12:24:06.234248+00:00,191.99
-25.6792926,28.1750791,PRETORIA NORTH,DANIE THERON STREET,TSH,79900002,https://powerfailure.tshwane.gov.za/Tshwanesms/Map.aspx,"-25.6793,28.1751|PRETORIA NORTH#0",2026-10-02 12:24:50.491552+00:00,2026-10-10 12:24:06.234248+00:00,191.99
-25.6793087,28.1662955,PRETORIA NORTH,WEST STREET,TSH,79900002,https://powerfailure.tshwane.gov.za/Tshwanesms/Map.aspx,"-25.6793,28.1663|PRETORIA NORTH#0",2026-10-02 12:24:50.491552+00:00,2026-10-10 12:24:06.234248+00:00,191.99
-25.6795608,28.170962,PRETORIA NORTH,BURGER STREET,TSH,79900002,https://powerfailure.tshwane.gov.za/Tshwanesms/Map.aspx,"-25.6796,28.1710|PRETORIA NORTH#0",2026-10-04 06:47:51.169722+00:00,2026-10-10 12:24:06.234248+00:00,149.6
-25.680058,28.1788139,PRETORIA NORTH,JAN VAN RIEBEECK STREET,TSH,79900002,https://powerfailure.tshwane.gov.za/Tshwanesms/Map.aspx,"-25.6801,28.1788|PRETORIA NORTH#0",2026-10-04 06:47:51.169722+00:00,2026-10-10 12:24:06.234248+00:00,149.6
-25.6800683,28.1732921,PRETORIA NORTH,BEN VILJOEN STREET,TSH,79900002,https://powerfailure.tshwane.gov.za/Tshwanesms/Map.aspx,"-25.6801,28.1733|PRETORIA NORTH#0",2026-10-07 23:02:05.111773+00:00,2026-10-10 12:24:06.234248+00:00,61.37
-25.6806181,28.1738714,PRETORIA NORTH,PRENORPARK PLACE,TSH,79900002,https://powerfailure.tshwane.gov.za/Tshwanesms/Map.aspx,"-25.6806,28.1739|PRETORIA NORTH#0",2026-10-02 12:24:50.491552+00:00,2026-10-10 12:24:06.234248+00:00,191.99
-25.6806685,28.1745592,PRETORIA NORTH,BRITS ROAD,TSH,79900002,https://powerfailure.tshwane.gov.za/Tshwanesms/Map.aspx,"-25.6807,28.1746|PRETORIA NORTH#0",2026-10-02 12:24:50.491552+00:00,2026-10-10 12:24:06.234248+00:00,191.99
-25.6811564,28.1732499,PRETORIA NORTH,BEN VILJOEN STREET,TSH,79900002,https://powerfailure.tshwane.gov.za/Tshwanesms/Map.aspx,"-25.6812,28.1732|PRETORIA NORTH#0",2026-10-04 00:33:07.418287+00:00,2026-10-10 12:24:06.234248+00:00,155.85
-25.6834646,28.173964,PRETORIA NORTH,SUIDER STREET,TSH,79900002,https://powerfailure.tshwane.gov.za/Tshwanesms/Map.aspx,"-25.6835,28.1740|PRETORIA NORTH#0",2026-10-04 06:47:51.169722+00:00,2026-10-10 12:24:06.234248+00:00,149.6
-25.6839959,28.1723419,PRETORIA NORTH,EMILY HOBHOUSE AVENUE,TSH,79900002,https://powerfailure.tshwane.gov.za/Tshwanesms/Map.aspx,"-25.6840,28.1723|PRETORIA NORTH#0",2026-10-04 13:09:40.651455+00:00,2026-10-10 12:24:06.234248+00:00,143.24
-25.6840041,28.1720337,PRETORIA NORTH,EMILY HOBHOUSE AVENUE,TSH,79900002,https://powerfailure.tshwane.gov.za/Tshwanesms/Map.aspx,"-25.6840,28.1720|PRETORIA NORTH#0",2026-10-04 06:47:51.169722+00:00,2026-10-10 12:24:06.234248+00:00,149.6
-25.6841653,28.1744207,PRETORIA NORTH,DANIE THERON STREET,TSH,79900002,https://powerfailure.tshwane.gov.za/Tshwanesms/Map.aspx,"-25.6842,28.1744|PRETORIA NORTH#0",2026-10-02 18:22:22.786014+00:00,2026-10-10 12:24:06.234248+00:00,186.03
-25.685151,28.182199,PRETORIA NORTH,ABERCROMBIE ROAD,TSH,79900002,https://powerfailure.tshwane.gov.za/Tshwanesms/Map.aspx,"-25.6852,28.1822|PRETORIA NORTH#0",2026-10-04 06:47:51.169722+00:00,2026-10-10 12:24:06.234248+00:00,149.6
-25.68514,28.1830814,PRETORIA NORTH,ABERCROMBIE ROAD,TSH,79900002,https://powerfailure.tshwane.gov.za/Tshwanesms/Map.aspx,"-25.6851,28.1831|PRETORIA NORTH#0",2026-10-04 06:47:51.169722+00:00,2026-10-10 12:24:06.234248+00:00,149.6
-25.6866552,28.1764801,PRETORIA NORTH,GENL BEYERS STREET,TSH,79900002,https://powerfailure.tshwane.gov.za/Tshwanesms/Map.aspx,"-25.6867,28.1765|PRETORIA NORTH#0",2026-10-04 06:47:51.169722+00:00,2026-10-10 12:24:06.234248+00:00,149.6
-25.6876608,28.1788291,PRETORIA NORTH,KOOS DE LA REY STREET,TSH,79900002,https://powerfailure.tshwane.gov.za/Tshwanesms/Map.aspx,"-25.6877,28.1788|PRETORIA NORTH#0",2026-10-04 18:07:06.777167+00:00,2026-10-10 12:24:06.234248+00:00,138.28
-25.671874,28.1707965,PRETORIA NORTH,BURGER STREET,TSH,79900002,https://powerfailure.tshwane.gov.za/Tshwanesms/Map.aspx,"-25.6719,28.1708|PRETORIA NORTH#0",2026-10-04 00:33:07.418287+00:00,2026-10-10 12:24:06.234248+00:00,155.85
-25.671874,28.1707965,PRETORIA NORTH,BURGER STREET,TSH,79900002,https://powerfailure.tshwane.gov.za/Tshwanesms/Map.aspx,"-25.6719,28.1708|PRETORIA NORTH#1",2026-10-04 06:47:51.169722+00:00,2026-10-10 12:24:06.234248+00:00,149.6
-25.671874,28.1707965,PRETORIA NORTH,BURGER STREET,TSH,79900002,https://powerfailure.tshwane.gov.za/Tshwanesms/Map.aspx,"-25.6719,28.1708|PRETORIA NORTH#2",2026-10-04 06:47:51.169722+00:00,2026-10-10 12:24:06.234248+00:00,149.6
-25.671874,28.1707965,PRETORIA NORTH,BURGER STREET,TSH,79900002,https://powerfailure.tshwane.gov.za/Tshwanesms/Map.aspx,"-25.6719,28.1708|PRETORIA NORTH#3",2026-10-04 06:47:51.169722+00:00,2026-10-10 12:24:06.234248+00:00,149.6
-25.6696141,28.1736105,PRETORIA NORTH,EMILY HOBHOUSE AVENUE,TSH,79900002,https://powerfailure.tshwane.gov.za/Tshwanesms/Map.aspx,"-25.6696,28.1736|PRETORIA NORTH#0",2026-10-04 06:47:51.169722+00:00,2026-10-10 12:24:06.234248+00:00,149.6
-25.7178901,28.2323116,VILLIERIA,STAND,TSH,79900052,https://powerfailure.tshwane.gov.za/Tshwanesms/Map.aspx,"-25.7179,28.2323|VILLIERIA#0",2026-10-10 05:43:32.746880+00:00,2026-10-10 12:24:06.234248+00:00,6.68
-25.7169514,28.2232362,VILLIERIA,21ST AVENUE,TSH,79900053,https://powerfailure.tshwane.gov.za/Tshwanesms/Map.aspx,"-25.7170,28.2232|VILLIERIA#0",2026-10-09 19:30:15.533813+00:00,2026-10-10 12:24:06.234248+00:00,16.9
-25.7201084,28.3294987,WALTLOO,ZASM STREET,TSH,79900041,https://powerfailure.tshwane.gov.za/Tshwanesms/Map.aspx,"-25.7201,28.3295|WALTLOO#0",2026-09-29 20:42:53.961596+00:00,2026-10-10 12:24:06.234248+00:00,255.69
-25.7201084,28.3294987,WALTLOO,ZASM STREET,TSH,79900041,https://powerfailure.tshwane.gov.za/Tshwanesms/Map.aspx,"-25.7201,28.3295|WALTLOO#1",2026-10-05 15:56:27.539408+00:00,2026-10-10 12:24:06.234248+00:00,116.46
-25.6591923,28.0878899,THE ORCHARDS X11,BOSHOFF STREET,TSH,79900004,https://powerfailure.tshwane.gov.za/Tshwanesms/Map.aspx,"-25.6592,28.0879|THE ORCHARDS X11#0",2026-09-23 15:54:26.696532+00:00,2026-10-10 12:24:06.234248+00:00,404.49
-25.4743764,28.0957967,SOSHANGUVE-FF,STAND 94,TSH,79900094,https://powerfailure.tshwane.gov.za/Tshwanesms/Map.aspx,"-25.4744,28.0958|SOSHANGUVE-FF#0",2026-09-29 20:42:53.961596+00:00,2026-10-10 12:24:06.234248+00:00,255.69
-25.4793932,28.0987486,SOSHANGUVE-FF,STAND 286/40,TSH,79900094,https://powerfailure.tshwane.gov.za/Tshwanesms/Map.aspx,"-25.4794,28.0987|SOSHANGUVE-FF#0",2026-09-30 23:43:30.173884+00:00,2026-10-10 12:24:06.234248+00:00,228.68
-25.6911025,28.3344621,DERDEPOORT 326-JR,PL BP-104-31-04A-4,TSH,79900087,https://powerfailure.tshwane.gov.za/Tshwanesms/Map.aspx,"-25.6911,28.3345|DERDEPOORT 326-JR#0",2026-10-08 10:27:19.292786+00:00,2026-10-10 12:24:06.234248+00:00,49.95
-25.6803484,28.300635,DERDEPOORT 326-JR,KAMEELDRIF ROAD,TSH,79900087,https://powerfailure.tshwane.gov.za/Tshwanesms/Map.aspx,"-25.6803,28.3006|DERDEPOORT 326-JR#0",2026-10-09 13:08:42.013082+00:00,2026-10-10 12:24:06.234248+00:00,23.26
-25.6859982,28.3203565,DERDEPOORT 326-JR,PL BP-130-03-04W-06S (PORT 485),TSH,79900087,https://powerfailure.tshwane.gov.za/Tshwanesms/Map.aspx,"-25.6860,28.3204|DERDEPOORT 326-JR#0",2026-10-07 23:02:05.111773+00:00,2026-10-10 12:24:06.234248+00:00,61.37
-25.7146138,28.3170677,DERDEPOORT 326-JR,ST JOSEPH AVENUE,TSH,79900043,https://powerfailure.tshwane.gov.za/Tshwanesms/Map.aspx,"-25.7146,28.3171|DERDEPOORT 326-JR#0",2026-10-07 10:10:01.835441+00:00,2026-10-10 12:24:06.234248+00:00,74.23
-25.6975212,28.2946136,DERDEPOORTPARK X03,DRAWWER CRESCENT,TSH,79900087,https://powerfailure.tshwane.gov.za/Tshwanesms/Map.aspx,"-25.6975,28.2946|DERDEPOORTPARK X03#0",2026-10-02 18:22:22.786014+00:00,2026-10-10 12:24:06.234248+00:00,186.03
-25.7181966,28.3257581,DESPATCH,PRICE STREET,TSH,79900043,https://powerfailure.tshwane.gov.za/Tshwanesms/Map.aspx,"-25.7182,28.3258|DESPATCH#0",2026-10-10 12:24:06.234248+00:00,2026-10-10 12:24:06.234248+00:00,0.0
-25.7638222,28.3102293,DIE WILGERS X01,FRANK ROAD,TSH,79900085,https://powerfailure.tshwane.gov.za/Tshwanesms/Map.aspx,"-25.7638,28.3102|DIE WILGERS X01#0",2026-09-26 14:25:10.204350+00:00,2026-10-10 12:24:06.234248+00:00,333.98
-25.760715,28.3022353,DIE WILGERS,LEZARD STREET,TSH,79900046,https://powerfailure.tshwane.gov.za/Tshwanesms/Map.aspx,"-25.7607,28.3022|DIE WILGERS#0",2026-09-30 13:37:49.273392+00:00,2026-10-10 12:24:06.234248+00:00,238.77
-25.6742124,28.1646325,DORANDIA X08,VERECUNDA STREET,TSH,79900002,https://powerfailure.tshwane.gov.za/Tshwanesms/Map.aspx,"-25.6742,28.1646|DORANDIA X08#0",2026-10-09 13:08:42.013082+00:00,2026-10-10 12:24:06.234248+00:00,23.26
-25.6760197,28.1636495,DORANDIA X08,SAPONARIA STREET,TSH,79900002,https://powerfailure.tshwane.gov.za/Tshwanesms/Map.aspx,"-25.6760,28.1636|DORANDIA X08#0",2026-10-09 13:08:42.013082+00:00,2026-10-10 12:24:06.234248+00:00,23.26
-25.662527,28.1569429,DORANDIA X15,ENGELBERTUS STREET,TSH,79900002,https://powerfailure.tshwane.gov.za/Tshwanesms/Map.aspx,"-25.6625,28.1569|DORANDIA X15#0",2026-10-09 13:08:42.013082+00:00,2026-10-10 12:24:06.234248+00:00,23.26
-25.6692808,28.15289,DORANDIA X16,BOKMAKIERIE STREET,TSH,79900098,https://powerfailure.tshwane.gov.za/Tshwanesms/Map.aspx,"-25.6693,28.1529|DORANDIA X16#0",2026-10-09 13:08:42.013082+00:00,2026-10-10 12:24:06.234248+00:00,23.26
-25.8623611,28.1484907,WIERDAPARK,WILHELMINA STREET,TSH,79900070,https://powerfailure.tshwane.gov.za/Tshwanesms/Map.aspx,"-25.8624,28.1485|WIERDAPARK#0",2026-10-10 12:24:06.234248+00:00,2026-10-10 12:24:06.234248+00:00,0.0
-25.8614201,28.1489389,WIERDAPARK,FRIEDERICHE STREET,TSH,79900070,https://powerfailure.tshwane.gov.za/Tshwanesms/Map.aspx,"-25.8614,28.1489|WIERDAPARK#0",2026-10-10 12:24:06.234248+00:00,2026-10-10 12:24:06.234248+00:00,0.0
-25.8627888,28.1500143,WIERDAPARK,FRIEDERICHE STREET,TSH,79900070,https://powerfailure.tshwane.gov.za/Tshwanesms/Map.aspx,"-25.8628,28.1500|WIERDAPARK#0",2026-10-10 12:24:06.234248+00:00,2026-10-10 12:24:06.234248+00:00,0.0
-25.8623817,28.1520074,WIERDAPARK,PIET HUGO AVENUE,TSH,79900070,https://powerfailure.tshwane.gov.za/Tshwanesms/Map.aspx,"-25.8624,28.1520|WIERDAPARK#0",2026-10-10 12:24:06.234248+00:00,2026-10-10 12:24:06.234248+00:00,0.0
-25.8541993,28.1386592,WIERDAPARK,MEYER STREET,TSH,79900070,https://powerfailure.tshwane.gov.za/Tshwanesms/Map.aspx,"-25.8542,28.1387|WIERDAPARK#0",2026-10-10 12:24:06.234248+00:00,2026-10-10 12:24:06.234248+00:00,0.0
-25.8574648,28.1410148,WIERDAPARK,CHRIS HOUGAARD STREET,TSH,79900070,https://powerfailure.tshwane.gov.za/Tshwanesms/Map.aspx,"-25.8575,28.1410|WIERDAPARK#0",2026-10-10 12:24:06.234248+00:00,2026-10-10 12:24:06.234248+00:00,0.0
-25.8645786,28.1467983,WIERDAPARK,THEUNS VAN NIEKERK STREET,TSH,79900070,https://powerfailure.tshwane.gov.za/Tshwanesms/Map.aspx,"-25.8646,28.1468|WIERDAPARK#0",2026-10-10 12:24:06.234248+00:00,2026-10-10 12:24:06.234248+00:00,0.0
-25.8622345,28.1460994,WIERDAPARK,CHRIS HOUGAARD STREET,TSH,79900070,https://powerfailure.tshwane.gov.za/Tshwanesms/Map.aspx,"-25.8622,28.1461|WIERDAPARK#0",2026-10-10 12:24:06.234248+00:00,2026-10-10 12:24:06.234248+00:00,0.0
-25.8621729,28.1389078,WIERDAPARK,KOEDOE STREET,TSH,79900070,https://powerfailure.tshwane.gov.za/Tshwanesms/Map.aspx,"-25.8622,28.1389|WIERDAPARK#0",2026-10-10 12:24:06.234248+00:00,2026-10-10 12:24:06.234248+00:00,0.0
-25.8627636,28.1403385,WIERDAPARK,ELAND STREET,TSH,79900070,https://powerfailure.tshwane.gov.za/Tshwanesms/Map.aspx,"-25.8628,28.1403|WIERDAPARK#0",2026-10-10 12:24:06.234248+00:00,2026-10-10 12:24:06.234248+00:00,0.0
-25.8649452,28.1401531,WIERDAPARK,GEMSBOK STREET,TSH,79900070,https://powerfailure.tshwane.gov.za/Tshwanesms/Map.aspx,"-25.8649,28.1402|WIERDAPARK#0",2026-10-10 12:24:06.234248+00:00,2026-10-10 12:24:06.234248+00:00,0.0
-25.8658114,28.1403339,WIERDAPARK,WENTZEL STREET,TSH,79900070,https://powerfailure.tshwane.gov.za/Tshwanesms/Map.aspx,"-25.8658,28.1403|WIERDAPARK#0",2026-10-10 12:24:06.234248+00:00,2026-10-10 12:24:06.234248+00:00,0.0
-25.8664139,28.1408265,WIERDAPARK,WENTZEL STREET,TSH,79900070,https://powerfailure.tshwane.gov.za/Tshwanesms/Map.aspx,"-25.8664,28.1408|WIERDAPARK#0",2026-10-10 12:24:06.234248+00:00,2026-10-10 12:24:06.234248+00:00,0.0
-25.8692649,28.1402132,WIERDAPARK,HENDRIK STREET,TSH,79900070,https://powerfailure.tshwane.gov.za/Tshwanesms/Map.aspx,"-25.8693,28.1402|WIERDAPARK#0",2026-10-10 12:24:06.234248+00:00,2026-10-10 12:24:06.234248+00:00,0.0
-25.8675871,28.144124,WIERDAPARK,LEVITON STREET,TSH,79900070,https://powerfailure.tshwane.gov.za/Tshwanesms/Map.aspx,"-25.8676,28.1441|WIERDAPARK#0",2026-10-10 12:24:06.234248+00:00,2026-10-10 12:24:06.234248+00:00,0.0
-25.8650078,28.1460762,WIERDAPARK,THEUNS VAN NIEKERK STREET,TSH,79900070,https://powerfailure.tshwane.gov.za/Tshwanesms/Map.aspx,"-25.8650,28.1461|WIERDAPARK#0",2026-10-10 12:24:06.234248+00:00,2026-10-10 12:24:06.234248+00:00,0.0
-25.8651278,28.1462708,WIERDAPARK,THEUNS VAN NIEKERK STREET,TSH,79900070,https://powerfailure.tshwane.gov.za/Tshwanesms/Map.aspx,"-25.8651,28.1463|WIERDAPARK#0",2026-10-10 12:24:06.234248+00:00,2026-10-10 12:24:06.234248+00:00,0.0
-25.8669649,28.149593,WIERDAPARK,SUSAN STREET,TSH,79900070,https://powerfailure.tshwane.gov.za/Tshwanesms/Map.aspx,"-25.8670,28.1496|WIERDAPARK#0",2026-10-10 12:24:06.234248+00:00,2026-10-10 12:24:06.234248+00:00,0.0
-25.8469387,28.1347721,WIERDAPARK X01,PENQUIN CRESCENT,TSH,79900070,https://powerfailure.tshwane.gov.za/Tshwanesms/Map.aspx,"-25.8469,28.1348|WIERDAPARK X01#0",2026-10-10 12:24:06.234248+00:00,2026-10-10 12:24:06.234248+00:00,0.0
-25.8522988,28.137734,WIERDAPARK X01,SEKRETARISVOEL AVENUE,TSH,79900070,https://powerfailure.tshwane.gov.za/Tshwanesms/Map.aspx,"-25.8523,28.1377|WIERDAPARK X01#0",2026-10-10 12:24:06.234248+00:00,2026-10-10 12:24:06.234248+00:00,0.0
-25.8502684,28.1392476,WIERDAPARK X01,GANNET CRESCENT,TSH,79900070,https://powerfailure.tshwane.gov.za/Tshwanesms/Map.aspx,"-25.8503,28.1392|WIERDAPARK X01#0",2026-10-10 12:24:06.234248+00:00,2026-10-10 12:24:06.234248+00:00,0.0
-25.8494444,28.1377947,WIERDAPARK X01,GANNET CRESCENT,TSH,79900070,https://powerfailure.tshwane.gov.za/Tshwanesms/Map.aspx,"-25.8494,28.1378|WIERDAPARK X01#0",2026-10-10 12:24:06.234248+00:00,2026-10-10 12:24:06.234248+00:00,0.0
-25.8487206,28.1362904,WIERDAPARK X01,GANNET CRESCENT,TSH,79900070,https://powerfailure.tshwane.gov.za/Tshwanesms/Map.aspx,"-25.8487,28.1363|WIERDAPARK X01#0",2026-10-10 12:24:06.234248+00:00,2026-10-10 12:24:06.234248+00:00,0.0
-25.8472544,28.1385358,WIERDAPARK X01,FLAMINGO ROAD,TSH,79900070,https://powerfailure.tshwane.gov.za/Tshwanesms/Map.aspx,"-25.8473,28.1385|WIERDAPARK X01#0",2026-10-10 12:24:06.234248+00:00,2026-10-10 12:24:06.234248+00:00,0.0
-25.7687612,28.3663516,SILVER LAKES X04,OYSTER BAY STREET,TSH,79900101,https://powerfailure.tshwane.gov.za/Tshwanesms/Map.aspx,"-25.7688,28.3664|SILVER LAKES X04#0",2026-10-02 18:22:22.786014+00:00,2026-10-10 12:24:06.234248+00:00,186.03
-25.8473501,28.3231627,MOOIKLOOF RIDGE X12,AUGRABIES STREET,TSH,79900091,https://powerfailure.tshwane.gov.za/Tshwanesms/Map.aspx,"-25.8474,28.3232|MOOIKLOOF RIDGE X12#0",2026-10-10 12:24:06.234248+00:00,2026-10-10 12:24:06.234248+00:00,0.0
-25.8375026,28.3217512,MOOIKLOOF RIDGE X02,AUGRABIES STREET,TSH,79900091,https://powerfailure.tshwane.gov.za/Tshwanesms/Map.aspx,"-25.8375,28.3218|MOOIKLOOF RIDGE X02#0",2026-10-10 05:43:32.746880+00:00,2026-10-10 12:24:06.234248+00:00,6.68
-25.6680581,28.5176364,CULLINAN,PARK ROAD,TSH,79900100,https://powerfailure.tshwane.gov.za/Tshwanesms/Map.aspx,"-25.6681,28.5176|CULLINAN#0",2026-10-04 06:47:51.169722+00:00,2026-10-10 12:24:06.234248+00:00,149.6
-25.6680581,28.5176364,CULLINAN,PARK ROAD,TSH,79900100,https://powerfailure.tshwane.gov.za/Tshwanesms/Map.aspx,"-25.6681,28.5176|CULLINAN#1",2026-10-04 06:47:51.169722+00:00,2026-10-10 12:24:06.234248+00:00,149.6
-25.6682193,28.5308098,CULLINAN,3RD STREET,TSH,79900100,https://powerfailure.tshwane.gov.za/Tshwanesms/Map.aspx,"-25.6682,28.5308|CULLINAN#0",2026-10-04 06:47:51.169722+00:00,2026-10-10 12:24:06.234248+00:00,149.6
-25.6722748,28.5206537,CULLINAN,OAK AVENUE,TSH,79900100,https://powerfailure.tshwane.gov.za/Tshwanesms/Map.aspx,"-25.6723,28.5207|CULLINAN#0",2026-10-04 06:47:51.169722+00:00,2026-10-10 12:24:06.234248+00:00,149.6
-25.9032044,28.664139,SUMMER PLACE,BLESHOENDER STREET,TSH,79900105,https://powerfailure.tshwane.gov.za/Tshwanesms/Map.aspx,"-25.9032,28.6641|SUMMER PLACE#0",2026-09-30 13:37:49.273392+00:00,2026-10-10 12:24:06.234248+00:00,238.77
-25.9013408,28.6648374,SUMMER PLACE,SUMMER PLACE,TSH,79900105,https://powerfailure.tshwane.gov.za/Tshwanesms/Map.aspx,"-25.9013,28.6648|SUMMER PLACE#0",2026-09-29 20:42:53.961596+00:00,2026-10-10 12:24:06.234248+00:00,255.69
-25.5818448,28.0790946,SOSHANGUVE SOUTH X04,STAND 5341,TSH,79900089,https://powerfailure.tshwane.gov.za/Tshwanesms/Map.aspx,"-25.5818,28.0791|SOSHANGUVE SOUTH X04#0",2026-10-02 12:24:50.491552+00:00,2026-10-10 12:24:06.234248+00:00,191.99
-25.5663944,28.0749167,SOSHANGUVE SOUTH X03,STAND 6954,TSH,79900089,https://powerfailure.tshwane.gov.za/Tshwanesms/Map.aspx,"-25.5664,28.0749|SOSHANGUVE SOUTH X03#0",2026-10-08 17:51:27.458247+00:00,2026-10-10 12:24:06.234248+00:00,42.54
-25.7782857,28.216097,GROENKLOOF,HERBERT BAKER STREET,TSH,79900059,https://powerfailure.tshwane.gov.za/Tshwanesms/Map.aspx,"-25.7783,28.2161|GROENKLOOF#0",2026-09-23 15:54:26.696532+00:00,2026-10-10 12:24:06.234248+00:00,404.49
-25.7782518,28.2157854,GROENKLOOF,HERBERT BAKER STREET,TSH,79900059,https://powerfailure.tshwane.gov.za/Tshwanesms/Map.aspx,"-25.7783,28.2158|GROENKLOOF#0",2026-09-23 15:54:26.696532+00:00,2026-10-10 12:24:06.234248+00:00,404.49
-25.7740422,28.2110161,GROENKLOOF,VAN WOUW STREET,TSH,79900059,https://powerfailure.tshwane.gov.za/Tshwanesms/Map.aspx,"-25.7740,28.2110|GROENKLOOF#0",2026-09-23 15:54:26.696532+00:00,2026-10-10 12:24:06.234248+00:00,404.49
-25.7761002,28.2122708,GROENKLOOF,HERBERT BAKER STREET,TSH,79900059,https://powerfailure.tshwane.gov.za/Tshwanesms/Map.aspx,"-25.7761,28.2123|GROENKLOOF#0",2026-09-23 15:54:26.696532+00:00,2026-10-10 12:24:06.234248+00:00,404.49
-25.772381,28.2105667,GROENKLOOF,VAN WOUW STREET,TSH,79900059,https://powerfailure.tshwane.gov.za/Tshwanesms/Map.aspx,"-25.7724,28.2106|GROENKLOOF#0",2026-09-23 15:54:26.696532+00:00,2026-10-10 12:24:06.234248+00:00,404.49
-25.7733825,28.2119314,GROENKLOOF,WENNING STREET,TSH,79900059,https://powerfailure.tshwane.gov.za/Tshwanesms/Map.aspx,"-25.7734,28.2119|GROENKLOOF#0",2026-09-23 15:54:26.696532+00:00,2026-10-10 12:24:06.234248+00:00,404.49
-25.7733522,28.2144069,GROENKLOOF,LEIPOLDT STREET,TSH,79900059,https://powerfailure.tshwane.gov.za/Tshwanesms/Map.aspx,"-25.7734,28.2144|GROENKLOOF#0",2026-09-23 15:54:26.696532+00:00,2026-10-10 12:24:06.234248+00:00,404.49
-25.7733522,28.2144069,GROENKLOOF,FRANS OERDER STREET,TSH,79900059,https://powerfailure.tshwane.gov.za/Tshwanesms/Map.aspx,"-25.7734,28.2144|GROENKLOOF#1",2026-09-23 15:54:26.696532+00:00,2026-10-10 12:24:06.234248+00:00,404.49
-25.7733522,28.2144069,GROENKLOOF,TOTIUS STREET,TSH,79900059,https://powerfailure.tshwane.gov.za/Tshwanesms/Map.aspx,"-25.7734,28.2144|GROENKLOOF#2",2026-09-23 15:54:26.696532+00:00,2026-10-10 12:24:06.234248+00:00,404.49
-25.7733522,28.2144069,GROENKLOOF,KONINGIN WILHELMINA AVENUE,TSH,79900059,https://powerfailure.tshwane.gov.za/Tshwanesms/Map.aspx,"-25.7734,28.2144|GROENKLOOF#3",2026-09-23 15:54:26.696532+00:00,2026-10-10 12:24:06.234248+00:00,404.49
-25.7733522,28.2144069,GROENKLOOF,Totius Street,TSH,79900059,https://powerfailure.tshwane.gov.za/Tshwanesms/Map.aspx,"-25.7734,28.2144|GROENKLOOF#4",2026-09-23 15:54:26.696532+00:00,2026-10-10 12:24:06.234248+00:00,404.49
-25.7743175,28.1779529,GROENKLOOF 358-JR,NO STREET,TSH,79900059,https://powerfailure.tshwane.gov.za/Tshwanesms/Map.aspx,"-25.7743,28.1780|GROENKLOOF 358-JR#0",2026-09-23 15:54:26.696532+00:00,2026-10-10 12:24:06.234248+00:00,404.49
-25.6663588,28.2721855,HARTEBEESTFONTEIN 324-JR,HORNBILL AVENUE,TSH,79900005,https://powerfailure.tshwane.gov.za/Tshwanesms/Map.aspx,"-25.6664,28.2722|HARTEBEESTFONTEIN 324-JR#0",2026-10-09 19:30:15.533813+00:00,2026-10-10 12:24:06.234248+00:00,16.9
-25.8487966,28.1714077,HENNOPSPARK,OLIVE ROAD,TSH,79900066,https://powerfailure.tshwane.gov.za/Tshwanesms/Map.aspx,"-25.8488,28.1714|HENNOPSPARK#0",2026-10-10 12:24:06.234248+00:00,2026-10-10 12:24:06.234248+00:00,0.0
-25.849774,28.1741925,HENNOPSPARK,MAROELA ROAD,TSH,79900066,https://powerfailure.tshwane.gov.za/Tshwanesms/Map.aspx,"-25.8498,28.1742|HENNOPSPARK#0",2026-10-10 12:24:06.234248+00:00,2026-10-10 12:24:06.234248+00:00,0.0
-25.8509955,28.1712967,HENNOPSPARK,OLIVE ROAD,TSH,79900066,https://powerfailure.tshwane.gov.za/Tshwanesms/Map.aspx,"-25.8510,28.1713|HENNOPSPARK#0",2026-10-10 12:24:06.234248+00:00,2026-10-10 12:24:06.234248+00:00,0.0
-25.8457053,28.1688609,HENNOPSPARK X01,DIRK VILJOEN ROAD,TSH,79900066,https://powerfailure.tshwane.gov.za/Tshwanesms/Map.aspx,"-25.8457,28.1689|HENNOPSPARK X01#0",2026-10-10 12:24:06.234248+00:00,2026-10-10 12:24:06.234248+00:00,0.0
-25.8556233,28.1718984,HENNOPSPARK X04,ANDERSON STREET,TSH,79900066,https://powerfailure.tshwane.gov.za/Tshwanesms/Map.aspx,"-25.8556,28.1719|HENNOPSPARK X04#0",2026-10-10 12:24:06.234248+00:00,2026-10-10 12:24:06.234248+00:00,0.0
-25.7655654,28.2628467,LYNNWOOD,THE RAND,TSH,79900082,https://powerfailure.tshwane.gov.za/Tshwanesms/Map.aspx,"-25.7656,28.2628|LYNNWOOD#0",2026-10-07 10:10:01.835441+00:00,2026-10-10 12:24:06.234248+00:00,74.23
-25.7709855,28.2689874,LYNNWOOD,HILLENSBERG,TSH,79900082,https://powerfailure.tshwane.gov.za/Tshwanesms/Map.aspx,"-25.7710,28.2690|LYNNWOOD#0",2026-10-07 10:10:01.835441+00:00,2026-10-10 12:24:06.234248+00:00,74.23
-25.8265015,28.3018509,MORELETAPARK X63,CORKWOOD CLOSE,TSH,79900045,https://powerfailure.tshwane.gov.za/Tshwanesms/Map.aspx,"-25.8265,28.3019|MORELETAPARK X63#0",2026-09-29 08:23:13.536342+00:00,2026-10-10 12:24:06.234248+00:00,268.01
-25.826631,28.3022326,MORELETAPARK X63,CORKWOOD CLOSE,TSH,79900045,https://powerfailure.tshwane.gov.za/Tshwanesms/Map.aspx,"-25.8266,28.3022|MORELETAPARK X63#0",2026-09-29 08:23:13.536342+00:00,2026-10-10 12:24:06.234248+00:00,268.01
-25.8234531,28.3035289,MORELETAPARK X63,ROCKWOOD CRESCENT,TSH,79900045,https://powerfailure.tshwane.gov.za/Tshwanesms/Map.aspx,"-25.8235,28.3035|MORELETAPARK X63#0",2026-09-29 08:23:13.536342+00:00,2026-10-10 12:24:06.234248+00:00,268.01
-25.8238352,28.3086274,MORELETAPARK X63,ROCKWOOD CRESCENT,TSH,79900045,https://powerfailure.tshwane.gov.za/Tshwanesms/Map.aspx,"-25.8238,28.3086|MORELETAPARK X63#0",2026-09-29 08:23:13.536342+00:00,2026-10-10 12:24:06.234248+00:00,268.01
-25.8258666,28.3022402,MORELETAPARK X63,CEDARWOOD CRESCENT,TSH,79900045,https://powerfailure.tshwane.gov.za/Tshwanesms/Map.aspx,"-25.8259,28.3022|MORELETAPARK X63#0",2026-09-29 08:23:13.536342+00:00,2026-10-10 12:24:06.234248+00:00,268.01
-25.8236819,28.3042804,MORELETAPARK X63,ROCKWOOD CRESCENT,TSH,79900045,https://powerfailure.tshwane.gov.za/Tshwanesms/Map.aspx,"-25.8237,28.3043|MORELETAPARK X63#0",2026-09-29 08:23:13.536342+00:00,2026-10-10 12:24:06.234248+00:00,268.01
-25.8245591,28.3055428,MORELETAPARK X63,FEVERWOOD PLACE,TSH,79900045,https://powerfailure.tshwane.gov.za/Tshwanesms/Map.aspx,"-25.8246,28.3055|MORELETAPARK X63#0",2026-09-29 08:23:13.536342+00:00,2026-10-10 12:24:06.234248+00:00,268.01
-25.8423553,28.296761,MORELETAPARK X51,MANYELETI STREET,TSH,79900091,https://powerfailure.tshwane.gov.za/Tshwanesms/Map.aspx,"-25.8424,28.2968|MORELETAPARK X51#0",2026-10-10 00:00:01.978931+00:00,2026-10-10 12:24:06.234248+00:00,12.4
-25.8428035,28.2972272,MORELETAPARK X60,LONDOLOZI STREET,TSH,79900091,https://powerfailure.tshwane.gov.za/Tshwanesms/Map.aspx,"-25.8428,28.2972|MORELETAPARK X60#0",2026-09-29 08:23:13.536342+00:00,2026-10-10 12:24:06.234248+00:00,268.01
-25.7021147,28.1485732,MOUNTAIN VIEW X01,SAREL AVE,TSH,79900001,https://powerfailure.tshwane.gov.za/Tshwanesms/Map.aspx,"-25.7021,28.1486|MOUNTAIN VIEW X01#0",2026-10-10 05:43:32.746880+00:00,2026-10-10 12:24:06.234248+00:00,6.68
-25.6602328,28.1732365,PRETORIA NORTH,PAGEL STREET,TSH,79900002,https://powerfailure.tshwane.gov.za/Tshwanesms/Map.aspx,"-25.6602,28.1732|PRETORIA NORTH#0",2026-10-04 06:47:51.169722+00:00,2026-10-10 12:24:06.234248+00:00,149.6
-25.6614848,28.1670018,PRETORIA NORTH,WEST STREET,TSH,79900002,https://powerfailure.tshwane.gov.za/Tshwanesms/Map.aspx,"-25.6615,28.1670|PRETORIA NORTH#0",2026-10-04 00:33:07.418287+00:00,2026-10-10 12:24:06.234248+00:00,155.85
-25.6627241,28.1747575,PRETORIA NORTH,BEN VILJOEN STREET,TSH,79900002,https://powerfailure.tshwane.gov.za/Tshwanesms/Map.aspx,"-25.6627,28.1748|PRETORIA NORTH#0",2026-10-04 06:47:51.169722+00:00,2026-10-10 12:24:06.234248+00:00,149.6
-25.664116,28.1777794,PRETORIA NORTH,GENL BEYERS STREET,TSH,79900002,https://powerfailure.tshwane.gov.za/Tshwanesms/Map.aspx,"-25.6641,28.1778|PRETORIA NORTH#0",2026-10-04 06:47:51.169722+00:00,2026-10-10 12:24:06.234248+00:00,149.6
-25.6640413,28.1699214,PRETORIA NORTH,EEUFEES STREET,TSH,79900002,https://powerfailure.tshwane.gov.za/Tshwanesms/Map.aspx,"-25.6640,28.1699|PRETORIA NORTH#0",2026-10-04 06:47:51.169722+00:00,2026-10-10 12:24:06.234248+00:00,149.6
-25.664144,28.1722148,PRETORIA NORTH,BURGER STREET,TSH,79900002,https://powerfailure.tshwane.gov.za/Tshwanesms/Map.aspx,"-25.6641,28.1722|PRETORIA NORTH#0",2026-10-04 06:47:51.169722+00:00,2026-10-10 12:24:06.234248+00:00,149.6
-25.668251,28.1726857,PRETORIA NORTH,EMILY HOBHOUSE AVENUE,TSH,79900002,https://powerfailure.tshwane.gov.za/Tshwanesms/Map.aspx,"-25.6683,28.1727|PRETORIA NORTH#0",2026-10-04 06:47:51.169722+00:00,2026-10-10 12:24:06.234248+00:00,149.6
-25.668971,28.176828,PRETORIA NORTH,STASIE STREET,TSH,79900002,https://powerfailure.tshwane.gov.za/Tshwanesms/Map.aspx,"-25.6690,28.1768|PRETORIA NORTH#0",2026-10-04 13:09:40.651455+00:00,2026-10-10 12:24:06.234248+00:00,143.24
-25.669358,28.1752205,PRETORIA NORTH,STASIE STREET,TSH,79900002,https://powerfailure.tshwane.gov.za/Tshwanesms/Map.aspx,"-25.6694,28.1752|PRETORIA NORTH#0",2026-10-02 12:24:50.491552+00:00,2026-10-10 12:24:06.234248+00:00,191.99
-25.6709042,28.1725023,PRETORIA NORTH,EMILY HOBHOUSE AVENUE,TSH,79900002,https://powerfailure.tshwane.gov.za/Tshwanesms/Map.aspx,"-25.6709,28.1725|PRETORIA NORTH#0",2026-10-04 06:47:51.169722+00:00,2026-10-10 12:24:06.234248+00:00,149.6
-25.6712205,28.1687625,PRETORIA NORTH,GENL DE WET ROAD,TSH,79900002,https://powerfailure.tshwane.gov.za/Tshwanesms/Map.aspx,"-25.6712,28.1688|PRETORIA NORTH#0",2026-10-04 00:33:07.418287+00:00,2026-10-10 12:24:06.234248+00:00,155.85
-25.6725297,28.1763381,PRETORIA NORTH,DANIE THERON STREET,TSH,79900002,https://powerfailure.tshwane.gov.za/Tshwanesms/Map.aspx,"-25.6725,28.1763|PRETORIA NORTH#0",2026-09-29 08:23:13.536342+00:00,2026-10-10 12:24:06.234248+00:00,268.01
-25.6727971,28.1754334,PRETORIA NORTH,DANIE THERON STREET,TSH,79900002,https://powerfailure.tshwane.gov.za/Tshwanesms/Map.aspx,"-25.6728,28.1754|PRETORIA NORTH#0",2026-10-04 06:47:51.169722+00:00,2026-10-10 12:24:06.234248+00:00,149.6
-25.6775362,28.1671457,PRETORIA NORTH,JACK HINDON STREET,TSH,79900002,https://powerfailure.tshwane.gov.za/Tshwanesms/Map.aspx,"-25.6775,28.1671|PRETORIA NORTH#0",2026-10-04 06:47:51.169722+00:00,2026-10-10 12:24:06.234248+00:00,149.6
-25.680142,28.17426,PRETORIA NORTH,BRITS ROAD,TSH,79900002,https://powerfailure.tshwane.gov.za/Tshwanesms/Map.aspx,"-25.6801,28.1743|PRETORIA NORTH#0",2026-09-23 15:54:26.696532+00:00,2026-10-10 12:24:06.234248+00:00,404.49
-25.6805877,28.1677604,PRETORIA NORTH,JACK HINDON STREET,TSH,79900002,https://powerfailure.tshwane.gov.za/Tshwanesms/Map.aspx,"-25.6806,28.1678|PRETORIA NORTH#0",2026-10-04 06:47:51.169722+00:00,2026-10-10 12:24:06.234248+00:00,149.6
-25.6813374,28.1788598,PRETORIA NORTH,JAN VAN RIEBEECK STREET,TSH,79900002,https://powerfailure.tshwane.gov.za/Tshwanesms/Map.aspx,"-25.6813,28.1789|PRETORIA NORTH#0",2026-10-04 06:47:51.169722+00:00,2026-10-10 12:24:06.234248+00:00,149.6
-25.6811843,28.1814161,PRETORIA NORTH,BRITS ROAD,TSH,79900002,https://powerfailure.tshwane.gov.za/Tshwanesms/Map.aspx,"-25.6812,28.1814|PRETORIA NORTH#0",2026-10-02 12:24:50.491552+00:00,2026-10-10 12:24:06.234248+00:00,191.99
-25.6816438,28.1730722,PRETORIA NORTH,BEN VILJOEN STREET,TSH,79900002,https://powerfailure.tshwane.gov.za/Tshwanesms/Map.aspx,"-25.6816,28.1731|PRETORIA NORTH#0",2026-10-07 23:02:05.111773+00:00,2026-10-10 12:24:06.234248+00:00,61.37
-25.6817275,28.1707993,PRETORIA NORTH,BURGER STREET,TSH,79900002,https://powerfailure.tshwane.gov.za/Tshwanesms/Map.aspx,"-25.6817,28.1708|PRETORIA NORTH#0",2026-10-04 06:47:51.169722+00:00,2026-10-10 12:24:06.234248+00:00,149.6
-25.6836933,28.17709,PRETORIA NORTH,SUIDER STREET,TSH,79900002,https://powerfailure.tshwane.gov.za/Tshwanesms/Map.aspx,"-25.6837,28.1771|PRETORIA NORTH#0",2026-10-04 13:09:40.651455+00:00,2026-10-10 12:24:06.234248+00:00,143.24
-25.6847892,28.1783925,PRETORIA NORTH,JAN VAN RIEBEECK STREET,TSH,79900002,https://powerfailure.tshwane.gov.za/Tshwanesms/Map.aspx,"-25.6848,28.1784|PRETORIA NORTH#0",2026-10-04 06:47:51.169722+00:00,2026-10-10 12:24:06.234248+00:00,149.6
-25.6854467,28.1734508,PRETORIA NORTH,BEN VILJOEN STREET,TSH,79900002,https://powerfailure.tshwane.gov.za/Tshwanesms/Map.aspx,"-25.6854,28.1735|PRETORIA NORTH#0",2026-10-04 00:33:07.418287+00:00,2026-10-10 12:24:06.234248+00:00,155.85
-25.6802779,28.1806821,PRETORIA NORTH,HOWARD STREET,TSH,79900002,https://powerfailure.tshwane.gov.za/Tshwanesms/Map.aspx,"-25.6803,28.1807|PRETORIA NORTH#0",2026-10-04 06:47:51.169722+00:00,2026-10-10 12:24:06.234248+00:00,149.6
-25.6809064,28.1731682,PRETORIA NORTH,BEN VILJOEN STREET,TSH,79900002,https://powerfailure.tshwane.gov.za/Tshwanesms/Map.aspx,"-25.6809,28.1732|PRETORIA NORTH#0",2026-10-02 18:22:22.786014+00:00,2026-10-10 12:24:06.234248+00:00,186.03
-25.6809064,28.1731682,PRETORIA NORTH,BEN VILJOEN STREET,TSH,79900002,https://powerfailure.tshwane.gov.za/Tshwanesms/Map.aspx,"-25.6809,28.1732|PRETORIA NORTH#1",2026-10-04 06:47:51.169722+00:00,2026-10-10 12:24:06.234248+00:00,149.6
-25.6809064,28.1731682,PRETORIA NORTH,BEN VILJOEN STREET,TSH,79900002,https://powerfailure.tshwane.gov.za/Tshwanesms/Map.aspx,"-25.6809,28.1732|PRETORIA NORTH#2",2026-10-04 06:47:51.169722+00:00,2026-10-10 12:24:06.234248+00:00,149.6
-25.6779751,28.17428,PRETORIA NORTH,BEN VILJOEN STREET,TSH,79900002,https://powerfailure.tshwane.gov.za/Tshwanesms/Map.aspx,"-25.6780,28.1743|PRETORIA NORTH#0",2026-10-02 12:24:50.491552+00:00,2026-10-10 12:24:06.234248+00:00,191.99
-25.6404765,28.5314179,REFILWE,ZWANE,TSH,79900099,https://powerfailure.tshwane.gov.za/Tshwanesms/Map.aspx,"-25.6405,28.5314|REFILWE#0",2026-10-07 23:02:05.111773+00:00,2026-10-10 12:24:06.234248+00:00,61.37
-25.7174084,28.2284395,VILLIERIA,25TH AVENUE,TSH,79900053,https://powerfailure.tshwane.gov.za/Tshwanesms/Map.aspx,"-25.7174,28.2284|VILLIERIA#0",2026-10-07 23:02:05.111773+00:00,2026-10-10 12:24:06.234248+00:00,61.37
-25.718878,28.2314484,VILLIERIA,NICO SMITH STREET,TSH,79900053,https://powerfailure.tshwane.gov.za/Tshwanesms/Map.aspx,"-25.7189,28.2314|VILLIERIA#0",2026-10-07 23:02:05.111773+00:00,2026-10-10 12:24:06.234248+00:00,61.37
-25.7761005,28.333668,WAPADRAND X01,NAVE-RING AVENUE,TSH,79900085,https://powerfailure.tshwane.gov.za/Tshwanesms/Map.aspx,"-25.7761,28.3337|WAPADRAND X01#0",2026-09-29 08:23:13.536342+00:00,2026-10-10 12:24:06.234248+00:00,268.01
-25.6512885,28.0910329,THE ORCHARDS X11,DEEKS ROAD,TSH,79900004,https://powerfailure.tshwane.gov.za/Tshwanesms/Map.aspx,"-25.6513,28.0910|THE ORCHARDS X11#0",2026-10-03 13:19:32.931617+00:00,2026-10-10 12:24:06.234248+00:00,167.08
-25.5131719,28.0965336,SOSHANGUVE-F,STAND 2175,TSH,79900029,https://powerfailure.tshwane.gov.za/Tshwanesms/Map.aspx,"-25.5132,28.0965|SOSHANGUVE-F#0",2026-09-23 15:54:26.696532+00:00,2026-10-10 12:24:06.234248+00:00,404.49
-25.6401288,28.1933843,DE ONDERSTEPOORT 300-JR,PL GV-01-03N,TSH,79900096,https://powerfailure.tshwane.gov.za/Tshwanesms/Map.aspx,"-25.6401,28.1934|DE ONDERSTEPOORT 300-JR#0",2026-10-05 22:35:03.937620+00:00,2026-10-10 12:24:06.234248+00:00,109.82
-25.6926318,28.3265848,DERDEPOORT 326-JR,PL BP-104-27-02,TSH,79900087,https://powerfailure.tshwane.gov.za/Tshwanesms/Map.aspx,"-25.6926,28.3266|DERDEPOORT 326-JR#0",2026-10-08 10:27:19.292786+00:00,2026-10-10 12:24:06.234248+00:00,49.95
-25.6809006,28.3189672,DERDEPOORT 326-JR,SEFAKO MAKGATHO DRIVE,TSH,79900087,https://powerfailure.tshwane.gov.za/Tshwanesms/Map.aspx,"-25.6809,28.3190|DERDEPOORT 326-JR#0",2026-10-08 10:27:19.292786+00:00,2026-10-10 12:24:06.234248+00:00,49.95
-25.6909128,28.2955364,DERDEPOORT 326-JR,INTABA STREET,TSH,79900087,https://powerfailure.tshwane.gov.za/Tshwanesms/Map.aspx,"-25.6909,28.2955|DERDEPOORT 326-JR#0",2026-10-08 10:27:19.292786+00:00,2026-10-10 12:24:06.234248+00:00,49.95
-25.6823743,28.3221435,DERDEPOORT 326-JR,PL BP-130-02-02,TSH,79900087,https://powerfailure.tshwane.gov.za/Tshwanesms/Map.aspx,"-25.6824,28.3221|DERDEPOORT 326-JR#0",2026-10-08 10:27:19.292786+00:00,2026-10-10 12:24:06.234248+00:00,49.95
-25.6711018,28.1592135,DORANDIA X04,CILIARIS STREET,TSH,79900098,https://powerfailure.tshwane.gov.za/Tshwanesms/Map.aspx,"-25.6711,28.1592|DORANDIA X04#0",2026-10-09 13:08:42.013082+00:00,2026-10-10 12:24:06.234248+00:00,23.26
-25.6728403,28.1580607,DORANDIA X04,ANGELICA STREET,TSH,79900098,https://powerfailure.tshwane.gov.za/Tshwanesms/Map.aspx,"-25.6728,28.1581|DORANDIA X04#0",2026-10-09 13:08:42.013082+00:00,2026-10-10 12:24:06.234248+00:00,23.26
-25.6733713,28.1556962,DORANDIA X09,PRUINOSA STREET,TSH,79900098,https://powerfailure.tshwane.gov.za/Tshwanesms/Map.aspx,"-25.6734,28.1557|DORANDIA X09#0",2026-10-09 13:08:42.013082+00:00,2026-10-10 12:24:06.234248+00:00,23.26
-25.8585511,28.2018804,DORINGKLOOF,LOUISE STREET,TSH,79900078,https://powerfailure.tshwane.gov.za/Tshwanesms/Map.aspx,"-25.8586,28.2019|DORINGKLOOF#0",2026-09-23 15:54:26.696532+00:00,2026-10-10 12:24:06.234248+00:00,404.49
-25.8571181,28.2029761,DORINGKLOOF,LOUISE STREET,TSH,79900078,https://powerfailure.tshwane.gov.za/Tshwanesms/Map.aspx,"-25.8571,28.2030|DORINGKLOOF#0",2026-09-23 15:54:26.696532+00:00,2026-10-10 12:24:06.234248+00:00,404.49
-25.8509857,28.2077506,DORINGKLOOF,BASHEE AVENUE,TSH,79900078,https://powerfailure.tshwane.gov.za/Tshwanesms/Map.aspx,"-25.8510,28.2078|DORINGKLOOF#0",2026-09-23 15:54:26.696532+00:00,2026-10-10 12:24:06.234248+00:00,404.49
-25.8542646,28.2142192,DORINGKLOOF,TUGELA AVENUE,TSH,79900078,https://powerfailure.tshwane.gov.za/Tshwanesms/Map.aspx,"-25.8543,28.2142|DORINGKLOOF#0",2026-09-23 15:54:26.696532+00:00,2026-10-10 12:24:06.234248+00:00,404.49
-25.8550053,28.210239,DORINGKLOOF,ORANJE AVENUE,TSH,79900078,https://powerfailure.tshwane.gov.za/Tshwanesms/Map.aspx,"-25.8550,28.2102|DORINGKLOOF#0",2026-09-23 15:54:26.696532+00:00,2026-10-10 12:24:06.234248+00:00,404.49
-25.5536892,28.1006348,SOSHANGUVE-M X01,STAND 3212,TSH,79900036,https://powerfailure.tshwane.gov.za/Tshwanesms/Map.aspx,"-25.5537,28.1006|SOSHANGUVE-M X01#0",2026-09-29 20:42:53.961596+00:00,2026-10-10 12:24:06.234248+00:00,255.69
-25.6705368,27.8841838,ZILKAATSNEK 439-JQ,ZN-050-22N-01W,NW372,63702019,https://powerfailure.tshwane.gov.za/Tshwanesms/Map.aspx,"-25.6705,27.8842|ZILKAATSNEK 439-JQ#0",2026-10-09 13:08:42.013082+00:00,2026-10-10 12:24:06.234248+00:00,23.26
-25.7104204,28.2903061,JAN NIEMANDPARK,SUIKERBEKKIE STREET,TSH,79900043,https://powerfailure.tshwane.gov.za/Tshwanesms/Map.aspx,"-25.7104,28.2903|JAN NIEMANDPARK#0",2026-10-10 12:24:06.234248+00:00,2026-10-10 12:24:06.234248+00:00,0.0
-25.7197964,28.2597365,KILNER PARK X01,ANNA WILSON STREET,TSH,79900084,https://powerfailure.tshwane.gov.za/Tshwanesms/Map.aspx,"-25.7198,28.2597|KILNER PARK X01#0",2026-10-08 10:27:19.292786+00:00,2026-10-10 12:24:06.234248+00:00,49.95
-25.8595968,28.1652988,BRONBERRIK,ROSCOMMON ROAD,TSH,79900066,https://powerfailure.tshwane.gov.za/Tshwanesms/Map.aspx,"-25.8596,28.1653|BRONBERRIK#0",2026-10-10 12:24:06.234248+00:00,2026-10-10 12:24:06.234248+00:00,0.0
-25.8608509,28.1686213,BRONBERRIK,PINE AVENUE,TSH,79900066,https://powerfailure.tshwane.gov.za/Tshwanesms/Map.aspx,"-25.8609,28.1686|BRONBERRIK#0",2026-10-10 12:24:06.234248+00:00,2026-10-10 12:24:06.234248+00:00,0.0
-25.7238641,28.1858964,CAPITAL PARK,MYBURGH STREET,TSH,79900001,https://powerfailure.tshwane.gov.za/Tshwanesms/Map.aspx,"-25.7239,28.1859|CAPITAL PARK#0",2026-10-09 13:08:42.013082+00:00,2026-10-10 12:24:06.234248+00:00,23.26
-25.7244391,28.1862605,CAPITAL PARK,TROUW STREET,TSH,79900001,https://powerfailure.tshwane.gov.za/Tshwanesms/Map.aspx,"-25.7244,28.1863|CAPITAL PARK#0",2026-10-09 13:08:42.013082+00:00,2026-10-10 12:24:06.234248+00:00,23.26
-25.7250886,28.1844262,CAPITAL PARK,TROUW STREET,TSH,79900001,https://powerfailure.tshwane.gov.za/Tshwanesms/Map.aspx,"-25.7251,28.1844|CAPITAL PARK#0",2026-10-09 13:08:42.013082+00:00,2026-10-10 12:24:06.234248+00:00,23.26
-25.459137,28.0930706,SOSHANGUVE-GG,JIKELEZA STREET,TSH,79900094,https://powerfailure.tshwane.gov.za/Tshwanesms/Map.aspx,"-25.4591,28.0931|SOSHANGUVE-GG#0",2026-09-28 15:21:37.292442+00:00,2026-10-10 12:24:06.234248+00:00,285.04
-25.467253,28.089295,SOSHANGUVE-GG,STAND 835,TSH,79900094,https://powerfailure.tshwane.gov.za/Tshwanesms/Map.aspx,"-25.4673,28.0893|SOSHANGUVE-GG#0",2026-09-30 23:43:30.173884+00:00,2026-10-10 12:24:06.234248+00:00,228.68
-25.4601352,28.1008835,SOSHANGUVE-GG,REDIBONE STREET,TSH,79900094,https://powerfailure.tshwane.gov.za/Tshwanesms/Map.aspx,"-25.4601,28.1009|SOSHANGUVE-GG#0",2026-10-10 00:00:01.978931+00:00,2026-10-10 12:24:06.234248+00:00,12.4
-25.5174267,28.1105226,SOSHANGUVE-H,STAND 439,TSH,79900034,https://powerfailure.tshwane.gov.za/Tshwanesms/Map.aspx,"-25.5174,28.1105|SOSHANGUVE-H#0",2026-09-29 20:42:53.961596+00:00,2026-10-10 12:24:06.234248+00:00,255.69
-25.5172761,28.1080163,SOSHANGUVE-H,STAND 840,TSH,79900034,https://powerfailure.tshwane.gov.za/Tshwanesms/Map.aspx,"-25.5173,28.1080|SOSHANGUVE-H#0",2026-09-29 20:42:53.961596+00:00,2026-10-10 12:24:06.234248+00:00,255.69
-25.5222057,28.1026051,SOSHANGUVE-H,STAND 1499,TSH,79900034,https://powerfailure.tshwane.gov.za/Tshwanesms/Map.aspx,"-25.5222,28.1026|SOSHANGUVE-H#0",2026-09-29 20:42:53.961596+00:00,2026-10-10 12:24:06.234248+00:00,255.69
-25.4462699,28.0901668,SOSHANGUVE-HH,STAND 430,TSH,79900011,https://powerfailure.tshwane.gov.za/Tshwanesms/Map.aspx,"-25.4463,28.0902|SOSHANGUVE-HH#0",2026-10-09 19:30:15.533813+00:00,2026-10-10 12:24:06.234248+00:00,16.9
-25.6461997,28.2374159,DOORNPOORT,SERINGBOOM ROAD,TSH,79900096,https://powerfailure.tshwane.gov.za/Tshwanesms/Map.aspx,"-25.6462,28.2374|DOORNPOORT#0",2026-09-25 10:58:56.127220+00:00,2026-10-10 12:24:06.234248+00:00,361.42
-25.648819,28.2342426,DOORNPOORT,AIRPORT ROAD,TSH,79900096,https://powerfailure.tshwane.gov.za/Tshwanesms/Map.aspx,"-25.6488,28.2342|DOORNPOORT#0",2026-09-25 10:58:56.127220+00:00,2026-10-10 12:24:06.234248+00:00,361.42
-25.6487865,28.2482302,DOORNPOORT X06,AIRPORT ROAD,TSH,79900096,https://powerfailure.tshwane.gov.za/Tshwanesms/Map.aspx,"-25.6488,28.2482|DOORNPOORT X06#0",2026-09-25 10:58:56.127220+00:00,2026-10-10 12:24:06.234248+00:00,361.42
-25.6585431,28.2502256,DOORNPOORT X31,DR V D MERWE ROAD,TSH,79900096,https://powerfailure.tshwane.gov.za/Tshwanesms/Map.aspx,"-25.6585,28.2502|DOORNPOORT X31#0",2026-10-10 00:00:01.978931+00:00,2026-10-10 12:24:06.234248+00:00,12.4
-25.6585431,28.2502256,DOORNPOORT X31,DR V D MERWE ROAD,TSH,79900096,https://powerfailure.tshwane.gov.za/Tshwanesms/Map.aspx,"-25.6585,28.2502|DOORNPOORT X31#1",2026-10-10 12:24:06.234248+00:00,2026-10-10 12:24:06.234248+00:00,0.0
-25.6577505,28.25083,DOORNPOORT X31,DR V D MERWE ROAD,TSH,79900096,https://powerfailure.tshwane.gov.za/Tshwanesms/Map.aspx,"-25.6578,28.2508|DOORNPOORT X31#0",2026-10-10 05:43:32.746880+00:00,2026-10-10 12:24:06.234248+00:00,6.68
-25.6585956,28.252265,DOORNPOORT X31,ALECTRA CRESCENT,TSH,79900096,https://powerfailure.tshwane.gov.za/Tshwanesms/Map.aspx,"-25.6586,28.2523|DOORNPOORT X31#0",2026-10-09 19:30:15.533813+00:00,2026-10-10 12:24:06.234248+00:00,16.9
-25.6587476,28.2538796,DOORNPOORT X31,ALECTRA CRESCENT,TSH,79900096,https://powerfailure.tshwane.gov.za/Tshwanesms/Map.aspx,"-25.6587,28.2539|DOORNPOORT X31#0",2026-10-10 12:24:06.234248+00:00,2026-10-10 12:24:06.234248+00:00,0.0
-25.6527491,28.2520146,DOORNPOORT X32,RAMSHORN STREET,TSH,79900096,https://powerfailure.tshwane.gov.za/Tshwanesms/Map.aspx,"-25.6527,28.2520|DOORNPOORT X32#0",2026-10-09 13:08:42.013082+00:00,2026-10-10 12:24:06.234248+00:00,23.26
-25.6520065,28.2554905,DOORNPOORT X32,OVENBUSH STREET,TSH,79900096,https://powerfailure.tshwane.gov.za/Tshwanesms/Map.aspx,"-25.6520,28.2555|DOORNPOORT X32#0",2026-10-09 13:08:42.013082+00:00,2026-10-10 12:24:06.234248+00:00,23.26
-25.6541291,28.2554844,DOORNPOORT X33,LOOIWATTEL CRESCENT,TSH,79900096,https://powerfailure.tshwane.gov.za/Tshwanesms/Map.aspx,"-25.6541,28.2555|DOORNPOORT X33#0",2026-10-09 13:08:42.013082+00:00,2026-10-10 12:24:06.234248+00:00,23.26
-25.6526819,28.2574341,DOORNPOORT X34,VLAS STREET,TSH,79900096,https://powerfailure.tshwane.gov.za/Tshwanesms/Map.aspx,"-25.6527,28.2574|DOORNPOORT X34#0",2026-10-09 13:08:42.013082+00:00,2026-10-10 12:24:06.234248+00:00,23.26
-25.6551281,28.2580394,DOORNPOORT X34,CASSIA STREET,TSH,79900096,https://powerfailure.tshwane.gov.za/Tshwanesms/Map.aspx,"-25.6551,28.2580|DOORNPOORT X34#0",2026-10-09 19:30:15.533813+00:00,2026-10-10 12:24:06.234248+00:00,16.9
-25.6572015,28.2586079,DOORNPOORT X34,GREWIA STREET,TSH,79900096,https://powerfailure.tshwane.gov.za/Tshwanesms/Map.aspx,"-25.6572,28.2586|DOORNPOORT X34#0",2026-10-09 13:08:42.013082+00:00,2026-10-10 12:24:06.234248+00:00,23.26
-25.657183,28.2584098,DOORNPOORT X34,GREWIA STREET,TSH,79900096,https://powerfailure.tshwane.gov.za/Tshwanesms/Map.aspx,"-25.6572,28.2584|DOORNPOORT X34#0",2026-10-09 13:08:42.013082+00:00,2026-10-10 12:24:06.234248+00:00,23.26
-25.651954,28.2638096,DOORNPOORT X40,STRIGA STREET,TSH,79900096,https://powerfailure.tshwane.gov.za/Tshwanesms/Map.aspx,"-25.6520,28.2638|DOORNPOORT X40#0",2026-10-09 19:30:15.533813+00:00,2026-10-10 12:24:06.234248+00:00,16.9
-25.6510544,28.2647159,DOORNPOORT X40,RIVEA STREET,TSH,79900096,https://powerfailure.tshwane.gov.za/Tshwanesms/Map.aspx,"-25.6511,28.2647|DOORNPOORT X40#0",2026-10-09 13:08:42.013082+00:00,2026-10-10 12:24:06.234248+00:00,23.26
-25.6514382,28.2659415,DOORNPOORT X40,RIVEA STREET,TSH,79900096,https://powerfailure.tshwane.gov.za/Tshwanesms/Map.aspx,"-25.6514,28.2659|DOORNPOORT X40#0",2026-10-09 13:08:42.013082+00:00,2026-10-10 12:24:06.234248+00:00,23.26
-25.6521022,28.2697485,DOORNPOORT X41,STRIGA STREET,TSH,79900096,https://powerfailure.tshwane.gov.za/Tshwanesms/Map.aspx,"-25.6521,28.2697|DOORNPOORT X41#0",2026-10-09 13:08:42.013082+00:00,2026-10-10 12:24:06.234248+00:00,23.26
-25.6569623,28.2702615,DOORNPOORT 295-JR,FALCON STREET,TSH,79900096,https://powerfailure.tshwane.gov.za/Tshwanesms/Map.aspx,"-25.6570,28.2703|DOORNPOORT 295-JR#0",2026-10-09 13:08:42.013082+00:00,2026-10-10 12:24:06.234248+00:00,23.26
-25.8868683,28.2582444,DOORNKLOOF 391-JR,A36190,TSH,79900065,https://powerfailure.tshwane.gov.za/Tshwanesms/Map.aspx,"-25.8869,28.2582|DOORNKLOOF 391-JR#0",2026-10-10 12:24:06.234248+00:00,2026-10-10 12:24:06.234248+00:00,0.0
-25.7026875,28.2769918,EAST LYNNE,PAPEGAAI AVENUE,TSH,79900052,https://powerfailure.tshwane.gov.za/Tshwanesms/Map.aspx,"-25.7027,28.2770|EAST LYNNE#0",2026-10-07 23:02:05.111773+00:00,2026-10-10 12:24:06.234248+00:00,61.37
-25.7043802,28.2788445,EAST LYNNE,STEGMANN STREET,TSH,79900052,https://powerfailure.tshwane.gov.za/Tshwanesms/Map.aspx,"-25.7044,28.2788|EAST LYNNE#0",2026-10-10 12:24:06.234248+00:00,2026-10-10 12:24:06.234248+00:00,0.0
-25.7056625,28.3112177,EERSTERUST X06,FERGUSON CRESENT,TSH,79900043,https://powerfailure.tshwane.gov.za/Tshwanesms/Map.aspx,"-25.7057,28.3112|EERSTERUST X06#0",2026-10-09 19:30:15.533813+00:00,2026-10-10 12:24:06.234248+00:00,16.9
-25.7061152,28.3119961,EERSTERUST X06,FERGUSON CRESENT,TSH,79900043,https://powerfailure.tshwane.gov.za/Tshwanesms/Map.aspx,"-25.7061,28.3120|EERSTERUST X06#0",2026-10-09 19:30:15.533813+00:00,2026-10-10 12:24:06.234248+00:00,16.9
-25.6882863,28.1617876,FLORAUNA,GRYSDUIKER ROAD,TSH,79900002,https://powerfailure.tshwane.gov.za/Tshwanesms/Map.aspx,"-25.6883,28.1618|FLORAUNA#0",2026-10-09 13:08:42.013082+00:00,2026-10-10 12:24:06.234248+00:00,23.26
-25.7135672,28.2719949,LINDO PARK,ASTER STREET,TSH,79900052,https://powerfailure.tshwane.gov.za/Tshwanesms/Map.aspx,"-25.7136,28.2720|LINDO PARK#0",2026-10-03 08:01:40.485595+00:00,2026-10-10 12:24:06.234248+00:00,172.37
-25.712795,28.2743973,LINDO PARK,ASTER STREET,TSH,79900052,https://powerfailure.tshwane.gov.za/Tshwanesms/Map.aspx,"-25.7128,28.2744|LINDO PARK#0",2026-09-27 17:42:36.624279+00:00,2026-10-10 12:24:06.234248+00:00,306.69
-25.7147211,28.2795814,LINDO PARK X01,MAGNOLIA STREET,TSH,79900052,https://powerfailure.tshwane.gov.za/Tshwanesms/Map.aspx,"-25.7147,28.2796|LINDO PARK X01#0",2026-09-23 15:54:26.696532+00:00,2026-10-10 12:24:06.234248+00:00,404.49
-25.7145488,28.370893,MAMELODI,STAND 12591,TSH,79900023,https://powerfailure.tshwane.gov.za/Tshwanesms/Map.aspx,"-25.7145,28.3709|MAMELODI#0",2026-09-23 15:54:26.696532+00:00,2026-10-10 12:24:06.234248+00:00,404.49
-25.7144077,28.372878,MAMELODI,STAND 12705,TSH,79900023,https://powerfailure.tshwane.gov.za/Tshwanesms/Map.aspx,"-25.7144,28.3729|MAMELODI#0",2026-09-23 15:54:26.696532+00:00,2026-10-10 12:24:06.234248+00:00,404.49
-25.7163301,28.3776283,MAMELODI,MAFENYANE STREET,TSH,79900018,https://powerfailure.tshwane.gov.za/Tshwanesms/Map.aspx,"-25.7163,28.3776|MAMELODI#0",2026-09-23 15:54:26.696532+00:00,2026-10-10 12:24:06.234248+00:00,404.49
-25.7023324,28.3784561,MAMELODI,DUBE CRESCENT (STAND 19568),TSH,79900023,https://powerfailure.tshwane.gov.za/Tshwanesms/Map.aspx,"-25.7023,28.3785|MAMELODI#0",2026-09-27 21:17:44.521064+00:00,2026-10-10 12:24:06.234248+00:00,303.11
-25.7026252,28.3780795,MAMELODI,DUBE CRESCENT,TSH,79900023,https://powerfailure.tshwane.gov.za/Tshwanesms/Map.aspx,"-25.7026,28.3781|MAMELODI#0",2026-09-27 21:17:44.521064+00:00,2026-10-10 12:24:06.234248+00:00,303.11
-25.7070364,28.4125708,MAHUBE VALLEY X03,EMASANGWENI CRESCENT,TSH,79900017,https://powerfailure.tshwane.gov.za/Tshwanesms/Map.aspx,"-25.7070,28.4126|MAHUBE VALLEY X03#0",2026-09-30 23:43:30.173884+00:00,2026-10-10 12:24:06.234248+00:00,228.68
-25.7501077,28.3003486,MURRAYFIELD,ERIC STREET,TSH,79900041,https://powerfailure.tshwane.gov.za/Tshwanesms/Map.aspx,"-25.7501,28.3003|MURRAYFIELD#0",2026-10-08 17:51:27.458247+00:00,2026-10-10 12:24:06.234248+00:00,42.54
-25.7511048,28.3000928,MURRAYFIELD,ERIC STREET,TSH,79900041,https://powerfailure.tshwane.gov.za/Tshwanesms/Map.aspx,"-25.7511,28.3001|MURRAYFIELD#0",2026-10-08 10:27:19.292786+00:00,2026-10-10 12:24:06.234248+00:00,49.95
-25.7505382,28.3054128,MURRAYFIELD,NATALIE AVENUE,TSH,79900041,https://powerfailure.tshwane.gov.za/Tshwanesms/Map.aspx,"-25.7505,28.3054|MURRAYFIELD#0",2026-10-06 10:08:41.992184+00:00,2026-10-10 12:24:06.234248+00:00,98.26
-25.7522838,28.3093752,MURRAYFIELD,SHIRLEY AVENUE,TSH,79900041,https://powerfailure.tshwane.gov.za/Tshwanesms/Map.aspx,"-25.7523,28.3094|MURRAYFIELD#0",2026-10-08 17:51:27.458247+00:00,2026-10-10 12:24:06.234248+00:00,42.54
-25.7499128,28.3136639,MURRAYFIELD,NATALIE AVENUE,TSH,79900041,https://powerfailure.tshwane.gov.za/Tshwanesms/Map.aspx,"-25.7499,28.3137|MURRAYFIELD#0",2026-10-08 17:51:27.458247+00:00,2026-10-10 12:24:06.234248+00:00,42.54
-25.7548631,28.2941482,MURRAYFIELD X01,BROOKSIDE ROAD,TSH,79900046,https://powerfailure.tshwane.gov.za/Tshwanesms/Map.aspx,"-25.7549,28.2941|MURRAYFIELD X01#0",2026-09-30 06:38:52.006832+00:00,2026-10-10 12:24:06.234248+00:00,245.75
-25.7522547,28.297401,MURRAYFIELD X01,GLOUDINA ROAD,TSH,79900046,https://powerfailure.tshwane.gov.za/Tshwanesms/Map.aspx,"-25.7523,28.2974|MURRAYFIELD X01#0",2026-09-30 06:38:52.006832+00:00,2026-10-10 12:24:06.234248+00:00,245.75
-25.7538345,28.3033711,MURRAYFIELD X01,GLOUDINA ROAD,TSH,79900046,https://powerfailure.tshwane.gov.za/Tshwanesms/Map.aspx,"-25.7538,28.3034|MURRAYFIELD X01#0",2026-09-30 06:38:52.006832+00:00,2026-10-10 12:24:06.234248+00:00,245.75
-25.7538104,28.3000826,MURRAYFIELD X01,BRENDA ROAD,TSH,79900046,https://powerfailure.tshwane.gov.za/Tshwanesms/Map.aspx,"-25.7538,28.3001|MURRAYFIELD X01#0",2026-09-30 06:38:52.006832+00:00,2026-10-10 12:24:06.234248+00:00,245.75
-25.7539855,28.2969033,MURRAYFIELD X01,CAMELLIA AVENUE,TSH,79900046,https://powerfailure.tshwane.gov.za/Tshwanesms/Map.aspx,"-25.7540,28.2969|MURRAYFIELD X01#0",2026-09-30 06:38:52.006832+00:00,2026-10-10 12:24:06.234248+00:00,245.75
-25.7370663,28.3465997,NELLMAPIUS,SWARTKOPPIES AVENUE,TSH,79900086,https://powerfailure.tshwane.gov.za/Tshwanesms/Map.aspx,"-25.7371,28.3466|NELLMAPIUS#0",2026-09-26 14:25:10.204350+00:00,2026-10-10 12:24:06.234248+00:00,333.98
-25.7395026,28.3494249,NELLMAPIUS,BARBERTON AVENUE,TSH,79900086,https://powerfailure.tshwane.gov.za/Tshwanesms/Map.aspx,"-25.7395,28.3494|NELLMAPIUS#0",2026-09-26 14:25:10.204350+00:00,2026-10-10 12:24:06.234248+00:00,333.98
-25.7362541,28.3682951,NELLMAPIUS X03,KAIZER CHIEFS ROAD,TSH,79900086,https://powerfailure.tshwane.gov.za/Tshwanesms/Map.aspx,"-25.7363,28.3683|NELLMAPIUS X03#0",2026-09-23 15:54:26.696532+00:00,2026-10-10 12:24:06.234248+00:00,404.49
-25.7367774,28.3687399,NELLMAPIUS X03,JOMO COSMOS STREET,TSH,79900086,https://powerfailure.tshwane.gov.za/Tshwanesms/Map.aspx,"-25.7368,28.3687|NELLMAPIUS X03#0",2026-09-23 15:54:26.696532+00:00,2026-10-10 12:24:06.234248+00:00,404.49
-25.7400064,28.3749565,NELLMAPIUS X03,AFRICAN WANDERERS ROAD,TSH,79900086,https://powerfailure.tshwane.gov.za/Tshwanesms/Map.aspx,"-25.7400,28.3750|NELLMAPIUS X03#0",2026-09-24 11:52:55.215094+00:00,2026-10-10 12:24:06.234248+00:00,384.52
-25.7299982,28.3594319,NELLMAPIUS X04,ITEKELA STREET,TSH,79900028,https://powerfailure.tshwane.gov.za/Tshwanesms/Map.aspx,"-25.7300,28.3594|NELLMAPIUS X04#0",2026-09-23 15:54:26.696532+00:00,2026-10-10 12:24:06.234248+00:00,404.49
-25.732499,28.3592894,NELLMAPIUS X04,POELANO STREET,TSH,79900028,https://powerfailure.tshwane.gov.za/Tshwanesms/Map.aspx,"-25.7325,28.3593|NELLMAPIUS X04#0",2026-09-26 14:25:10.204350+00:00,2026-10-10 12:24:06.234248+00:00,333.98
-25.7247857,28.2118343,RIETFONTEIN,13TH AVENUE,TSH,79900053,https://powerfailure.tshwane.gov.za/Tshwanesms/Map.aspx,"-25.7248,28.2118|RIETFONTEIN#0",2026-10-09 13:08:42.013082+00:00,2026-10-10 12:24:06.234248+00:00,23.26
-25.6778938,28.199366,SINOVILLE,SEFAKO MAKGATHO DRIVE,TSH,79900050,https://powerfailure.tshwane.gov.za/Tshwanesms/Map.aspx,"-25.6779,28.1994|SINOVILLE#0",2026-10-05 15:56:27.539408+00:00,2026-10-10 12:24:06.234248+00:00,116.46
-25.6776796,28.2067204,SINOVILLE,MIRIANA STREET,TSH,79900050,https://powerfailure.tshwane.gov.za/Tshwanesms/Map.aspx,"-25.6777,28.2067|SINOVILLE#0",2026-10-06 17:09:53.951304+00:00,2026-10-10 12:24:06.234248+00:00,91.24
-25.6781018,28.2069732,SINOVILLE,MARICO AVENUE,TSH,79900050,https://powerfailure.tshwane.gov.za/Tshwanesms/Map.aspx,"-25.6781,28.2070|SINOVILLE#0",2026-10-06 17:09:53.951304+00:00,2026-10-10 12:24:06.234248+00:00,91.24
-25.7128059,28.1057582,ZANDFONTEIN 317-JR,PL G 006-01,TSH,79900055,https://powerfailure.tshwane.gov.za/Tshwanesms/Map.aspx,"-25.7128,28.1058|ZANDFONTEIN 317-JR#0",2026-10-09 19:30:15.533813+00:00,2026-10-10 12:24:06.234248+00:00,16.9
-25.6873753,28.2626998,MONTANA PARK X01,RIETHAAN STREET,TSH,79900005,https://powerfailure.tshwane.gov.za/Tshwanesms/Map.aspx,"-25.6874,28.2627|MONTANA PARK X01#0",2026-10-08 23:17:48.201218+00:00,2026-10-10 12:24:06.234248+00:00,37.11
-25.6902257,28.254204,MONTANA PARK X05,AFONSO DRIVE,TSH,79900005,https://powerfailure.tshwane.gov.za/Tshwanesms/Map.aspx,"-25.6902,28.2542|MONTANA PARK X05#0",2026-10-04 06:47:51.169722+00:00,2026-10-10 12:24:06.234248+00:00,149.6
-25.6906531,28.2657401,MONTANA PARK X25,HORRIDUS PLACE,TSH,79900005,https://powerfailure.tshwane.gov.za/Tshwanesms/Map.aspx,"-25.6907,28.2657|MONTANA PARK X25#0",2026-10-07 10:10:01.835441+00:00,2026-10-10 12:24:06.234248+00:00,74.23
-25.6901871,28.2651136,MONTANA PARK X20,STANGERIA ROAD,TSH,79900005,https://powerfailure.tshwane.gov.za/Tshwanesms/Map.aspx,"-25.6902,28.2651|MONTANA PARK X20#0",2026-09-23 15:54:26.696532+00:00,2026-10-10 12:24:06.234248+00:00,404.49
-25.6872578,28.2597651,MONTANA PARK X40,DABCHICK STREET,TSH,79900005,https://powerfailure.tshwane.gov.za/Tshwanesms/Map.aspx,"-25.6873,28.2598|MONTANA PARK X40#0",2026-09-23 15:54:26.696532+00:00,2026-10-10 12:24:06.234248+00:00,404.49
-25.7611028,28.3269441,EQUESTRIA X68,OUKLIPMUUR AVENUE,TSH,79900085,https://powerfailure.tshwane.gov.za/Tshwanesms/Map.aspx,"-25.7611,28.3269|EQUESTRIA X68#0",2026-09-29 08:23:13.536342+00:00,2026-10-10 12:24:06.234248+00:00,268.01
-25.7679739,28.3405875,EQUESTRIA X91,SUMMERHILL,TSH,79900085,https://powerfailure.tshwane.gov.za/Tshwanesms/Map.aspx,"-25.7680,28.3406|EQUESTRIA X91#0",2026-09-29 08:23:13.536342+00:00,2026-10-10 12:24:06.234248+00:00,268.01
-25.7710307,28.3354266,EQUESTRIA X89,CURA AVENUE,TSH,79900085,https://powerfailure.tshwane.gov.za/Tshwanesms/Map.aspx,"-25.7710,28.3354|EQUESTRIA X89#0",2026-09-29 08:23:13.536342+00:00,2026-10-10 12:24:06.234248+00:00,268.01
-25.7598986,28.3308739,EQUESTRIA X111,GLEN AVENUE,TSH,79900085,https://powerfailure.tshwane.gov.za/Tshwanesms/Map.aspx,"-25.7599,28.3309|EQUESTRIA X111#0",2026-09-29 08:23:13.536342+00:00,2026-10-10 12:24:06.234248+00:00,268.01
-25.7673413,28.3316597,EQUESTRIA X146,FEATHER DUSTER CRESCENT,TSH,79900085,https://powerfailure.tshwane.gov.za/Tshwanesms/Map.aspx,"-25.7673,28.3317|EQUESTRIA X146#0",2026-09-29 08:23:13.536342+00:00,2026-10-10 12:24:06.234248+00:00,268.01
-25.5869933,28.0545292,SOSHANGUVE SOUTH X12,UNKNOWN,TSH,79900037,https://powerfailure.tshwane.gov.za/Tshwanesms/Map.aspx,"-25.5870,28.0545|SOSHANGUVE SOUTH X12#0",2026-10-09 13:08:42.013082+00:00,2026-10-10 12:24:06.234248+00:00,23.26
-25.5033649,28.0964541,SOSHANGUVE-AA,STAND 1200,TSH,79900033,https://powerfailure.tshwane.gov.za/Tshwanesms/Map.aspx,"-25.5034,28.0965|SOSHANGUVE-AA#0",2026-09-29 08:23:13.536342+00:00,2026-10-10 12:24:06.234248+00:00,268.01
-25.4866786,28.1004581,SOSHANGUVE-BB,STAND 67,TSH,79900026,https://powerfailure.tshwane.gov.za/Tshwanesms/Map.aspx,"-25.4867,28.1005|SOSHANGUVE-BB#0",2026-09-29 20:42:53.961596+00:00,2026-10-10 12:24:06.234248+00:00,255.69
-25.4883395,28.0987509,SOSHANGUVE-BB,STAND 288/27,TSH,79900026,https://powerfailure.tshwane.gov.za/Tshwanesms/Map.aspx,"-25.4883,28.0988|SOSHANGUVE-BB#0",2026-09-29 20:42:53.961596+00:00,2026-10-10 12:24:06.234248+00:00,255.69
-25.4958599,28.1051479,SOSHANGUVE-BB,STAND 1122,TSH,79900033,https://powerfailure.tshwane.gov.za/Tshwanesms/Map.aspx,"-25.4959,28.1051|SOSHANGUVE-BB#0",2026-09-24 11:52:55.215094+00:00,2026-10-10 12:24:06.234248+00:00,384.52
-25.4941802,28.0967518,SOSHANGUVE-BB,STAND 1442/21,TSH,79900094,https://powerfailure.tshwane.gov.za/Tshwanesms/Map.aspx,"-25.4942,28.0968|SOSHANGUVE-BB#0",2026-09-30 23:43:30.173884+00:00,2026-10-10 12:24:06.234248+00:00,228.68
-25.4922442,28.0950381,SOSHANGUVE-BB,STAND 1585,TSH,79900094,https://powerfailure.tshwane.gov.za/Tshwanesms/Map.aspx,"-25.4922,28.0950|SOSHANGUVE-BB#0",2026-09-29 20:42:53.961596+00:00,2026-10-10 12:24:06.234248+00:00,255.69
-25.4775582,28.1039811,SOSHANGUVE-FF,STAND 1050,TSH,79900026,https://powerfailure.tshwane.gov.za/Tshwanesms/Map.aspx,"-25.4776,28.1040|SOSHANGUVE-FF#0",2026-09-29 20:42:53.961596+00:00,2026-10-10 12:24:06.234248+00:00,255.69
-25.4780694,28.1050465,SOSHANGUVE-FF,STAND 1307,TSH,79900026,https://powerfailure.tshwane.gov.za/Tshwanesms/Map.aspx,"-25.4781,28.1050|SOSHANGUVE-FF#0",2026-09-29 20:42:53.961596+00:00,2026-10-10 12:24:06.234248+00:00,255.69
-25.5060151,28.1078894,SOSHANGUVE-G,STAND 8,TSH,79900033,https://powerfailure.tshwane.gov.za/Tshwanesms/Map.aspx,"-25.5060,28.1079|SOSHANGUVE-G#0",2026-10-01 13:04:14.443671+00:00,2026-10-10 12:24:06.234248+00:00,215.33
-25.5058882,28.1079413,SOSHANGUVE-G,STAND 9,TSH,79900033,https://powerfailure.tshwane.gov.za/Tshwanesms/Map.aspx,"-25.5059,28.1079|SOSHANGUVE-G#0",2026-10-01 13:04:14.443671+00:00,2026-10-10 12:24:06.234248+00:00,215.33
-25.5338131,28.1111146,SOSHANGUVE-L,STAND 3337,TSH,79900035,https://powerfailure.tshwane.gov.za/Tshwanesms/Map.aspx,"-25.5338,28.1111|SOSHANGUVE-L#0",2026-09-29 20:42:53.961596+00:00,2026-10-10 12:24:06.234248+00:00,255.69
-25.4737621,28.0877252,SOSHANGUVE-LL,STAND 562,TSH,79900011,https://powerfailure.tshwane.gov.za/Tshwanesms/Map.aspx,"-25.4738,28.0877|SOSHANGUVE-LL#0",2026-09-29 20:42:53.961596+00:00,2026-10-10 12:24:06.234248+00:00,255.69
-25.5312681,28.0954117,SOSHANGUVE-M,STAND 416,TSH,79900035,https://powerfailure.tshwane.gov.za/Tshwanesms/Map.aspx,"-25.5313,28.0954|SOSHANGUVE-M#0",2026-09-28 15:21:37.292442+00:00,2026-10-10 12:24:06.234248+00:00,285.04
-25.5368774,28.0929203,SOSHANGUVE-M,STAND 773,TSH,79900035,https://powerfailure.tshwane.gov.za/Tshwanesms/Map.aspx,"-25.5369,28.0929|SOSHANGUVE-M#0",2026-09-28 15:21:37.292442+00:00,2026-10-10 12:24:06.234248+00:00,285.04
-25.5370798,28.0872298,SOSHANGUVE-M,STAND 974,TSH,79900035,https://powerfailure.tshwane.gov.za/Tshwanesms/Map.aspx,"-25.5371,28.0872|SOSHANGUVE-M#0",2026-09-28 15:21:37.292442+00:00,2026-10-10 12:24:06.234248+00:00,285.04
-25.5550105,28.074067,SOSHANGUVE-UU,STAND 370,TSH,79900036,https://powerfailure.tshwane.gov.za/Tshwanesms/Map.aspx,"-25.5550,28.0741|SOSHANGUVE-UU#0",2026-10-10 12:24:06.234248+00:00,2026-10-10 12:24:06.234248+00:00,0.0
-25.7963591,28.2932166,GARSFONTEIN X07,SERENE STREET,TSH,79900045,https://powerfailure.tshwane.gov.za/Tshwanesms/Map.aspx,"-25.7964,28.2932|GARSFONTEIN X07#0",2026-10-10 12:24:06.234248+00:00,2026-10-10 12:24:06.234248+00:00,0.0
-25.7916668,28.3029372,GARSFONTEIN,CORINNE STREET,TSH,79900044,https://powerfailure.tshwane.gov.za/Tshwanesms/Map.aspx,"-25.7917,28.3029|GARSFONTEIN#0",2026-10-10 12:24:06.234248+00:00,2026-10-10 12:24:06.234248+00:00,0.0
-25.7953069,28.3121298,GARSFONTEIN X01,LEVINIA STREET,TSH,79900044,https://powerfailure.tshwane.gov.za/Tshwanesms/Map.aspx,"-25.7953,28.3121|GARSFONTEIN X01#0",2026-10-10 12:24:06.234248+00:00,2026-10-10 12:24:06.234248+00:00,0.0
-25.8021261,28.2964932,GARSFONTEIN X02,HANNARIE ROAD,TSH,79900045,https://powerfailure.tshwane.gov.za/Tshwanesms/Map.aspx,"-25.8021,28.2965|GARSFONTEIN X02#0",2026-10-10 12:24:06.234248+00:00,2026-10-10 12:24:06.234248+00:00,0.0
-25.799725,28.3066205,GARSFONTEIN X04,SANDRA ST SANDRA ST,TSH,79900045,https://powerfailure.tshwane.gov.za/Tshwanesms/Map.aspx,"-25.7997,28.3066|GARSFONTEIN X04#0",2026-10-10 12:24:06.234248+00:00,2026-10-10 12:24:06.234248+00:00,0.0
-25.8018628,28.3072955,GARSFONTEIN X04,GODFREY STREET,TSH,79900045,https://powerfailure.tshwane.gov.za/Tshwanesms/Map.aspx,"-25.8019,28.3073|GARSFONTEIN X04#0",2026-10-10 12:24:06.234248+00:00,2026-10-10 12:24:06.234248+00:00,0.0
-25.7971216,28.3085946,GARSFONTEIN X04,THELMA STREET,TSH,79900045,https://powerfailure.tshwane.gov.za/Tshwanesms/Map.aspx,"-25.7971,28.3086|GARSFONTEIN X04#0",2026-10-10 12:24:06.234248+00:00,2026-10-10 12:24:06.234248+00:00,0.0
-25.7999825,28.2978163,GARSFONTEIN X05,UNA AVENUE,TSH,79900045,https://powerfailure.tshwane.gov.za/Tshwanesms/Map.aspx,"-25.8000,28.2978|GARSFONTEIN X05#0",2026-10-10 12:24:06.234248+00:00,2026-10-10 12:24:06.234248+00:00,0.0
-25.8043333,28.3129566,GARSFONTEIN X10,PINCHER AVENUE,TSH,79900045,https://powerfailure.tshwane.gov.za/Tshwanesms/Map.aspx,"-25.8043,28.3130|GARSFONTEIN X10#0",2026-10-07 10:10:01.835441+00:00,2026-10-10 12:24:06.234248+00:00,74.23
-25.8032744,28.3202152,GARSFONTEIN X10,POOLHOND AVENUE,TSH,79900045,https://powerfailure.tshwane.gov.za/Tshwanesms/Map.aspx,"-25.8033,28.3202|GARSFONTEIN X10#0",2026-10-02 12:24:50.491552+00:00,2026-10-10 12:24:06.234248+00:00,191.99
-25.796283,28.3024889,GARSFONTEIN X17,HUMILIS CRESCENT,TSH,79900045,https://powerfailure.tshwane.gov.za/Tshwanesms/Map.aspx,"-25.7963,28.3025|GARSFONTEIN X17#0",2026-10-10 12:24:06.234248+00:00,2026-10-10 12:24:06.234248+00:00,0.0
-25.7850794,28.2879337,GARSFONTEIN X08,ANNETTE VAN ZYL STREET,TSH,79900045,https://powerfailure.tshwane.gov.za/Tshwanesms/Map.aspx,"-25.7851,28.2879|GARSFONTEIN X08#0",2026-10-10 12:24:06.234248+00:00,2026-10-10 12:24:06.234248+00:00,0.0
-25.7292019,28.3995886,MAMELODI X03,STAND 21750,TSH,79900015,https://powerfailure.tshwane.gov.za/Tshwanesms/Map.aspx,"-25.7292,28.3996|MAMELODI X03#0",2026-09-23 15:54:26.696532+00:00,2026-10-10 12:24:06.234248+00:00,404.49
-25.7369964,28.3894285,NELLMAPIUS X08,UMKHENCE STREET,TSH,79900015,https://powerfailure.tshwane.gov.za/Tshwanesms/Map.aspx,"-25.7370,28.3894|NELLMAPIUS X08#0",2026-09-23 15:54:26.696532+00:00,2026-10-10 12:24:06.234248+00:00,404.49
-25.7296855,28.3532742,NELLMAPIUS,STAND,TSH,79900028,https://powerfailure.tshwane.gov.za/Tshwanesms/Map.aspx,"-25.7297,28.3533|NELLMAPIUS#0",2026-09-26 14:25:10.204350+00:00,2026-10-10 12:24:06.234248+00:00,333.98
-25.9113725,28.0931189,OLIEVENHOUTBOS X13,LEGONG STREET,TSH,79900106,https://powerfailure.tshwane.gov.za/Tshwanesms/Map.aspx,"-25.9114,28.0931|OLIEVENHOUTBOS X13#0",2026-09-30 13:37:49.273392+00:00,2026-10-10 12:24:06.234248+00:00,238.77
-25.9141916,28.0924325,OLIEVENHOUTBOS X13,LEGONG STREET,TSH,79900106,https://powerfailure.tshwane.gov.za/Tshwanesms/Map.aspx,"-25.9142,28.0924|OLIEVENHOUTBOS X13#0",2026-10-08 17:51:27.458247+00:00,2026-10-10 12:24:06.234248+00:00,42.54
-25.7477969,28.1644001,PRETORIA,WF NKOMO STREET,TSH,79900058,https://powerfailure.tshwane.gov.za/Tshwanesms/Map.aspx,"-25.7478,28.1644|PRETORIA#0",2026-10-09 19:30:15.533813+00:00,2026-10-10 12:24:06.234248+00:00,16.9
-25.7216293,28.1488628,PRETORIA GARDENS,HANNY STREET,TSH,79900001,https://powerfailure.tshwane.gov.za/Tshwanesms/Map.aspx,"-25.7216,28.1489|PRETORIA GARDENS#0",2026-10-04 13:09:40.651455+00:00,2026-10-10 12:24:06.234248+00:00,143.24
-25.8123013,28.3087109,PRETORIUSPARK,FLORIANNE STREET,TSH,79900045,https://powerfailure.tshwane.gov.za/Tshwanesms/Map.aspx,"-25.8123,28.3087|PRETORIUSPARK#0",2026-09-29 08:23:13.536342+00:00,2026-10-10 12:24:06.234248+00:00,268.01
-25.6789037,28.2124682,SINOVILLE,MIRCA AVENUE,TSH,79900050,https://powerfailure.tshwane.gov.za/Tshwanesms/Map.aspx,"-25.6789,28.2125|SINOVILLE#0",2026-10-06 17:09:53.951304+00:00,2026-10-10 12:24:06.234248+00:00,91.24
-25.6800754,28.2194821,SINOVILLE,MIRCA AVENUE,TSH,79900050,https://powerfailure.tshwane.gov.za/Tshwanesms/Map.aspx,"-25.6801,28.2195|SINOVILLE#0",2026-10-06 17:09:53.951304+00:00,2026-10-10 12:24:06.234248+00:00,91.24
-25.6808537,28.2217938,SINOVILLE,SEFAKO MAKGATHO DRIVE,TSH,79900050,https://powerfailure.tshwane.gov.za/Tshwanesms/Map.aspx,"-25.6809,28.2218|SINOVILLE#0",2026-10-06 17:09:53.951304+00:00,2026-10-10 12:24:06.234248+00:00,91.24
-25.8572293,28.167534,BRONBERRIK,GALWAY AVENUE,TSH,79900066,https://powerfailure.tshwane.gov.za/Tshwanesms/Map.aspx,"-25.8572,28.1675|BRONBERRIK#0",2026-10-10 12:24:06.234248+00:00,2026-10-10 12:24:06.234248+00:00,0.0
-25.8588998,28.1729977,BRONBERRIK,TYRONE AVENUE,TSH,79900066,https://powerfailure.tshwane.gov.za/Tshwanesms/Map.aspx,"-25.8589,28.1730|BRONBERRIK#0",2026-10-10 12:24:06.234248+00:00,2026-10-10 12:24:06.234248+00:00,0.0
-25.859566,28.1723665,BRONBERRIK,KILLARNEY AVENUE,TSH,79900066,https://powerfailure.tshwane.gov.za/Tshwanesms/Map.aspx,"-25.8596,28.1724|BRONBERRIK#0",2026-10-10 12:24:06.234248+00:00,2026-10-10 12:24:06.234248+00:00,0.0
-25.7238607,28.1857082,CAPITAL PARK,MYBURGH STREET,TSH,79900001,https://powerfailure.tshwane.gov.za/Tshwanesms/Map.aspx,"-25.7239,28.1857|CAPITAL PARK#0",2026-10-02 12:24:50.491552+00:00,2026-10-10 12:24:06.234248+00:00,191.99
-25.4621745,28.0890118,SOSHANGUVE-GG,STAND 440,TSH,79900011,https://powerfailure.tshwane.gov.za/Tshwanesms/Map.aspx,"-25.4622,28.0890|SOSHANGUVE-GG#0",2026-09-29 20:42:53.961596+00:00,2026-10-10 12:24:06.234248+00:00,255.69
-25.4661499,28.0909267,SOSHANGUVE-GG,BAXOLELE DRIVE,TSH,79900094,https://powerfailure.tshwane.gov.za/Tshwanesms/Map.aspx,"-25.4661,28.0909|SOSHANGUVE-GG#0",2026-10-10 05:43:32.746880+00:00,2026-10-10 12:24:06.234248+00:00,6.68
-25.4675739,28.1000775,SOSHANGUVE-GG,STAND 2641,TSH,79900094,https://powerfailure.tshwane.gov.za/Tshwanesms/Map.aspx,"-25.4676,28.1001|SOSHANGUVE-GG#0",2026-09-28 15:21:37.292442+00:00,2026-10-10 12:24:06.234248+00:00,285.04
-25.5137178,28.1070631,SOSHANGUVE-H,STAND 91,TSH,79900034,https://powerfailure.tshwane.gov.za/Tshwanesms/Map.aspx,"-25.5137,28.1071|SOSHANGUVE-H#0",2026-09-29 20:42:53.961596+00:00,2026-10-10 12:24:06.234248+00:00,255.69
-25.5176798,28.1073852,SOSHANGUVE-H,STAND 854,TSH,79900034,https://powerfailure.tshwane.gov.za/Tshwanesms/Map.aspx,"-25.5177,28.1074|SOSHANGUVE-H#0",2026-09-28 21:54:04.654174+00:00,2026-10-10 12:24:06.234248+00:00,278.5
-25.4489402,28.0899384,SOSHANGUVE-HH,MOPUDI DRIVE,TSH,79900011,https://powerfailure.tshwane.gov.za/Tshwanesms/Map.aspx,"-25.4489,28.0899|SOSHANGUVE-HH#0",2026-10-10 05:43:32.746880+00:00,2026-10-10 12:24:06.234248+00:00,6.68
-25.4497142,28.0881148,SOSHANGUVE-HH,STAND 537,TSH,79900011,https://powerfailure.tshwane.gov.za/Tshwanesms/Map.aspx,"-25.4497,28.0881|SOSHANGUVE-HH#0",2026-09-29 20:42:53.961596+00:00,2026-10-10 12:24:06.234248+00:00,255.69
-25.4489485,28.0866047,SOSHANGUVE-HH,STAND 577,TSH,79900011,https://powerfailure.tshwane.gov.za/Tshwanesms/Map.aspx,"-25.4489,28.0866|SOSHANGUVE-HH#0",2026-09-30 23:43:30.173884+00:00,2026-10-10 12:24:06.234248+00:00,228.68
-25.6441275,28.2352889,DOORNPOORT,VIOOLTJIE STREET,TSH,79900096,https://powerfailure.tshwane.gov.za/Tshwanesms/Map.aspx,"-25.6441,28.2353|DOORNPOORT#0",2026-09-25 10:58:56.127220+00:00,2026-10-10 12:24:06.234248+00:00,361.42
-25.6567763,28.2427838,DOORNPOORT,WATTLE ROAD,TSH,79900096,https://powerfailure.tshwane.gov.za/Tshwanesms/Map.aspx,"-25.6568,28.2428|DOORNPOORT#0",2026-10-07 23:02:05.111773+00:00,2026-10-10 12:24:06.234248+00:00,61.37
-25.6549912,28.2507472,DOORNPOORT X29,ROOIHOUT CRESCENT,TSH,79900096,https://powerfailure.tshwane.gov.za/Tshwanesms/Map.aspx,"-25.6550,28.2507|DOORNPOORT X29#0",2026-10-09 13:08:42.013082+00:00,2026-10-10 12:24:06.234248+00:00,23.26
-25.6570283,28.24901,DOORNPOORT X29,DOVEA STREET,TSH,79900096,https://powerfailure.tshwane.gov.za/Tshwanesms/Map.aspx,"-25.6570,28.2490|DOORNPOORT X29#0",2026-10-09 13:08:42.013082+00:00,2026-10-10 12:24:06.234248+00:00,23.26
-25.6575496,28.2532912,DOORNPOORT X31,ALECTRA CRESCENT,TSH,79900096,https://powerfailure.tshwane.gov.za/Tshwanesms/Map.aspx,"-25.6575,28.2533|DOORNPOORT X31#0",2026-10-10 05:43:32.746880+00:00,2026-10-10 12:24:06.234248+00:00,6.68
-25.6589744,28.2538786,DOORNPOORT X31,ALECTRA CRESCENT,TSH,79900096,https://powerfailure.tshwane.gov.za/Tshwanesms/Map.aspx,"-25.6590,28.2539|DOORNPOORT X31#0",2026-10-10 05:43:32.746880+00:00,2026-10-10 12:24:06.234248+00:00,6.68
-25.650807,28.2539824,DOORNPOORT X32,OVENBUSH STREET,TSH,79900096,https://powerfailure.tshwane.gov.za/Tshwanesms/Map.aspx,"-25.6508,28.2540|DOORNPOORT X32#0",2026-10-09 13:08:42.013082+00:00,2026-10-10 12:24:06.234248+00:00,23.26
-25.652604,28.254178,DOORNPOORT X32,DR V D MERWE ROAD,TSH,79900096,https://powerfailure.tshwane.gov.za/Tshwanesms/Map.aspx,"-25.6526,28.2542|DOORNPOORT X32#0",2026-10-09 13:08:42.013082+00:00,2026-10-10 12:24:06.234248+00:00,23.26
-25.6523938,28.2533174,DOORNPOORT X32,KAMAROO STREET,TSH,79900096,https://powerfailure.tshwane.gov.za/Tshwanesms/Map.aspx,"-25.6524,28.2533|DOORNPOORT X32#0",2026-10-09 19:30:15.533813+00:00,2026-10-10 12:24:06.234248+00:00,16.9
-25.6524475,28.2566168,DOORNPOORT X32,ADAMSVY STREET,TSH,79900096,https://powerfailure.tshwane.gov.za/Tshwanesms/Map.aspx,"-25.6524,28.2566|DOORNPOORT X32#0",2026-10-09 13:08:42.013082+00:00,2026-10-10 12:24:06.234248+00:00,23.26
-25.6564316,28.2538333,DOORNPOORT X33,AMANDELBOOM ROAD,TSH,79900096,https://powerfailure.tshwane.gov.za/Tshwanesms/Map.aspx,"-25.6564,28.2538|DOORNPOORT X33#0",2026-10-09 13:08:42.013082+00:00,2026-10-10 12:24:06.234248+00:00,23.26
-25.6516054,28.2654162,DOORNPOORT X40,STRIGA STREET,TSH,79900096,https://powerfailure.tshwane.gov.za/Tshwanesms/Map.aspx,"-25.6516,28.2654|DOORNPOORT X40#0",2026-10-09 13:08:42.013082+00:00,2026-10-10 12:24:06.234248+00:00,23.26
-25.6519635,28.2685079,DOORNPOORT X40,STRIGA STREET,TSH,79900096,https://powerfailure.tshwane.gov.za/Tshwanesms/Map.aspx,"-25.6520,28.2685|DOORNPOORT X40#0",2026-10-09 13:08:42.013082+00:00,2026-10-10 12:24:06.234248+00:00,23.26
-25.6534183,28.2712444,DOORNPOORT 295-JR,HAMERKOP CRESCENT,TSH,79900096,https://powerfailure.tshwane.gov.za/Tshwanesms/Map.aspx,"-25.6534,28.2712|DOORNPOORT 295-JR#0",2026-10-09 13:08:42.013082+00:00,2026-10-10 12:24:06.234248+00:00,23.26
-25.9025724,28.2567841,DOORNKLOOF 391-JR,PL I-77-57-16-3-11-41-5S,TSH,79900065,https://powerfailure.tshwane.gov.za/Tshwanesms/Map.aspx,"-25.9026,28.2568|DOORNKLOOF 391-JR#0",2026-10-09 19:30:15.533813+00:00,2026-10-10 12:24:06.234248+00:00,16.9
-25.8867131,28.2571327,DOORNKLOOF 391-JR,PL D-002-05 (STAND 707),TSH,79900065,https://powerfailure.tshwane.gov.za/Tshwanesms/Map.aspx,"-25.8867,28.2571|DOORNKLOOF 391-JR#0",2026-10-09 19:30:15.533813+00:00,2026-10-10 12:24:06.234248+00:00,16.9
-25.7060528,28.3106149,EERSTERUST X06,FERGUSON CRESENT,TSH,79900043,https://powerfailure.tshwane.gov.za/Tshwanesms/Map.aspx,"-25.7061,28.3106|EERSTERUST X06#0",2026-10-09 19:30:15.533813+00:00,2026-10-10 12:24:06.234248+00:00,16.9
-25.7787655,28.3116428,FAERIE GLEN X01,MISSOURI STREET,TSH,79900044,https://powerfailure.tshwane.gov.za/Tshwanesms/Map.aspx,"-25.7788,28.3116|FAERIE GLEN X01#0",2026-10-10 12:24:06.234248+00:00,2026-10-10 12:24:06.234248+00:00,0.0
-25.685964,28.1510846,FLORAUNA,FLORAUNA ROAD,TSH,79900002,https://powerfailure.tshwane.gov.za/Tshwanesms/Map.aspx,"-25.6860,28.1511|FLORAUNA#0",2026-10-09 13:08:42.013082+00:00,2026-10-10 12:24:06.234248+00:00,23.26
-25.6826814,28.1581132,FLORAUNA,KRINKHOUT AVENUE,TSH,79900002,https://powerfailure.tshwane.gov.za/Tshwanesms/Map.aspx,"-25.6827,28.1581|FLORAUNA#0",2026-10-09 13:08:42.013082+00:00,2026-10-10 12:24:06.234248+00:00,23.26
-25.6849825,28.1494231,FLORAUNA X02,FLORAUNA ROAD,TSH,79900002,https://powerfailure.tshwane.gov.za/Tshwanesms/Map.aspx,"-25.6850,28.1494|FLORAUNA X02#0",2026-10-09 13:08:42.013082+00:00,2026-10-10 12:24:06.234248+00:00,23.26
-25.6797933,28.1626911,FLORAUNA X01,NUNANDA STREET,TSH,79900002,https://powerfailure.tshwane.gov.za/Tshwanesms/Map.aspx,"-25.6798,28.1627|FLORAUNA X01#0",2026-09-23 15:54:26.696532+00:00,2026-10-10 12:24:06.234248+00:00,404.49
-25.5606216,28.0657315,SOSHANGUVE-TT,STAND 1395,TSH,79900089,https://powerfailure.tshwane.gov.za/Tshwanesms/Map.aspx,"-25.5606,28.0657|SOSHANGUVE-TT#0",2026-10-06 17:09:53.951304+00:00,2026-10-10 12:24:06.234248+00:00,91.24
-25.7144163,28.2740371,LINDO PARK,JACARANDA STREET,TSH,79900052,https://powerfailure.tshwane.gov.za/Tshwanesms/Map.aspx,"-25.7144,28.2740|LINDO PARK#0",2026-10-03 08:01:40.485595+00:00,2026-10-10 12:24:06.234248+00:00,172.37
-25.7143754,28.2738137,LINDO PARK,JACARANDA STREET,TSH,79900052,https://powerfailure.tshwane.gov.za/Tshwanesms/Map.aspx,"-25.7144,28.2738|LINDO PARK#0",2026-10-03 13:19:32.931617+00:00,2026-10-10 12:24:06.234248+00:00,167.08
-25.7148968,28.2778422,LINDO PARK X01,JACARANDA STREET,TSH,79900052,https://powerfailure.tshwane.gov.za/Tshwanesms/Map.aspx,"-25.7149,28.2778|LINDO PARK X01#0",2026-10-08 17:51:27.458247+00:00,2026-10-10 12:24:06.234248+00:00,42.54
-25.7186525,28.3852465,MAMELODI,MASEKO STREET,TSH,79900018,https://powerfailure.tshwane.gov.za/Tshwanesms/Map.aspx,"-25.7187,28.3852|MAMELODI#0",2026-10-06 10:08:41.992184+00:00,2026-10-10 12:24:06.234248+00:00,98.26
-25.7216035,28.3666731,MAMELODI,STAND 20371,TSH,79900015,https://powerfailure.tshwane.gov.za/Tshwanesms/Map.aspx,"-25.7216,28.3667|MAMELODI#0",2026-09-23 15:54:26.696532+00:00,2026-10-10 12:24:06.234248+00:00,404.49
-25.7040598,28.3753411,MAMELODI,STAND,TSH,79900023,https://powerfailure.tshwane.gov.za/Tshwanesms/Map.aspx,"-25.7041,28.3753|MAMELODI#0",2026-09-23 15:54:26.696532+00:00,2026-10-10 12:24:06.234248+00:00,404.49
-25.7040598,28.3753411,MAMELODI,SKIRLAK,TSH,79900023,https://powerfailure.tshwane.gov.za/Tshwanesms/Map.aspx,"-25.7041,28.3753|MAMELODI#1",2026-10-10 00:00:01.978931+00:00,2026-10-10 12:24:06.234248+00:00,12.4
-25.6927932,28.4165651,MAHUBE VALLEY X01,STAND  2526,TSH,79900093,https://powerfailure.tshwane.gov.za/Tshwanesms/Map.aspx,"-25.6928,28.4166|MAHUBE VALLEY X01#0",2026-09-23 15:54:26.696532+00:00,2026-10-10 12:24:06.234248+00:00,404.49
-25.7781548,28.2600496,MAROELANA,MAROELANA STREET,TSH,79900082,https://powerfailure.tshwane.gov.za/Tshwanesms/Map.aspx,"-25.7782,28.2600|MAROELANA#0",2026-10-07 23:02:05.111773+00:00,2026-10-10 12:24:06.234248+00:00,61.37
-25.7510433,28.299165,MURRAYFIELD,STAND,TSH,79900041,https://powerfailure.tshwane.gov.za/Tshwanesms/Map.aspx,"-25.7510,28.2992|MURRAYFIELD#0",2026-10-07 23:02:05.111773+00:00,2026-10-10 12:24:06.234248+00:00,61.37
-25.7504786,28.2987091,MURRAYFIELD,CLYDE STREET,TSH,79900041,https://powerfailure.tshwane.gov.za/Tshwanesms/Map.aspx,"-25.7505,28.2987|MURRAYFIELD#0",2026-10-08 10:27:19.292786+00:00,2026-10-10 12:24:06.234248+00:00,49.95
-25.7504404,28.2998398,MURRAYFIELD,ERIC STREET,TSH,79900041,https://powerfailure.tshwane.gov.za/Tshwanesms/Map.aspx,"-25.7504,28.2998|MURRAYFIELD#0",2026-10-08 17:51:27.458247+00:00,2026-10-10 12:24:06.234248+00:00,42.54
-25.7489229,28.3012848,MURRAYFIELD,NATALIE AVENUE,TSH,79900041,https://powerfailure.tshwane.gov.za/Tshwanesms/Map.aspx,"-25.7489,28.3013|MURRAYFIELD#0",2026-10-06 17:09:53.951304+00:00,2026-10-10 12:24:06.234248+00:00,91.24
-25.7513579,28.2996415,MURRAYFIELD,ERIC STREET,TSH,79900041,https://powerfailure.tshwane.gov.za/Tshwanesms/Map.aspx,"-25.7514,28.2996|MURRAYFIELD#0",2026-10-09 13:08:42.013082+00:00,2026-10-10 12:24:06.234248+00:00,23.26
-25.7523142,28.2988507,MURRAYFIELD X01,GLOUDINA ROAD,TSH,79900046,https://powerfailure.tshwane.gov.za/Tshwanesms/Map.aspx,"-25.7523,28.2989|MURRAYFIELD X01#0",2026-09-30 06:38:52.006832+00:00,2026-10-10 12:24:06.234248+00:00,245.75
-25.753087,28.3016313,MURRAYFIELD X01,GLOUDINA ROAD,TSH,79900046,https://powerfailure.tshwane.gov.za/Tshwanesms/Map.aspx,"-25.7531,28.3016|MURRAYFIELD X01#0",2026-09-30 06:38:52.006832+00:00,2026-10-10 12:24:06.234248+00:00,245.75
-25.7585608,28.301916,MURRAYFIELD X01,ROSALIND ROAD,TSH,79900046,https://powerfailure.tshwane.gov.za/Tshwanesms/Map.aspx,"-25.7586,28.3019|MURRAYFIELD X01#0",2026-09-30 06:38:52.006832+00:00,2026-10-10 12:24:06.234248+00:00,245.75
-25.7527181,28.3104684,MURRAYFIELD,SHIRLEY AVENUE,TSH,79900041,https://powerfailure.tshwane.gov.za/Tshwanesms/Map.aspx,"-25.7527,28.3105|MURRAYFIELD#0",2026-10-08 17:51:27.458247+00:00,2026-10-10 12:24:06.234248+00:00,42.54
-25.7522688,28.3119955,MURRAYFIELD,SHIRLEY AVENUE,TSH,79900041,https://powerfailure.tshwane.gov.za/Tshwanesms/Map.aspx,"-25.7523,28.3120|MURRAYFIELD#0",2026-10-08 17:51:27.458247+00:00,2026-10-10 12:24:06.234248+00:00,42.54
-25.7366793,28.3496263,NELLMAPIUS,LOERIESFONTEIN CRESCENT,TSH,79900086,https://powerfailure.tshwane.gov.za/Tshwanesms/Map.aspx,"-25.7367,28.3496|NELLMAPIUS#0",2026-09-26 14:25:10.204350+00:00,2026-10-10 12:24:06.234248+00:00,333.98
-25.7316935,28.3677813,NELLMAPIUS X03,ACES STREET,TSH,79900086,https://powerfailure.tshwane.gov.za/Tshwanesms/Map.aspx,"-25.7317,28.3678|NELLMAPIUS X03#0",2026-09-23 15:54:26.696532+00:00,2026-10-10 12:24:06.234248+00:00,404.49
-25.7334189,28.3641168,NELLMAPIUS X04,HALLELUJAH CRESCENT,TSH,79900028,https://powerfailure.tshwane.gov.za/Tshwanesms/Map.aspx,"-25.7334,28.3641|NELLMAPIUS X04#0",2026-10-06 10:08:41.992184+00:00,2026-10-10 12:24:06.234248+00:00,98.26
-25.7288852,28.3600008,NELLMAPIUS X04,BOLENG STREET,TSH,79900028,https://powerfailure.tshwane.gov.za/Tshwanesms/Map.aspx,"-25.7289,28.3600|NELLMAPIUS X04#0",2026-09-23 15:54:26.696532+00:00,2026-10-10 12:24:06.234248+00:00,404.49
-25.7293103,28.3606842,NELLMAPIUS X04,BOLENG STREET,TSH,79900028,https://powerfailure.tshwane.gov.za/Tshwanesms/Map.aspx,"-25.7293,28.3607|NELLMAPIUS X04#0",2026-09-23 15:54:26.696532+00:00,2026-10-10 12:24:06.234248+00:00,404.49
-25.7301151,28.3600438,NELLMAPIUS X04,RAADPLEEG STREET,TSH,79900028,https://powerfailure.tshwane.gov.za/Tshwanesms/Map.aspx,"-25.7301,28.3600|NELLMAPIUS X04#0",2026-09-26 14:25:10.204350+00:00,2026-10-10 12:24:06.234248+00:00,333.98
-25.7333232,28.3629327,NELLMAPIUS X04,HALLELUJAH CRESCENT,TSH,79900028,https://powerfailure.tshwane.gov.za/Tshwanesms/Map.aspx,"-25.7333,28.3629|NELLMAPIUS X04#0",2026-10-05 22:35:03.937620+00:00,2026-10-10 12:24:06.234248+00:00,109.82
-25.6750594,28.1521762,TILEBA,MIRANDA STREET,TSH,79900098,https://powerfailure.tshwane.gov.za/Tshwanesms/Map.aspx,"-25.6751,28.1522|TILEBA#0",2026-10-09 13:08:42.013082+00:00,2026-10-10 12:24:06.234248+00:00,23.26
-25.7219328,28.2118342,RIETFONTEIN,ELLA STREET,TSH,79900053,https://powerfailure.tshwane.gov.za/Tshwanesms/Map.aspx,"-25.7219,28.2118|RIETFONTEIN#0",2026-10-07 23:02:05.111773+00:00,2026-10-10 12:24:06.234248+00:00,61.37
-25.6983276,28.2314569,RIETFONTEIN,28TH AVENUE,TSH,79900052,https://powerfailure.tshwane.gov.za/Tshwanesms/Map.aspx,"-25.6983,28.2315|RIETFONTEIN#0",2026-10-07 23:02:05.111773+00:00,2026-10-10 12:24:06.234248+00:00,61.37
-25.6401512,28.386544,SABLE HILLS WATERFRONT ESTATE,SABLE HILLS,TSH,79900087,https://powerfailure.tshwane.gov.za/Tshwanesms/Map.aspx,"-25.6402,28.3865|SABLE HILLS WATERFRONT ESTATE#0",2026-10-09 13:08:42.013082+00:00,2026-10-10 12:24:06.234248+00:00,23.26
-25.6892994,28.2736257,MONTANA PARK X23,NAGUIL STREET,TSH,79900087,https://powerfailure.tshwane.gov.za/Tshwanesms/Map.aspx,"-25.6893,28.2736|MONTANA PARK X23#0",2026-09-29 08:23:13.536342+00:00,2026-10-10 12:24:06.234248+00:00,268.01
-25.6895661,28.26462,MONTANA PARK X20,STANGERIA ROAD,TSH,79900005,https://powerfailure.tshwane.gov.za/Tshwanesms/Map.aspx,"-25.6896,28.2646|MONTANA PARK X20#0",2026-09-23 15:54:26.696532+00:00,2026-10-10 12:24:06.234248+00:00,404.49
-25.6847913,28.2721075,MONTANA PARK X03,HERON CRESCENT,TSH,79900087,https://powerfailure.tshwane.gov.za/Tshwanesms/Map.aspx,"-25.6848,28.2721|MONTANA PARK X03#0",2026-10-09 19:30:15.533813+00:00,2026-10-10 12:24:06.234248+00:00,16.9
-25.6899406,28.2634206,MONTANA PARK X46,STANGERIA ROAD,TSH,79900005,https://powerfailure.tshwane.gov.za/Tshwanesms/Map.aspx,"-25.6899,28.2634|MONTANA PARK X46#0",2026-10-05 15:56:27.539408+00:00,2026-10-10 12:24:06.234248+00:00,116.46
-25.765988,28.327576,EQUESTRIA,BUSH ROAD,TSH,79900085,https://powerfailure.tshwane.gov.za/Tshwanesms/Map.aspx,"-25.7660,28.3276|EQUESTRIA#0",2026-10-04 21:21:41.422087+00:00,2026-10-10 12:24:06.234248+00:00,135.04
-25.757264,28.3302358,EQUESTRIA X80,OUKLIPMUUR AVENUE,TSH,79900085,https://powerfailure.tshwane.gov.za/Tshwanesms/Map.aspx,"-25.7573,28.3302|EQUESTRIA X80#0",2026-09-29 08:23:13.536342+00:00,2026-10-10 12:24:06.234248+00:00,268.01
-25.7614062,28.3431581,EQUESTRIA X11,CURA AVE,TSH,79900085,https://powerfailure.tshwane.gov.za/Tshwanesms/Map.aspx,"-25.7614,28.3432|EQUESTRIA X11#0",2026-09-29 08:23:13.536342+00:00,2026-10-10 12:24:06.234248+00:00,268.01
-25.7660708,28.3396144,EQUESTRIA X24,CURA AVENUE,TSH,79900085,https://powerfailure.tshwane.gov.za/Tshwanesms/Map.aspx,"-25.7661,28.3396|EQUESTRIA X24#0",2026-09-29 08:23:13.536342+00:00,2026-10-10 12:24:06.234248+00:00,268.01
-25.7640482,28.3397843,EQUESTRIA X123,FURROW ROAD,TSH,79900085,https://powerfailure.tshwane.gov.za/Tshwanesms/Map.aspx,"-25.7640,28.3398|EQUESTRIA X123#0",2026-09-29 08:23:13.536342+00:00,2026-10-10 12:24:06.234248+00:00,268.01
-25.5032177,28.0965789,SOSHANGUVE-AA,STAND 1201,TSH,79900033,https://powerfailure.tshwane.gov.za/Tshwanesms/Map.aspx,"-25.5032,28.0966|SOSHANGUVE-AA#0",2026-09-29 08:23:13.536342+00:00,2026-10-10 12:24:06.234248+00:00,268.01
-25.4894761,28.1022811,SOSHANGUVE-BB,STAND 823,TSH,79900033,https://powerfailure.tshwane.gov.za/Tshwanesms/Map.aspx,"-25.4895,28.1023|SOSHANGUVE-BB#0",2026-10-08 17:51:27.458247+00:00,2026-10-10 12:24:06.234248+00:00,42.54
-25.4952165,28.0986299,SOSHANGUVE-BB,STAND 1251,TSH,79900033,https://powerfailure.tshwane.gov.za/Tshwanesms/Map.aspx,"-25.4952,28.0986|SOSHANGUVE-BB#0",2026-09-29 20:42:53.961596+00:00,2026-10-10 12:24:06.234248+00:00,255.69
-25.4944034,28.0967321,SOSHANGUVE-BB,STAND,TSH,79900094,https://powerfailure.tshwane.gov.za/Tshwanesms/Map.aspx,"-25.4944,28.0967|SOSHANGUVE-BB#0",2026-09-29 20:42:53.961596+00:00,2026-10-10 12:24:06.234248+00:00,255.69
-25.4804828,28.0988142,SOSHANGUVE-FF,STAND 480,TSH,79900094,https://powerfailure.tshwane.gov.za/Tshwanesms/Map.aspx,"-25.4805,28.0988|SOSHANGUVE-FF#0",2026-09-29 20:42:53.961596+00:00,2026-10-10 12:24:06.234248+00:00,255.69
-25.4717758,28.1006107,SOSHANGUVE-FF,STAND 786,TSH,79900094,https://powerfailure.tshwane.gov.za/Tshwanesms/Map.aspx,"-25.4718,28.1006|SOSHANGUVE-FF#0",2026-09-29 20:42:53.961596+00:00,2026-10-10 12:24:06.234248+00:00,255.69
-25.4746685,28.1054746,SOSHANGUVE-FF,STAND 1416,TSH,79900026,https://powerfailure.tshwane.gov.za/Tshwanesms/Map.aspx,"-25.4747,28.1055|SOSHANGUVE-FF#0",2026-09-29 20:42:53.961596+00:00,2026-10-10 12:24:06.234248+00:00,255.69
-25.5086337,28.1091578,SOSHANGUVE-G,STAND 281,TSH,79900033,https://powerfailure.tshwane.gov.za/Tshwanesms/Map.aspx,"-25.5086,28.1092|SOSHANGUVE-G#0",2026-10-01 13:04:14.443671+00:00,2026-10-10 12:24:06.234248+00:00,215.33
-25.5463491,28.0972425,SOSHANGUVE-L,STAND 2692,TSH,79900035,https://powerfailure.tshwane.gov.za/Tshwanesms/Map.aspx,"-25.5463,28.0972|SOSHANGUVE-L#0",2026-09-30 23:43:30.173884+00:00,2026-10-10 12:24:06.234248+00:00,228.68
-25.539686,28.1092364,SOSHANGUVE-L X01,RAKOLOLO DRIVE,TSH,79900035,https://powerfailure.tshwane.gov.za/Tshwanesms/Map.aspx,"-25.5397,28.1092|SOSHANGUVE-L X01#0",2026-09-29 20:42:53.961596+00:00,2026-10-10 12:24:06.234248+00:00,255.69
-25.5476915,28.1058757,SOSHANGUVE-L X01,RAKOLOLO DRIVE,TSH,79900035,https://powerfailure.tshwane.gov.za/Tshwanesms/Map.aspx,"-25.5477,28.1059|SOSHANGUVE-L X01#0",2026-10-01 05:43:47.300229+00:00,2026-10-10 12:24:06.234248+00:00,222.67
-25.5269895,28.0955839,SOSHANGUVE-M,STAND 528,TSH,79900034,https://powerfailure.tshwane.gov.za/Tshwanesms/Map.aspx,"-25.5270,28.0956|SOSHANGUVE-M#0",2026-09-30 23:43:30.173884+00:00,2026-10-10 12:24:06.234248+00:00,228.68
-25.5294044,28.0971891,SOSHANGUVE-M,STAND 613,TSH,79900035,https://powerfailure.tshwane.gov.za/Tshwanesms/Map.aspx,"-25.5294,28.0972|SOSHANGUVE-M#0",2026-09-28 15:21:37.292442+00:00,2026-10-10 12:24:06.234248+00:00,285.04
-25.7983317,28.2945371,GARSFONTEIN X07,SERENE STREET,TSH,79900045,https://powerfailure.tshwane.gov.za/Tshwanesms/Map.aspx,"-25.7983,28.2945|GARSFONTEIN X07#0",2026-10-10 12:24:06.234248+00:00,2026-10-10 12:24:06.234248+00:00,0.0
-25.7983317,28.2945371,GARSFONTEIN X07,SERENE STREET,TSH,79900045,https://powerfailure.tshwane.gov.za/Tshwanesms/Map.aspx,"-25.7983,28.2945|GARSFONTEIN X07#1",2026-10-10 12:24:06.234248+00:00,2026-10-10 12:24:06.234248+00:00,0.0
-25.7983317,28.2945371,GARSFONTEIN X07,SERENE STREET,TSH,79900045,https://powerfailure.tshwane.gov.za/Tshwanesms/Map.aspx,"-25.7983,28.2945|GARSFONTEIN X07#2",2026-10-10 12:24:06.234248+00:00,2026-10-10 12:24:06.234248+00:00,0.0
-25.7906008,28.3082324,GARSFONTEIN,ARTHUR STREET,TSH,79900044,https://powerfailure.tshwane.gov.za/Tshwanesms/Map.aspx,"-25.7906,28.3082|GARSFONTEIN#0",2026-10-10 12:24:06.234248+00:00,2026-10-10 12:24:06.234248+00:00,0.0
-25.7961629,28.312275,GARSFONTEIN X01,BRAUDE STREET,TSH,79900044,https://powerfailure.tshwane.gov.za/Tshwanesms/Map.aspx,"-25.7962,28.3123|GARSFONTEIN X01#0",2026-10-10 12:24:06.234248+00:00,2026-10-10 12:24:06.234248+00:00,0.0
-25.7958215,28.3110195,GARSFONTEIN X01,LEVINIA STREET,TSH,79900044,https://powerfailure.tshwane.gov.za/Tshwanesms/Map.aspx,"-25.7958,28.3110|GARSFONTEIN X01#0",2026-10-10 12:24:06.234248+00:00,2026-10-10 12:24:06.234248+00:00,0.0
-25.7978672,28.2905007,GARSFONTEIN X03,SARON ST SARON ST,TSH,79900045,https://powerfailure.tshwane.gov.za/Tshwanesms/Map.aspx,"-25.7979,28.2905|GARSFONTEIN X03#0",2026-10-10 12:24:06.234248+00:00,2026-10-10 12:24:06.234248+00:00,0.0
-25.7978427,28.2929958,GARSFONTEIN X03,NESER STREET,TSH,79900045,https://powerfailure.tshwane.gov.za/Tshwanesms/Map.aspx,"-25.7978,28.2930|GARSFONTEIN X03#0",2026-10-10 12:24:06.234248+00:00,2026-10-10 12:24:06.234248+00:00,0.0
-25.7990269,28.2972456,GARSFONTEIN X05,MAYNARD ROAD,TSH,79900045,https://powerfailure.tshwane.gov.za/Tshwanesms/Map.aspx,"-25.7990,28.2972|GARSFONTEIN X05#0",2026-10-10 12:24:06.234248+00:00,2026-10-10 12:24:06.234248+00:00,0.0
-25.799591,28.2995797,GARSFONTEIN X05,WINDSOR ROAD,TSH,79900045,https://powerfailure.tshwane.gov.za/Tshwanesms/Map.aspx,"-25.7996,28.2996|GARSFONTEIN X05#0",2026-10-10 12:24:06.234248+00:00,2026-10-10 12:24:06.234248+00:00,0.0
-25.7898561,28.2930027,GARSFONTEIN X08,PAULINE SPRUIJT STREET,TSH,79900045,https://powerfailure.tshwane.gov.za/Tshwanesms/Map.aspx,"-25.7899,28.2930|GARSFONTEIN X08#0",2026-10-10 12:24:06.234248+00:00,2026-10-10 12:24:06.234248+00:00,0.0
-25.7924241,28.2961232,GARSFONTEIN X08,RONALD STREET,TSH,79900045,https://powerfailure.tshwane.gov.za/Tshwanesms/Map.aspx,"-25.7924,28.2961|GARSFONTEIN X08#0",2026-10-10 12:24:06.234248+00:00,2026-10-10 12:24:06.234248+00:00,0.0
-25.7900485,28.2936152,GARSFONTEIN X08,PAULINE SPRUIJT STREET,TSH,79900045,https://powerfailure.tshwane.gov.za/Tshwanesms/Map.aspx,"-25.7900,28.2936|GARSFONTEIN X08#0",2026-10-10 12:24:06.234248+00:00,2026-10-10 12:24:06.234248+00:00,0.0
-25.7840239,28.2865184,GARSFONTEIN X08,HAROLD KITSON CRESCENT,TSH,79900045,https://powerfailure.tshwane.gov.za/Tshwanesms/Map.aspx,"-25.7840,28.2865|GARSFONTEIN X08#0",2026-10-10 12:24:06.234248+00:00,2026-10-10 12:24:06.234248+00:00,0.0
-25.801233,28.306295,GARSFONTEIN X14,MIAS STREET,TSH,79900045,https://powerfailure.tshwane.gov.za/Tshwanesms/Map.aspx,"-25.8012,28.3063|GARSFONTEIN X14#0",2026-10-10 12:24:06.234248+00:00,2026-10-10 12:24:06.234248+00:00,0.0
-25.4756105,28.049847,WINTERVELD,STAND,TSH,79900019,https://powerfailure.tshwane.gov.za/Tshwanesms/Map.aspx,"-25.4756,28.0498|WINTERVELD#0",2026-09-23 15:54:26.696532+00:00,2026-10-10 12:24:06.234248+00:00,404.49
-25.7260918,28.3837512,MAMELODI,STAND 20842,TSH,79900018,https://powerfailure.tshwane.gov.za/Tshwanesms/Map.aspx,"-25.7261,28.3838|MAMELODI#0",2026-10-07 10:10:01.835441+00:00,2026-10-10 12:24:06.234248+00:00,74.23
-25.7265847,28.3997391,MAMELODI X03,STAND 21985,TSH,79900015,https://powerfailure.tshwane.gov.za/Tshwanesms/Map.aspx,"-25.7266,28.3997|MAMELODI X03#0",2026-10-01 18:51:09.084613+00:00,2026-10-10 12:24:06.234248+00:00,209.55
-25.7176609,28.3769669,MAMELODI,STAND 25194,TSH,79900018,https://powerfailure.tshwane.gov.za/Tshwanesms/Map.aspx,"-25.7177,28.3770|MAMELODI#0",2026-09-23 15:54:26.696532+00:00,2026-10-10 12:24:06.234248+00:00,404.49
-25.7180327,28.3782786,MAMELODI,STAND 25323,TSH,79900018,https://powerfailure.tshwane.gov.za/Tshwanesms/Map.aspx,"-25.7180,28.3783|MAMELODI#0",2026-09-23 15:54:26.696532+00:00,2026-10-10 12:24:06.234248+00:00,404.49
-25.7063894,28.1931429,MAYVILLE,LOUIS TRICHARDT STREET,TSH,79900054,https://powerfailure.tshwane.gov.za/Tshwanesms/Map.aspx,"-25.7064,28.1931|MAYVILLE#0",2026-10-10 12:24:06.234248+00:00,2026-10-10 12:24:06.234248+00:00,0.0
-25.7392046,28.3821963,NELLMAPIUS X08,XENON STREET,TSH,79900015,https://powerfailure.tshwane.gov.za/Tshwanesms/Map.aspx,"-25.7392,28.3822|NELLMAPIUS X08#0",2026-09-23 15:54:26.696532+00:00,2026-10-10 12:24:06.234248+00:00,404.49
-25.7297842,28.3514127,NELLMAPIUS X16,STAND,TSH,79900028,https://powerfailure.tshwane.gov.za/Tshwanesms/Map.aspx,"-25.7298,28.3514|NELLMAPIUS X16#0",2026-09-30 13:37:49.273392+00:00,2026-10-10 12:24:06.234248+00:00,238.77
-25.9101743,28.1057782,OLIEVENHOUTBOS,A28874,TSH,79900077,https://powerfailure.tshwane.gov.za/Tshwanesms/Map.aspx,"-25.9102,28.1058|OLIEVENHOUTBOS#0",2026-10-08 17:51:27.458247+00:00,2026-10-10 12:24:06.234248+00:00,42.54
-25.9098355,28.0920943,OLIEVENHOUTBOS X21,RED PEAR STREET,TSH,79900106,https://powerfailure.tshwane.gov.za/Tshwanesms/Map.aspx,"-25.9098,28.0921|OLIEVENHOUTBOS X21#0",2026-10-09 19:30:15.533813+00:00,2026-10-10 12:24:06.234248+00:00,16.9
-25.9162962,28.0897525,OLIEVENHOUTBOS X23,SERURUBELE STREET,TSH,79900106,https://powerfailure.tshwane.gov.za/Tshwanesms/Map.aspx,"-25.9163,28.0898|OLIEVENHOUTBOS X23#0",2026-10-08 10:27:19.292786+00:00,2026-10-10 12:24:06.234248+00:00,49.95
-25.7466524,28.154023,PRETORIA,CHRISTOFFEL STREET,TSH,79900003,https://powerfailure.tshwane.gov.za/Tshwanesms/Map.aspx,"-25.7467,28.1540|PRETORIA#0",2026-10-09 13:08:42.013082+00:00,2026-10-10 12:24:06.234248+00:00,23.26
-25.7507423,28.1530457,PRETORIA,FREDERICK STREET,TSH,79900003,https://powerfailure.tshwane.gov.za/Tshwanesms/Map.aspx,"-25.7507,28.1530|PRETORIA#0",2026-10-09 13:08:42.013082+00:00,2026-10-10 12:24:06.234248+00:00,23.26
-25.7536595,28.1939849,PRETORIA,VAN DER WALT STREET,TSH,79900080,https://powerfailure.tshwane.gov.za/Tshwanesms/Map.aspx,"-25.7537,28.1940|PRETORIA#0",2026-10-08 17:51:27.458247+00:00,2026-10-10 12:24:06.234248+00:00,42.54
-25.7560923,28.1867232,PRETORIA,BOSMAN STREET,TSH,79900058,https://powerfailure.tshwane.gov.za/Tshwanesms/Map.aspx,"-25.7561,28.1867|PRETORIA#0",2026-10-07 23:02:05.111773+00:00,2026-10-10 12:24:06.234248+00:00,61.37
-25.7561804,28.187958,PRETORIA,SCHEIDING STREET,TSH,79900058,https://powerfailure.tshwane.gov.za/Tshwanesms/Map.aspx,"-25.7562,28.1880|PRETORIA#0",2026-10-07 23:02:05.111773+00:00,2026-10-10 12:24:06.234248+00:00,61.37
-25.7517741,28.17966,PRETORIA,NANA SITA  STREET,TSH,79900058,https://powerfailure.tshwane.gov.za/Tshwanesms/Map.aspx,"-25.7518,28.1797|PRETORIA#0",2026-10-07 23:02:05.111773+00:00,2026-10-10 12:24:06.234248+00:00,61.37
-25.8595065,28.1674477,BRONBERRIK,KILDARE AVENUE,TSH,79900066,https://powerfailure.tshwane.gov.za/Tshwanesms/Map.aspx,"-25.8595,28.1674|BRONBERRIK#0",2026-10-10 12:24:06.234248+00:00,2026-10-10 12:24:06.234248+00:00,0.0
-25.8604701,28.1705688,BRONBERRIK,WICKLOW ROAD,TSH,79900066,https://powerfailure.tshwane.gov.za/Tshwanesms/Map.aspx,"-25.8605,28.1706|BRONBERRIK#0",2026-10-10 12:24:06.234248+00:00,2026-10-10 12:24:06.234248+00:00,0.0
-25.7256995,28.1867979,CAPITAL PARK,VAN HEERDEN STREET,TSH,79900001,https://powerfailure.tshwane.gov.za/Tshwanesms/Map.aspx,"-25.7257,28.1868|CAPITAL PARK#0",2026-10-08 17:51:27.458247+00:00,2026-10-10 12:24:06.234248+00:00,42.54
-25.8648554,28.1351099,CELTISDAL X23,BASSON ROAD,TSH,79900070,https://powerfailure.tshwane.gov.za/Tshwanesms/Map.aspx,"-25.8649,28.1351|CELTISDAL X23#0",2026-10-10 12:24:06.234248+00:00,2026-10-10 12:24:06.234248+00:00,0.0
-25.4689695,28.0881203,SOSHANGUVE-GG,STAND 938,TSH,79900094,https://powerfailure.tshwane.gov.za/Tshwanesms/Map.aspx,"-25.4690,28.0881|SOSHANGUVE-GG#0",2026-10-10 12:24:06.234248+00:00,2026-10-10 12:24:06.234248+00:00,0.0
-25.5193671,28.1051507,SOSHANGUVE-H,STAND 1223,TSH,79900034,https://powerfailure.tshwane.gov.za/Tshwanesms/Map.aspx,"-25.5194,28.1052|SOSHANGUVE-H#0",2026-09-28 21:54:04.654174+00:00,2026-10-10 12:24:06.234248+00:00,278.5
-25.5215911,28.1110074,SOSHANGUVE-H,STAND 1948,TSH,79900034,https://powerfailure.tshwane.gov.za/Tshwanesms/Map.aspx,"-25.5216,28.1110|SOSHANGUVE-H#0",2026-09-28 21:54:04.654174+00:00,2026-10-10 12:24:06.234248+00:00,278.5
-25.6485512,28.244172,DOORNPOORT,PEERBOOM STREET,TSH,79900096,https://powerfailure.tshwane.gov.za/Tshwanesms/Map.aspx,"-25.6486,28.2442|DOORNPOORT#0",2026-09-25 10:58:56.127220+00:00,2026-10-10 12:24:06.234248+00:00,361.42
-25.644827,28.242641,DOORNPOORT,PEERBOOM STREET,TSH,79900096,https://powerfailure.tshwane.gov.za/Tshwanesms/Map.aspx,"-25.6448,28.2426|DOORNPOORT#0",2026-09-25 10:58:56.127220+00:00,2026-10-10 12:24:06.234248+00:00,361.42
-25.6521358,28.2424849,DOORNPOORT,FOXGLOVE STREET,TSH,79900096,https://powerfailure.tshwane.gov.za/Tshwanesms/Map.aspx,"-25.6521,28.2425|DOORNPOORT#0",2026-09-25 10:58:56.127220+00:00,2026-10-10 12:24:06.234248+00:00,361.42
-25.6558003,28.2508979,DOORNPOORT X31,AMANDELBOOM ROAD,TSH,79900096,https://powerfailure.tshwane.gov.za/Tshwanesms/Map.aspx,"-25.6558,28.2509|DOORNPOORT X31#0",2026-10-09 13:08:42.013082+00:00,2026-10-10 12:24:06.234248+00:00,23.26
-25.6524873,28.2560363,DOORNPOORT X32,OVENBUSH STREET,TSH,79900096,https://powerfailure.tshwane.gov.za/Tshwanesms/Map.aspx,"-25.6525,28.2560|DOORNPOORT X32#0",2026-10-09 13:08:42.013082+00:00,2026-10-10 12:24:06.234248+00:00,23.26
-25.6562909,28.2519951,DOORNPOORT X33,AMANDELBOOM ROAD,TSH,79900096,https://powerfailure.tshwane.gov.za/Tshwanesms/Map.aspx,"-25.6563,28.2520|DOORNPOORT X33#0",2026-10-09 13:08:42.013082+00:00,2026-10-10 12:24:06.234248+00:00,23.26
-25.6544294,28.2582741,DOORNPOORT X34,HEATH STREET,TSH,79900096,https://powerfailure.tshwane.gov.za/Tshwanesms/Map.aspx,"-25.6544,28.2583|DOORNPOORT X34#0",2026-10-05 15:56:27.539408+00:00,2026-10-10 12:24:06.234248+00:00,116.46
-25.6513816,28.2654475,DOORNPOORT X40,RIVEA STREET,TSH,79900096,https://powerfailure.tshwane.gov.za/Tshwanesms/Map.aspx,"-25.6514,28.2654|DOORNPOORT X40#0",2026-10-09 13:08:42.013082+00:00,2026-10-10 12:24:06.234248+00:00,23.26
-25.6517076,28.2725242,DOORNPOORT X41,HESSEA STREET,TSH,79900096,https://powerfailure.tshwane.gov.za/Tshwanesms/Map.aspx,"-25.6517,28.2725|DOORNPOORT X41#0",2026-10-09 13:08:42.013082+00:00,2026-10-10 12:24:06.234248+00:00,23.26
-25.6519084,28.2733841,DOORNPOORT X42,AZIMA STREET,TSH,79900096,https://powerfailure.tshwane.gov.za/Tshwanesms/Map.aspx,"-25.6519,28.2734|DOORNPOORT X42#0",2026-10-09 13:08:42.013082+00:00,2026-10-10 12:24:06.234248+00:00,23.26
-25.6519084,28.2733841,DOORNPOORT X42,AZIMA STREET,TSH,79900096,https://powerfailure.tshwane.gov.za/Tshwanesms/Map.aspx,"-25.6519,28.2734|DOORNPOORT X42#1",2026-10-09 13:08:42.013082+00:00,2026-10-10 12:24:06.234248+00:00,23.26
-25.8871346,28.2563148,DOORNKLOOF 391-JR,STAND,TSH,79900065,https://powerfailure.tshwane.gov.za/Tshwanesms/Map.aspx,"-25.8871,28.2563|DOORNKLOOF 391-JR#0",2026-10-09 19:30:15.533813+00:00,2026-10-10 12:24:06.234248+00:00,16.9
-25.6975914,28.2745641,EAST LYNNE,POORTSIG STREET,TSH,79900052,https://powerfailure.tshwane.gov.za/Tshwanesms/Map.aspx,"-25.6976,28.2746|EAST LYNNE#0",2026-09-27 12:57:55.429519+00:00,2026-10-10 12:24:06.234248+00:00,311.44
-25.7051525,28.3119624,EERSTERUST X06,WYNBERG AVENUE,TSH,79900043,https://powerfailure.tshwane.gov.za/Tshwanesms/Map.aspx,"-25.7052,28.3120|EERSTERUST X06#0",2026-10-09 19:30:15.533813+00:00,2026-10-10 12:24:06.234248+00:00,16.9
-25.7063149,28.3117923,EERSTERUST X06,ROYAL STREET,TSH,79900043,https://powerfailure.tshwane.gov.za/Tshwanesms/Map.aspx,"-25.7063,28.3118|EERSTERUST X06#0",2026-10-09 19:30:15.533813+00:00,2026-10-10 12:24:06.234248+00:00,16.9
-25.8361029,28.2555395,ELARDUS PARK X02,JASPER STREET,TSH,79900047,https://powerfailure.tshwane.gov.za/Tshwanesms/Map.aspx,"-25.8361,28.2555|ELARDUS PARK X02#0",2026-09-23 15:54:26.696532+00:00,2026-10-10 12:24:06.234248+00:00,404.49
-25.7129384,28.1915943,ELOFFSDAL,FRANZINA STREET,TSH,79900053,https://powerfailure.tshwane.gov.za/Tshwanesms/Map.aspx,"-25.7129,28.1916|ELOFFSDAL#0",2026-10-10 12:24:06.234248+00:00,2026-10-10 12:24:06.234248+00:00,0.0
-25.7858158,28.2991057,FAERIE GLEN X01,TREVOR GETHING STREET,TSH,79900046,https://powerfailure.tshwane.gov.za/Tshwanesms/Map.aspx,"-25.7858,28.2991|FAERIE GLEN X01#0",2026-10-10 12:24:06.234248+00:00,2026-10-10 12:24:06.234248+00:00,0.0
-25.7896283,28.3241589,FAERIE GLEN X08,OLD FARM ROAD,TSH,79900044,https://powerfailure.tshwane.gov.za/Tshwanesms/Map.aspx,"-25.7896,28.3242|FAERIE GLEN X08#0",2026-10-01 13:04:14.443671+00:00,2026-10-10 12:24:06.234248+00:00,215.33
-25.6854523,28.1529875,FLORAUNA,FLORAUNA ROAD,TSH,79900002,https://powerfailure.tshwane.gov.za/Tshwanesms/Map.aspx,"-25.6855,28.1530|FLORAUNA#0",2026-10-09 13:08:42.013082+00:00,2026-10-10 12:24:06.234248+00:00,23.26
-25.6839133,28.1496802,FLORAUNA X02,BERG AVENUE,TSH,79900002,https://powerfailure.tshwane.gov.za/Tshwanesms/Map.aspx,"-25.6839,28.1497|FLORAUNA X02#0",2026-10-09 13:08:42.013082+00:00,2026-10-10 12:24:06.234248+00:00,23.26
-25.6871949,28.1497307,FLORAUNA X02,FAUNA ROAD,TSH,79900002,https://powerfailure.tshwane.gov.za/Tshwanesms/Map.aspx,"-25.6872,28.1497|FLORAUNA X02#0",2026-10-09 13:08:42.013082+00:00,2026-10-10 12:24:06.234248+00:00,23.26
-25.6819514,28.1624586,FLORAUNA X01,OXALIS AVENUE,TSH,79900002,https://powerfailure.tshwane.gov.za/Tshwanesms/Map.aspx,"-25.6820,28.1625|FLORAUNA X01#0",2026-10-09 13:08:42.013082+00:00,2026-10-10 12:24:06.234248+00:00,23.26
-25.6848839,28.1604358,FLORAUNA X05,BERG AVENUE,TSH,79900002,https://powerfailure.tshwane.gov.za/Tshwanesms/Map.aspx,"-25.6849,28.1604|FLORAUNA X05#0",2026-10-09 13:08:42.013082+00:00,2026-10-10 12:24:06.234248+00:00,23.26
-25.6834496,28.1605675,FLORAUNA X05,SORAYA STREET,TSH,79900002,https://powerfailure.tshwane.gov.za/Tshwanesms/Map.aspx,"-25.6834,28.1606|FLORAUNA X05#0",2026-10-09 13:08:42.013082+00:00,2026-10-10 12:24:06.234248+00:00,23.26
-25.7131711,28.2825652,LINDO PARK,CARNATION STREET,TSH,79900052,https://powerfailure.tshwane.gov.za/Tshwanesms/Map.aspx,"-25.7132,28.2826|LINDO PARK#0",2026-10-03 08:01:40.485595+00:00,2026-10-10 12:24:06.234248+00:00,172.37
-25.7136844,28.2781118,LINDO PARK X01,JACARANDA STREET,TSH,79900052,https://powerfailure.tshwane.gov.za/Tshwanesms/Map.aspx,"-25.7137,28.2781|LINDO PARK X01#0",2026-10-08 17:51:27.458247+00:00,2026-10-10 12:24:06.234248+00:00,42.54
-25.7165041,28.3669555,MAMELODI,STAND 12384,TSH,79900028,https://powerfailure.tshwane.gov.za/Tshwanesms/Map.aspx,"-25.7165,28.3670|MAMELODI#0",2026-09-23 15:54:26.696532+00:00,2026-10-10 12:24:06.234248+00:00,404.49
-25.705416,28.4114203,MAHUBE VALLEY X03,KHENSANI STREET,TSH,79900017,https://powerfailure.tshwane.gov.za/Tshwanesms/Map.aspx,"-25.7054,28.4114|MAHUBE VALLEY X03#0",2026-09-30 23:43:30.173884+00:00,2026-10-10 12:24:06.234248+00:00,228.68
-25.7047736,28.4090366,MAHUBE VALLEY X03,MAHUBE VALLEY,TSH,79900017,https://powerfailure.tshwane.gov.za/Tshwanesms/Map.aspx,"-25.7048,28.4090|MAHUBE VALLEY X03#0",2026-09-30 23:43:30.173884+00:00,2026-10-10 12:24:06.234248+00:00,228.68
-25.7498132,28.2997268,MURRAYFIELD,CLYDE STREET,TSH,79900041,https://powerfailure.tshwane.gov.za/Tshwanesms/Map.aspx,"-25.7498,28.2997|MURRAYFIELD#0",2026-10-09 13:08:42.013082+00:00,2026-10-10 12:24:06.234248+00:00,23.26
-25.7479385,28.3032964,MURRAYFIELD,GRACE AVENUE,TSH,79900041,https://powerfailure.tshwane.gov.za/Tshwanesms/Map.aspx,"-25.7479,28.3033|MURRAYFIELD#0",2026-10-08 17:51:27.458247+00:00,2026-10-10 12:24:06.234248+00:00,42.54
-25.7564927,28.3008381,MURRAYFIELD X01,GRISELDA ROAD,TSH,79900046,https://powerfailure.tshwane.gov.za/Tshwanesms/Map.aspx,"-25.7565,28.3008|MURRAYFIELD X01#0",2026-10-01 23:08:04.564933+00:00,2026-10-10 12:24:06.234248+00:00,205.27
-25.7349625,28.3479995,NELLMAPIUS,SWARTKOPPIES AVENUE,TSH,79900086,https://powerfailure.tshwane.gov.za/Tshwanesms/Map.aspx,"-25.7350,28.3480|NELLMAPIUS#0",2026-09-26 14:25:10.204350+00:00,2026-10-10 12:24:06.234248+00:00,333.98
-25.7353565,28.3492383,NELLMAPIUS,MAPIUS- PLACE,TSH,79900086,https://powerfailure.tshwane.gov.za/Tshwanesms/Map.aspx,"-25.7354,28.3492|NELLMAPIUS#0",2026-09-26 14:25:10.204350+00:00,2026-10-10 12:24:06.234248+00:00,333.98
-25.7391024,28.3498192,NELLMAPIUS,BURGERSFORT STREET,TSH,79900086,https://powerfailure.tshwane.gov.za/Tshwanesms/Map.aspx,"-25.7391,28.3498|NELLMAPIUS#0",2026-09-26 14:25:10.204350+00:00,2026-10-10 12:24:06.234248+00:00,333.98
-25.7404839,28.3485445,NELLMAPIUS,MOTITNTINYANE STREET,TSH,79900086,https://powerfailure.tshwane.gov.za/Tshwanesms/Map.aspx,"-25.7405,28.3485|NELLMAPIUS#0",2026-09-23 15:54:26.696532+00:00,2026-10-10 12:24:06.234248+00:00,404.49
-25.7404839,28.3485445,NELLMAPIUS,MORERI ROAD,TSH,79900086,https://powerfailure.tshwane.gov.za/Tshwanesms/Map.aspx,"-25.7405,28.3485|NELLMAPIUS#1",2026-09-23 15:54:26.696532+00:00,2026-10-10 12:24:06.234248+00:00,404.49
-25.7404839,28.3485445,NELLMAPIUS,BLACK STORK STREET,TSH,79900086,https://powerfailure.tshwane.gov.za/Tshwanesms/Map.aspx,"-25.7405,28.3485|NELLMAPIUS#2",2026-09-23 15:54:26.696532+00:00,2026-10-10 12:24:06.234248+00:00,404.49
-25.7404839,28.3485445,NELLMAPIUS,FATLHA STREET,TSH,79900086,https://powerfailure.tshwane.gov.za/Tshwanesms/Map.aspx,"-25.7405,28.3485|NELLMAPIUS#3",2026-10-02 18:22:22.786014+00:00,2026-10-10 12:24:06.234248+00:00,186.03
-25.7404839,28.3485445,NELLMAPIUS,BIGHT,TSH,79900086,https://powerfailure.tshwane.gov.za/Tshwanesms/Map.aspx,"-25.7405,28.3485|NELLMAPIUS#4",2026-10-06 17:09:53.951304+00:00,2026-10-10 12:24:06.234248+00:00,91.24
-25.7404839,28.3485445,NELLMAPIUS,BRAKDORING STREET,TSH,79900086,https://powerfailure.tshwane.gov.za/Tshwanesms/Map.aspx,"-25.7405,28.3485|NELLMAPIUS#5",2026-10-06 22:37:35.817764+00:00,2026-10-10 12:24:06.234248+00:00,85.78
-25.7404839,28.3485445,NELLMAPIUS,SELATI STREET,TSH,79900086,https://powerfailure.tshwane.gov.za/Tshwanesms/Map.aspx,"-25.7405,28.3485|NELLMAPIUS#6",2026-10-08 10:27:19.292786+00:00,2026-10-10 12:24:06.234248+00:00,49.95
-25.7404839,28.3485445,NELLMAPIUS,MONTINTINYANE STREET,TSH,79900086,https://powerfailure.tshwane.gov.za/Tshwanesms/Map.aspx,"-25.7405,28.3485|NELLMAPIUS#7",2026-10-09 13:08:42.013082+00:00,2026-10-10 12:24:06.234248+00:00,23.26
-25.740205,28.3474248,NELLMAPIUS,LOERIESFONTEIN CRESCENT,TSH,79900086,https://powerfailure.tshwane.gov.za/Tshwanesms/Map.aspx,"-25.7402,28.3474|NELLMAPIUS#0",2026-09-26 14:25:10.204350+00:00,2026-10-10 12:24:06.234248+00:00,333.98
-25.7314281,28.3675094,NELLMAPIUS X03,ACES STREET,TSH,79900086,https://powerfailure.tshwane.gov.za/Tshwanesms/Map.aspx,"-25.7314,28.3675|NELLMAPIUS X03#0",2026-09-23 15:54:26.696532+00:00,2026-10-10 12:24:06.234248+00:00,404.49
-25.7303586,28.3678467,NELLMAPIUS X03,BLACKLEOPARD STREET,TSH,79900086,https://powerfailure.tshwane.gov.za/Tshwanesms/Map.aspx,"-25.7304,28.3678|NELLMAPIUS X03#0",2026-09-23 15:54:26.696532+00:00,2026-10-10 12:24:06.234248+00:00,404.49
-25.7345997,28.3626888,NELLMAPIUS X04,STERKTE CRESCENT,TSH,79900028,https://powerfailure.tshwane.gov.za/Tshwanesms/Map.aspx,"-25.7346,28.3627|NELLMAPIUS X04#0",2026-10-06 22:37:35.817764+00:00,2026-10-10 12:24:06.234248+00:00,85.78
-25.7333438,28.3621558,NELLMAPIUS X04,HALLELUJAH CRESCENT,TSH,79900028,https://powerfailure.tshwane.gov.za/Tshwanesms/Map.aspx,"-25.7333,28.3622|NELLMAPIUS X04#0",2026-09-26 14:25:10.204350+00:00,2026-10-10 12:24:06.234248+00:00,333.98
-25.7221932,28.2122258,RIETFONTEIN,14TH AVENUE,TSH,79900053,https://powerfailure.tshwane.gov.za/Tshwanesms/Map.aspx,"-25.7222,28.2122|RIETFONTEIN#0",2026-10-07 23:02:05.111773+00:00,2026-10-10 12:24:06.234248+00:00,61.37
-25.6989173,28.2321295,RIETFONTEIN,28TH AVENUE,TSH,79900052,https://powerfailure.tshwane.gov.za/Tshwanesms/Map.aspx,"-25.6989,28.2321|RIETFONTEIN#0",2026-10-07 23:02:05.111773+00:00,2026-10-10 12:24:06.234248+00:00,61.37
-25.6977799,28.2312378,RIETFONTEIN,28TH AVENUE,TSH,79900052,https://powerfailure.tshwane.gov.za/Tshwanesms/Map.aspx,"-25.6978,28.2312|RIETFONTEIN#0",2026-10-07 23:02:05.111773+00:00,2026-10-10 12:24:06.234248+00:00,61.37
-25.6975203,28.2320435,RIETFONTEIN,28TH AVENUE,TSH,79900052,https://powerfailure.tshwane.gov.za/Tshwanesms/Map.aspx,"-25.6975,28.2320|RIETFONTEIN#0",2026-10-07 23:02:05.111773+00:00,2026-10-10 12:24:06.234248+00:00,61.37
-25.854765,28.1741644,ZWARTKOP X07,RHINO STREET,TSH,79900066,https://powerfailure.tshwane.gov.za/Tshwanesms/Map.aspx,"-25.8548,28.1742|ZWARTKOP X07#0",2026-10-10 12:24:06.234248+00:00,2026-10-10 12:24:06.234248+00:00,0.0
-25.6874581,28.2652433,MONTANA PARK X01,SPOONBILL STREET,TSH,79900005,https://powerfailure.tshwane.gov.za/Tshwanesms/Map.aspx,"-25.6875,28.2652|MONTANA PARK X01#0",2026-09-29 08:23:13.536342+00:00,2026-10-10 12:24:06.234248+00:00,268.01
-25.6868961,28.2603073,MONTANA PARK X40,DABCHICK STREET,TSH,79900005,https://powerfailure.tshwane.gov.za/Tshwanesms/Map.aspx,"-25.6869,28.2603|MONTANA PARK X40#0",2026-09-29 08:23:13.536342+00:00,2026-10-10 12:24:06.234248+00:00,268.01
-25.6863514,28.2611923,MONTANA PARK X40,RIETHAAN STREET,TSH,79900005,https://powerfailure.tshwane.gov.za/Tshwanesms/Map.aspx,"-25.6864,28.2612|MONTANA PARK X40#0",2026-09-23 15:54:26.696532+00:00,2026-10-10 12:24:06.234248+00:00,404.49
-25.689148,28.2638312,MONTANA PARK X46,BESEMBIESIE ROAD,TSH,79900005,https://powerfailure.tshwane.gov.za/Tshwanesms/Map.aspx,"-25.6891,28.2638|MONTANA PARK X46#0",2026-09-29 20:42:53.961596+00:00,2026-10-10 12:24:06.234248+00:00,255.69
-25.5053926,28.0940751,SOSHANGUVE-AA,STAND 1135,TSH,79900029,https://powerfailure.tshwane.gov.za/Tshwanesms/Map.aspx,"-25.5054,28.0941|SOSHANGUVE-AA#0",2026-09-29 08:23:13.536342+00:00,2026-10-10 12:24:06.234248+00:00,268.01
-25.7289307,28.1383246,CLAREMONT,MINERAL STREET,TSH,79900055,https://powerfailure.tshwane.gov.za/Tshwanesms/Map.aspx,"-25.7289,28.1383|CLAREMONT#0",2026-10-10 00:00:01.978931+00:00,2026-10-10 12:24:06.234248+00:00,12.4
-25.4857539,28.1022214,SOSHANGUVE-BB,STAND 739,TSH,79900026,https://powerfailure.tshwane.gov.za/Tshwanesms/Map.aspx,"-25.4858,28.1022|SOSHANGUVE-BB#0",2026-09-29 20:42:53.961596+00:00,2026-10-10 12:24:06.234248+00:00,255.69
-25.4951816,28.1028327,SOSHANGUVE-BB,STAND 1000,TSH,79900033,https://powerfailure.tshwane.gov.za/Tshwanesms/Map.aspx,"-25.4952,28.1028|SOSHANGUVE-BB#0",2026-09-29 20:42:53.961596+00:00,2026-10-10 12:24:06.234248+00:00,255.69
-25.47912,28.097723,SOSHANGUVE-FF,STAND 1482/10,TSH,79900094,https://powerfailure.tshwane.gov.za/Tshwanesms/Map.aspx,"-25.4791,28.0977|SOSHANGUVE-FF#0",2026-09-29 20:42:53.961596+00:00,2026-10-10 12:24:06.234248+00:00,255.69
-25.5082115,28.1085702,SOSHANGUVE-G,STAND 336,TSH,79900033,https://powerfailure.tshwane.gov.za/Tshwanesms/Map.aspx,"-25.5082,28.1086|SOSHANGUVE-G#0",2026-10-07 10:10:01.835441+00:00,2026-10-10 12:24:06.234248+00:00,74.23
-25.50998,28.1171252,SOSHANGUVE-G,STAND 1241,TSH,79900033,https://powerfailure.tshwane.gov.za/Tshwanesms/Map.aspx,"-25.5100,28.1171|SOSHANGUVE-G#0",2026-10-09 19:30:15.533813+00:00,2026-10-10 12:24:06.234248+00:00,16.9
-25.5310621,28.1145921,SOSHANGUVE-L,STAND,TSH,79900035,https://powerfailure.tshwane.gov.za/Tshwanesms/Map.aspx,"-25.5311,28.1146|SOSHANGUVE-L#0",2026-09-23 15:54:26.696532+00:00,2026-10-10 12:24:06.234248+00:00,404.49
-25.533245,28.1140698,SOSHANGUVE-L,STAND 3310,TSH,79900035,https://powerfailure.tshwane.gov.za/Tshwanesms/Map.aspx,"-25.5332,28.1141|SOSHANGUVE-L#0",2026-09-29 20:42:53.961596+00:00,2026-10-10 12:24:06.234248+00:00,255.69
-25.5492923,28.106146,SOSHANGUVE-L X01,MALIBONGWE STREET,TSH,79900035,https://powerfailure.tshwane.gov.za/Tshwanesms/Map.aspx,"-25.5493,28.1061|SOSHANGUVE-L X01#0",2026-10-08 17:51:27.458247+00:00,2026-10-10 12:24:06.234248+00:00,42.54
-25.5314021,28.092551,SOSHANGUVE-M,IMPANGELE STREET,TSH,79900035,https://powerfailure.tshwane.gov.za/Tshwanesms/Map.aspx,"-25.5314,28.0926|SOSHANGUVE-M#0",2026-09-30 23:43:30.173884+00:00,2026-10-10 12:24:06.234248+00:00,228.68
-25.5487363,28.0812919,SOSHANGUVE-M X01,STAND 1707,TSH,79900036,https://powerfailure.tshwane.gov.za/Tshwanesms/Map.aspx,"-25.5487,28.0813|SOSHANGUVE-M X01#0",2026-10-07 23:02:05.111773+00:00,2026-10-10 12:24:06.234248+00:00,61.37
-25.5478381,28.0824528,SOSHANGUVE-M X01,STAND 1849,TSH,79900036,https://powerfailure.tshwane.gov.za/Tshwanesms/Map.aspx,"-25.5478,28.0825|SOSHANGUVE-M X01#0",2026-09-29 20:42:53.961596+00:00,2026-10-10 12:24:06.234248+00:00,255.69
-25.5506603,28.0776956,SOSHANGUVE-M X01,STAND 1996,TSH,79900036,https://powerfailure.tshwane.gov.za/Tshwanesms/Map.aspx,"-25.5507,28.0777|SOSHANGUVE-M X01#0",2026-09-29 20:42:53.961596+00:00,2026-10-10 12:24:06.234248+00:00,255.69
-25.5497043,28.0761887,SOSHANGUVE-M X01,STAND 2235,TSH,79900036,https://powerfailure.tshwane.gov.za/Tshwanesms/Map.aspx,"-25.5497,28.0762|SOSHANGUVE-M X01#0",2026-09-29 20:42:53.961596+00:00,2026-10-10 12:24:06.234248+00:00,255.69
-25.7948689,28.2971648,GARSFONTEIN X07,DE BRON ROAD,TSH,79900045,https://powerfailure.tshwane.gov.za/Tshwanesms/Map.aspx,"-25.7949,28.2972|GARSFONTEIN X07#0",2026-10-10 12:24:06.234248+00:00,2026-10-10 12:24:06.234248+00:00,0.0
-25.7952827,28.2958891,GARSFONTEIN X07,CHELSEA CRESCENT,TSH,79900045,https://powerfailure.tshwane.gov.za/Tshwanesms/Map.aspx,"-25.7953,28.2959|GARSFONTEIN X07#0",2026-10-10 12:24:06.234248+00:00,2026-10-10 12:24:06.234248+00:00,0.0
-25.7970086,28.3113497,GARSFONTEIN X01,SHER STREET,TSH,79900044,https://powerfailure.tshwane.gov.za/Tshwanesms/Map.aspx,"-25.7970,28.3113|GARSFONTEIN X01#0",2026-10-10 12:24:06.234248+00:00,2026-10-10 12:24:06.234248+00:00,0.0
-25.8027412,28.2969935,GARSFONTEIN X02,HANNARIE ROAD,TSH,79900045,https://powerfailure.tshwane.gov.za/Tshwanesms/Map.aspx,"-25.8027,28.2970|GARSFONTEIN X02#0",2026-10-10 12:24:06.234248+00:00,2026-10-10 12:24:06.234248+00:00,0.0
-25.7982957,28.2924921,GARSFONTEIN X03,NESER STREET,TSH,79900045,https://powerfailure.tshwane.gov.za/Tshwanesms/Map.aspx,"-25.7983,28.2925|GARSFONTEIN X03#0",2026-10-10 12:24:06.234248+00:00,2026-10-10 12:24:06.234248+00:00,0.0
-25.7995283,28.2904349,GARSFONTEIN X03,KEESHOND STREET,TSH,79900045,https://powerfailure.tshwane.gov.za/Tshwanesms/Map.aspx,"-25.7995,28.2904|GARSFONTEIN X03#0",2026-10-10 12:24:06.234248+00:00,2026-10-10 12:24:06.234248+00:00,0.0
-25.799131,28.2988625,GARSFONTEIN X05,WINDSOR ROAD,TSH,79900045,https://powerfailure.tshwane.gov.za/Tshwanesms/Map.aspx,"-25.7991,28.2989|GARSFONTEIN X05#0",2026-10-10 12:24:06.234248+00:00,2026-10-10 12:24:06.234248+00:00,0.0
-25.7901832,28.2983799,GARSFONTEIN X06,LIESL STREET,TSH,79900045,https://powerfailure.tshwane.gov.za/Tshwanesms/Map.aspx,"-25.7902,28.2984|GARSFONTEIN X06#0",2026-10-10 12:24:06.234248+00:00,2026-10-10 12:24:06.234248+00:00,0.0
-25.792609,28.2944425,GARSFONTEIN X08,RONALD STREET,TSH,79900045,https://powerfailure.tshwane.gov.za/Tshwanesms/Map.aspx,"-25.7926,28.2944|GARSFONTEIN X08#0",2026-10-10 12:24:06.234248+00:00,2026-10-10 12:24:06.234248+00:00,0.0
-25.7924851,28.2871362,GARSFONTEIN X08,JESSIE COLLINS STREET,TSH,79900045,https://powerfailure.tshwane.gov.za/Tshwanesms/Map.aspx,"-25.7925,28.2871|GARSFONTEIN X08#0",2026-10-10 12:24:06.234248+00:00,2026-10-10 12:24:06.234248+00:00,0.0
-25.7932605,28.2902842,GARSFONTEIN X08,SERENE STREET,TSH,79900045,https://powerfailure.tshwane.gov.za/Tshwanesms/Map.aspx,"-25.7933,28.2903|GARSFONTEIN X08#0",2026-10-10 12:24:06.234248+00:00,2026-10-10 12:24:06.234248+00:00,0.0
-25.8012838,28.3040873,GARSFONTEIN X14,MIAS STREET,TSH,79900045,https://powerfailure.tshwane.gov.za/Tshwanesms/Map.aspx,"-25.8013,28.3041|GARSFONTEIN X14#0",2026-10-10 12:24:06.234248+00:00,2026-10-10 12:24:06.234248+00:00,0.0
-25.7988761,28.3021905,GARSFONTEIN X17,COCOS PLACE,TSH,79900045,https://powerfailure.tshwane.gov.za/Tshwanesms/Map.aspx,"-25.7989,28.3022|GARSFONTEIN X17#0",2026-10-10 12:24:06.234248+00:00,2026-10-10 12:24:06.234248+00:00,0.0
-25.8059562,28.3021282,GARSFONTEIN X15,DELFI AVENUE,TSH,79900045,https://powerfailure.tshwane.gov.za/Tshwanesms/Map.aspx,"-25.8060,28.3021|GARSFONTEIN X15#0",2026-10-03 13:19:32.931617+00:00,2026-10-10 12:24:06.234248+00:00,167.08
-25.8059562,28.3021282,GARSFONTEIN X15,DELFI AVENUE,TSH,79900045,https://powerfailure.tshwane.gov.za/Tshwanesms/Map.aspx,"-25.8060,28.3021|GARSFONTEIN X15#1",2026-10-06 10:08:41.992184+00:00,2026-10-10 12:24:06.234248+00:00,98.26
-25.7228124,28.3751594,MAMELODI,STAND 20758,TSH,79900015,https://powerfailure.tshwane.gov.za/Tshwanesms/Map.aspx,"-25.7228,28.3752|MAMELODI#0",2026-09-26 04:51:34.754667+00:00,2026-10-10 12:24:06.234248+00:00,343.54
-25.7258435,28.3972952,MAMELODI X03,STAND 21602,TSH,79900015,https://powerfailure.tshwane.gov.za/Tshwanesms/Map.aspx,"-25.7258,28.3973|MAMELODI X03#0",2026-09-23 15:54:26.696532+00:00,2026-10-10 12:24:06.234248+00:00,404.49
-25.7158036,28.4170165,MAMELODI X08,BENJAMIN SEEMA CRESCENT,TSH,79900017,https://powerfailure.tshwane.gov.za/Tshwanesms/Map.aspx,"-25.7158,28.4170|MAMELODI X08#0",2026-10-09 13:08:42.013082+00:00,2026-10-10 12:24:06.234248+00:00,23.26
-25.737866,28.3880963,NELLMAPIUS X08,UMKHENCE STREET,TSH,79900015,https://powerfailure.tshwane.gov.za/Tshwanesms/Map.aspx,"-25.7379,28.3881|NELLMAPIUS X08#0",2026-09-23 15:54:26.696532+00:00,2026-10-10 12:24:06.234248+00:00,404.49
-25.910428,28.1005439,OLIEVENHOUTBOS X15,INOMFI STREET,TSH,79900106,https://powerfailure.tshwane.gov.za/Tshwanesms/Map.aspx,"-25.9104,28.1005|OLIEVENHOUTBOS X15#0",2026-10-08 10:27:19.292786+00:00,2026-10-10 12:24:06.234248+00:00,49.95
-25.9165659,28.0969413,OLIEVENHOUTBOS X23,IMBONGOLO AVENUE,TSH,79900106,https://powerfailure.tshwane.gov.za/Tshwanesms/Map.aspx,"-25.9166,28.0969|OLIEVENHOUTBOS X23#0",2026-10-08 10:27:19.292786+00:00,2026-10-10 12:24:06.234248+00:00,49.95
-25.7440267,28.1685626,PRETORIA,LUTTIG STREET,TSH,79900058,https://powerfailure.tshwane.gov.za/Tshwanesms/Map.aspx,"-25.7440,28.1686|PRETORIA#0",2026-10-09 13:08:42.013082+00:00,2026-10-10 12:24:06.234248+00:00,23.26
-25.809769,28.3063457,PRETORIUSPARK,PATRYSHOND STREET,TSH,79900045,https://powerfailure.tshwane.gov.za/Tshwanesms/Map.aspx,"-25.8098,28.3063|PRETORIUSPARK#0",2026-09-29 08:23:13.536342+00:00,2026-10-10 12:24:06.234248+00:00,268.01
-25.8123457,28.3102743,PRETORIUSPARK X06,BEAGLE ROAD,TSH,79900045,https://powerfailure.tshwane.gov.za/Tshwanesms/Map.aspx,"-25.8123,28.3103|PRETORIUSPARK X06#0",2026-09-29 08:23:13.536342+00:00,2026-10-10 12:24:06.234248+00:00,268.01
-25.6750211,28.2223864,SINOVILLE,PONGOLA AVENUE,TSH,79900050,https://powerfailure.tshwane.gov.za/Tshwanesms/Map.aspx,"-25.6750,28.2224|SINOVILLE#0",2026-10-04 06:47:51.169722+00:00,2026-10-10 12:24:06.234248+00:00,149.6
-25.6842826,28.2197669,SINOVILLE,LIMPOPO AVENUE,TSH,79900050,https://powerfailure.tshwane.gov.za/Tshwanesms/Map.aspx,"-25.6843,28.2198|SINOVILLE#0",2026-10-06 10:08:41.992184+00:00,2026-10-10 12:24:06.234248+00:00,98.26
-25.6836303,28.2230385,SINOVILLE,VINKO STREET,TSH,79900050,https://powerfailure.tshwane.gov.za/Tshwanesms/Map.aspx,"-25.6836,28.2230|SINOVILLE#0",2026-10-06 17:09:53.951304+00:00,2026-10-10 12:24:06.234248+00:00,91.24
-25.6874904,28.2241861,SINOVILLE,DOMINIKA STREET,TSH,79900050,https://powerfailure.tshwane.gov.za/Tshwanesms/Map.aspx,"-25.6875,28.2242|SINOVILLE#0",2026-10-06 17:09:53.951304+00:00,2026-10-10 12:24:06.234248+00:00,91.24
-25.6860899,28.2192464,SINOVILLE,BRAAM PRETORIUS STREET,TSH,79900050,https://powerfailure.tshwane.gov.za/Tshwanesms/Map.aspx,"-25.6861,28.2192|SINOVILLE#0",2026-10-06 10:08:41.992184+00:00,2026-10-10 12:24:06.234248+00:00,98.26
-25.6886233,28.2199909,SINOVILLE,KNYSNA AVENUE,TSH,79900050,https://powerfailure.tshwane.gov.za/Tshwanesms/Map.aspx,"-25.6886,28.2200|SINOVILLE#0",2026-10-06 17:09:53.951304+00:00,2026-10-10 12:24:06.234248+00:00,91.24
-25.8457439,28.1487185,WIERDAPARK X01,BOEKENHOUT ROAD,TSH,79900070,https://powerfailure.tshwane.gov.za/Tshwanesms/Map.aspx,"-25.8457,28.1487|WIERDAPARK X01#0",2026-10-10 12:24:06.234248+00:00,2026-10-10 12:24:06.234248+00:00,0.0
-25.8469591,28.1471863,WIERDAPARK X01,LA DOMAINE CRESCENT,TSH,79900070,https://powerfailure.tshwane.gov.za/Tshwanesms/Map.aspx,"-25.8470,28.1472|WIERDAPARK X01#0",2026-10-10 12:24:06.234248+00:00,2026-10-10 12:24:06.234248+00:00,0.0
-25.847941,28.147237,WIERDAPARK X01,TORTELDUIF ROAD,TSH,79900070,https://powerfailure.tshwane.gov.za/Tshwanesms/Map.aspx,"-25.8479,28.1472|WIERDAPARK X01#0",2026-10-10 12:24:06.234248+00:00,2026-10-10 12:24:06.234248+00:00,0.0
-25.851012,28.1418672,WIERDAPARK X01,WILLEM BOTHA STREET,TSH,79900070,https://powerfailure.tshwane.gov.za/Tshwanesms/Map.aspx,"-25.8510,28.1419|WIERDAPARK X01#0",2026-10-10 12:24:06.234248+00:00,2026-10-10 12:24:06.234248+00:00,0.0
-25.8542863,28.1359664,WIERDAPARK X06,THEUNS VAN NIEKERK STREET,TSH,79900070,https://powerfailure.tshwane.gov.za/Tshwanesms/Map.aspx,"-25.8543,28.1360|WIERDAPARK X06#0",2026-10-10 12:24:06.234248+00:00,2026-10-10 12:24:06.234248+00:00,0.0
-25.8667958,28.1517899,WIERDAPARK X05,LAMBORGHINI AVENUE,TSH,79900070,https://powerfailure.tshwane.gov.za/Tshwanesms/Map.aspx,"-25.8668,28.1518|WIERDAPARK X05#0",2026-10-10 12:24:06.234248+00:00,2026-10-10 12:24:06.234248+00:00,0.0
-25.8651772,28.1519841,WIERDAPARK X05,PORCHE AVENUE,TSH,79900070,https://powerfailure.tshwane.gov.za/Tshwanesms/Map.aspx,"-25.8652,28.1520|WIERDAPARK X05#0",2026-10-10 12:24:06.234248+00:00,2026-10-10 12:24:06.234248+00:00,0.0
-25.7750352,28.3448546,WILLOWGLEN AH,MEERLUST ROAD,TSH,79900085,https://powerfailure.tshwane.gov.za/Tshwanesms/Map.aspx,"-25.7750,28.3449|WILLOWGLEN AH#0",2026-09-23 15:54:26.696532+00:00,2026-10-10 12:24:06.234248+00:00,404.49
-25.6874688,28.2224855,SINOVILLE,KURUMAN AVENUE,TSH,79900050,https://powerfailure.tshwane.gov.za/Tshwanesms/Map.aspx,"-25.6875,28.2225|SINOVILLE#0",2026-10-06 10:08:41.992184+00:00,2026-10-10 12:24:06.234248+00:00,98.26
-25.7462863,28.2981922,VAL-DE-GRACE,HARDEKOOL AVENUE,TSH,79900041,https://powerfailure.tshwane.gov.za/Tshwanesms/Map.aspx,"-25.7463,28.2982|VAL-DE-GRACE#0",2026-09-29 08:23:13.536342+00:00,2026-10-10 12:24:06.234248+00:00,268.01
-25.7455029,28.2982619,VAL-DE-GRACE,GANNABOS STREET,TSH,79900041,https://powerfailure.tshwane.gov.za/Tshwanesms/Map.aspx,"-25.7455,28.2983|VAL-DE-GRACE#0",2026-10-01 13:04:14.443671+00:00,2026-10-10 12:24:06.234248+00:00,215.33
-25.8451622,28.1486129,WIERDAPARK X01,BOEKENHOUT ROAD,TSH,79900070,https://powerfailure.tshwane.gov.za/Tshwanesms/Map.aspx,"-25.8452,28.1486|WIERDAPARK X01#0",2026-10-10 12:24:06.234248+00:00,2026-10-10 12:24:06.234248+00:00,0.0
-25.8449378,28.1486014,WIERDAPARK,PENQUIN CRESCENT,TSH,79900070,https://powerfailure.tshwane.gov.za/Tshwanesms/Map.aspx,"-25.8449,28.1486|WIERDAPARK#0",2026-10-10 12:24:06.234248+00:00,2026-10-10 12:24:06.234248+00:00,0.0
-25.8481898,28.1453018,WIERDAPARK X01,ORIOLE AVENUE,TSH,79900070,https://powerfailure.tshwane.gov.za/Tshwanesms/Map.aspx,"-25.8482,28.1453|WIERDAPARK X01#0",2026-10-10 12:24:06.234248+00:00,2026-10-10 12:24:06.234248+00:00,0.0
-25.8460484,28.1470944,WIERDAPARK X01,BOSDUIF CRESCENT,TSH,79900070,https://powerfailure.tshwane.gov.za/Tshwanesms/Map.aspx,"-25.8460,28.1471|WIERDAPARK X01#0",2026-10-10 12:24:06.234248+00:00,2026-10-10 12:24:06.234248+00:00,0.0
-25.8490777,28.1471356,WIERDAPARK X01,BOSDUIF CRESCENT,TSH,79900070,https://powerfailure.tshwane.gov.za/Tshwanesms/Map.aspx,"-25.8491,28.1471|WIERDAPARK X01#0",2026-10-10 12:24:06.234248+00:00,2026-10-10 12:24:06.234248+00:00,0.0
-25.8496197,28.1463157,WIERDAPARK X01,BOSDUIF CRESCENT,TSH,79900070,https://powerfailure.tshwane.gov.za/Tshwanesms/Map.aspx,"-25.8496,28.1463|WIERDAPARK X01#0",2026-10-10 12:24:06.234248+00:00,2026-10-10 12:24:06.234248+00:00,0.0
-25.8507825,28.1437899,WIERDAPARK X01,BOSDUIF CRESCENT,TSH,79900070,https://powerfailure.tshwane.gov.za/Tshwanesms/Map.aspx,"-25.8508,28.1438|WIERDAPARK X01#0",2026-10-10 12:24:06.234248+00:00,2026-10-10 12:24:06.234248+00:00,0.0
-25.8655407,28.1512525,WIERDAPARK X05,PORCHE AVENUE,TSH,79900070,https://powerfailure.tshwane.gov.za/Tshwanesms/Map.aspx,"-25.8655,28.1513|WIERDAPARK X05#0",2026-10-10 12:24:06.234248+00:00,2026-10-10 12:24:06.234248+00:00,0.0
-25.8647827,28.1511218,WIERDAPARK X05,SUSAN STREET,TSH,79900070,https://powerfailure.tshwane.gov.za/Tshwanesms/Map.aspx,"-25.8648,28.1511|WIERDAPARK X05#0",2026-10-10 12:24:06.234248+00:00,2026-10-10 12:24:06.234248+00:00,0.0
-25.8641363,28.151356,WIERDAPARK X05,SUSAN STREET,TSH,79900070,https://powerfailure.tshwane.gov.za/Tshwanesms/Map.aspx,"-25.8641,28.1514|WIERDAPARK X05#0",2026-10-10 12:24:06.234248+00:00,2026-10-10 12:24:06.234248+00:00,0.0
-25.66072,28.1654924,WOLMER,BAKENKLOOF STREET,TSH,79900002,https://powerfailure.tshwane.gov.za/Tshwanesms/Map.aspx,"-25.6607,28.1655|WOLMER#0",2026-10-09 13:08:42.013082+00:00,2026-10-10 12:24:06.234248+00:00,23.26
-25.6636445,28.1620876,WOLMER,JOPIE FOURIE STREET,TSH,79900002,https://powerfailure.tshwane.gov.za/Tshwanesms/Map.aspx,"-25.6636,28.1621|WOLMER#0",2026-10-09 13:08:42.013082+00:00,2026-10-10 12:24:06.234248+00:00,23.26
-25.665429,28.1602006,WOLMER,PRES STEYN STREET,TSH,79900002,https://powerfailure.tshwane.gov.za/Tshwanesms/Map.aspx,"-25.6654,28.1602|WOLMER#0",2026-10-09 13:08:42.013082+00:00,2026-10-10 12:24:06.234248+00:00,23.26
-25.6681096,28.1580268,WOLMER,STASIE STREET,TSH,79900002,https://powerfailure.tshwane.gov.za/Tshwanesms/Map.aspx,"-25.6681,28.1580|WOLMER#0",2026-10-09 13:08:42.013082+00:00,2026-10-10 12:24:06.234248+00:00,23.26
-25.6683957,28.1585204,WOLMER,HORN STREET,TSH,79900002,https://powerfailure.tshwane.gov.za/Tshwanesms/Map.aspx,"-25.6684,28.1585|WOLMER#0",2026-10-09 13:08:42.013082+00:00,2026-10-10 12:24:06.234248+00:00,23.26
-25.6692476,28.1656268,WOLMER,BAKENKLOOF STREET,TSH,79900002,https://powerfailure.tshwane.gov.za/Tshwanesms/Map.aspx,"-25.6692,28.1656|WOLMER#0",2026-10-09 13:08:42.013082+00:00,2026-10-10 12:24:06.234248+00:00,23.26
-25.6803305,28.2081515,WONDERBOOM,MOERBEI AVENUE,TSH,79900050,https://powerfailure.tshwane.gov.za/Tshwanesms/Map.aspx,"-25.6803,28.2082|WONDERBOOM#0",2026-10-08 10:27:19.292786+00:00,2026-10-10 12:24:06.234248+00:00,49.95
-25.6678965,28.1163318,KARENPARK,BOUNDARY,TSH,79900098,https://powerfailure.tshwane.gov.za/Tshwanesms/Map.aspx,"-25.6679,28.1163|KARENPARK#0",2026-09-23 15:54:26.696532+00:00,2026-10-10 12:24:06.234248+00:00,404.49
-25.5510668,28.0539668,SOSHANGUVE SOUTH X01,STAND 682,TSH,79900039,https://powerfailure.tshwane.gov.za/Tshwanesms/Map.aspx,"-25.5511,28.0540|SOSHANGUVE SOUTH X01#0",2026-10-10 00:00:01.978931+00:00,2026-10-10 12:24:06.234248+00:00,12.4
-25.8384456,28.1493456,ELDORAIGNE,SAXBY AVENUE WEST,TSH,79900069,https://powerfailure.tshwane.gov.za/Tshwanesms/Map.aspx,"-25.8384,28.1493|ELDORAIGNE#0",2026-10-10 12:24:06.234248+00:00,2026-10-10 12:24:06.234248+00:00,0.0
-25.8417323,28.1519299,ELDORAIGNE,GEORGE ROAD,TSH,79900069,https://powerfailure.tshwane.gov.za/Tshwanesms/Map.aspx,"-25.8417,28.1519|ELDORAIGNE#0",2026-10-10 12:24:06.234248+00:00,2026-10-10 12:24:06.234248+00:00,0.0
-25.8432172,28.1505714,ELDORAIGNE,CHRISTOPHER ROAD,TSH,79900069,https://powerfailure.tshwane.gov.za/Tshwanesms/Map.aspx,"-25.8432,28.1506|ELDORAIGNE#0",2026-10-10 12:24:06.234248+00:00,2026-10-10 12:24:06.234248+00:00,0.0
-25.8433023,28.1540404,ELDORAIGNE,WEAVIND AVENUE,TSH,79900069,https://powerfailure.tshwane.gov.za/Tshwanesms/Map.aspx,"-25.8433,28.1540|ELDORAIGNE#0",2026-10-10 12:24:06.234248+00:00,2026-10-10 12:24:06.234248+00:00,0.0
-25.8434796,28.1558572,ELDORAIGNE,HENRI ROAD,TSH,79900069,https://powerfailure.tshwane.gov.za/Tshwanesms/Map.aspx,"-25.8435,28.1559|ELDORAIGNE#0",2026-10-10 12:24:06.234248+00:00,2026-10-10 12:24:06.234248+00:00,0.0
-25.8476632,28.1560448,ELDORAIGNE,WYNNE ROAD,TSH,79900069,https://powerfailure.tshwane.gov.za/Tshwanesms/Map.aspx,"-25.8477,28.1560|ELDORAIGNE#0",2026-10-10 12:24:06.234248+00:00,2026-10-10 12:24:06.234248+00:00,0.0
-25.8336151,28.1566413,ELDORAIGNE X01,ERASMUS AVENUE,TSH,79900069,https://powerfailure.tshwane.gov.za/Tshwanesms/Map.aspx,"-25.8336,28.1566|ELDORAIGNE X01#0",2026-10-10 12:24:06.234248+00:00,2026-10-10 12:24:06.234248+00:00,0.0
-25.8384728,28.1578434,ELDORAIGNE X01,RABIE ROAD,TSH,79900069,https://powerfailure.tshwane.gov.za/Tshwanesms/Map.aspx,"-25.8385,28.1578|ELDORAIGNE X01#0",2026-10-10 12:24:06.234248+00:00,2026-10-10 12:24:06.234248+00:00,0.0
-25.8395167,28.1569397,ELDORAIGNE X01,NINA ROAD,TSH,79900069,https://powerfailure.tshwane.gov.za/Tshwanesms/Map.aspx,"-25.8395,28.1569|ELDORAIGNE X01#0",2026-10-10 12:24:06.234248+00:00,2026-10-10 12:24:06.234248+00:00,0.0
-25.8402844,28.1593036,ELDORAIGNE X01,MARTHA ROAD,TSH,79900069,https://powerfailure.tshwane.gov.za/Tshwanesms/Map.aspx,"-25.8403,28.1593|ELDORAIGNE X01#0",2026-10-10 12:24:06.234248+00:00,2026-10-10 12:24:06.234248+00:00,0.0
-25.8453422,28.1619703,ELDORAIGNE X01,MARINUS ROAD,TSH,79900069,https://powerfailure.tshwane.gov.za/Tshwanesms/Map.aspx,"-25.8453,28.1620|ELDORAIGNE X01#0",2026-10-10 12:24:06.234248+00:00,2026-10-10 12:24:06.234248+00:00,0.0
-25.8464818,28.1618419,ELDORAIGNE X01,KOOS SMAL ROAD,TSH,79900069,https://powerfailure.tshwane.gov.za/Tshwanesms/Map.aspx,"-25.8465,28.1618|ELDORAIGNE X01#0",2026-10-10 12:24:06.234248+00:00,2026-10-10 12:24:06.234248+00:00,0.0
-25.864335,28.1530969,ELDORAIGNE X09,PIET HUGO AVENUE,TSH,79900069,https://powerfailure.tshwane.gov.za/Tshwanesms/Map.aspx,"-25.8643,28.1531|ELDORAIGNE X09#0",2026-10-10 12:24:06.234248+00:00,2026-10-10 12:24:06.234248+00:00,0.0
-25.8640953,28.1530483,ELDORAIGNE X09,PIET HUGO AVENUE,TSH,79900069,https://powerfailure.tshwane.gov.za/Tshwanesms/Map.aspx,"-25.8641,28.1530|ELDORAIGNE X09#0",2026-10-10 12:24:06.234248+00:00,2026-10-10 12:24:06.234248+00:00,0.0
-25.860433,28.1538407,ELDORAIGNE X06,WILLEM BOTHA STREET,TSH,79900069,https://powerfailure.tshwane.gov.za/Tshwanesms/Map.aspx,"-25.8604,28.1538|ELDORAIGNE X06#0",2026-10-10 12:24:06.234248+00:00,2026-10-10 12:24:06.234248+00:00,0.0
-25.8633848,28.1529044,ELDORAIGNE X06,PIET HUGO AVENUE,TSH,79900069,https://powerfailure.tshwane.gov.za/Tshwanesms/Map.aspx,"-25.8634,28.1529|ELDORAIGNE X06#0",2026-10-10 12:24:06.234248+00:00,2026-10-10 12:24:06.234248+00:00,0.0
-25.8544851,28.1531591,ELDORAIGNE X11,SHAMROCK NOOK,TSH,79900069,https://powerfailure.tshwane.gov.za/Tshwanesms/Map.aspx,"-25.8545,28.1532|ELDORAIGNE X11#0",2026-10-10 12:24:06.234248+00:00,2026-10-10 12:24:06.234248+00:00,0.0
-25.8553126,28.1542588,ELDORAIGNE X11,COLLEEN NOOK,TSH,79900069,https://powerfailure.tshwane.gov.za/Tshwanesms/Map.aspx,"-25.8553,28.1543|ELDORAIGNE X11#0",2026-10-10 12:24:06.234248+00:00,2026-10-10 12:24:06.234248+00:00,0.0
-25.8558544,28.1603979,ELDORAIGNE X03,QUIET CLOSE,TSH,79900069,https://powerfailure.tshwane.gov.za/Tshwanesms/Map.aspx,"-25.8559,28.1604|ELDORAIGNE X03#0",2026-10-10 12:24:06.234248+00:00,2026-10-10 12:24:06.234248+00:00,0.0
-25.8573216,28.1625437,ELDORAIGNE X03,WILLEM ROAD,TSH,79900069,https://powerfailure.tshwane.gov.za/Tshwanesms/Map.aspx,"-25.8573,28.1625|ELDORAIGNE X03#0",2026-10-10 12:24:06.234248+00:00,2026-10-10 12:24:06.234248+00:00,0.0
-25.8426831,28.1380983,ELDORAIGNE X28,MARNA STREET,TSH,79900070,https://powerfailure.tshwane.gov.za/Tshwanesms/Map.aspx,"-25.8427,28.1381|ELDORAIGNE X28#0",2026-10-10 12:24:06.234248+00:00,2026-10-10 12:24:06.234248+00:00,0.0
-25.8426306,28.138732,ELDORAIGNE X28,MELLE'S DRIVE,TSH,79900070,https://powerfailure.tshwane.gov.za/Tshwanesms/Map.aspx,"-25.8426,28.1387|ELDORAIGNE X28#0",2026-10-10 12:24:06.234248+00:00,2026-10-10 12:24:06.234248+00:00,0.0
-25.8582654,28.1545082,ELDORAIGNE X27,JUSTIN CRESCENT,TSH,79900069,https://powerfailure.tshwane.gov.za/Tshwanesms/Map.aspx,"-25.8583,28.1545|ELDORAIGNE X27#0",2026-10-10 12:24:06.234248+00:00,2026-10-10 12:24:06.234248+00:00,0.0
-25.8392745,28.141405,ELDORAIGNE X35,FERGIE PLACE,TSH,79900070,https://powerfailure.tshwane.gov.za/Tshwanesms/Map.aspx,"-25.8393,28.1414|ELDORAIGNE X35#0",2026-10-10 12:24:06.234248+00:00,2026-10-10 12:24:06.234248+00:00,0.0
-25.8402668,28.1399036,ELDORAIGNE X35,TARRYN NOOK,TSH,79900070,https://powerfailure.tshwane.gov.za/Tshwanesms/Map.aspx,"-25.8403,28.1399|ELDORAIGNE X35#0",2026-10-10 12:24:06.234248+00:00,2026-10-10 12:24:06.234248+00:00,0.0
-25.8346357,28.1349448,ELDORAIGNE X38,YEN ROAD,TSH,79900070,https://powerfailure.tshwane.gov.za/Tshwanesms/Map.aspx,"-25.8346,28.1349|ELDORAIGNE X38#0",2026-10-10 12:24:06.234248+00:00,2026-10-10 12:24:06.234248+00:00,0.0
-25.8350551,28.1355849,ELDORAIGNE X38,YEN ROAD,TSH,79900070,https://powerfailure.tshwane.gov.za/Tshwanesms/Map.aspx,"-25.8351,28.1356|ELDORAIGNE X38#0",2026-10-10 12:24:06.234248+00:00,2026-10-10 12:24:06.234248+00:00,0.0
-25.8340748,28.137855,ELDORAIGNE X42,BILBO STREET,TSH,79900070,https://powerfailure.tshwane.gov.za/Tshwanesms/Map.aspx,"-25.8341,28.1379|ELDORAIGNE X42#0",2026-10-10 12:24:06.234248+00:00,2026-10-10 12:24:06.234248+00:00,0.0
-25.8597813,28.1570527,ELDORAIGNE X06,WILLEM BOTHA STREET,TSH,79900069,https://powerfailure.tshwane.gov.za/Tshwanesms/Map.aspx,"-25.8598,28.1571|ELDORAIGNE X06#0",2026-10-10 12:24:06.234248+00:00,2026-10-10 12:24:06.234248+00:00,0.0
-25.7175995,28.2050821,GEZINA,10TH AVENUE,TSH,79900053,https://powerfailure.tshwane.gov.za/Tshwanesms/Map.aspx,"-25.7176,28.2051|GEZINA#0",2026-10-07 10:10:01.835441+00:00,2026-10-10 12:24:06.234248+00:00,74.23
-25.7251604,28.2056198,GEZINA,JOHAN HEYNS DRIVE,TSH,79900053,https://powerfailure.tshwane.gov.za/Tshwanesms/Map.aspx,"-25.7252,28.2056|GEZINA#0",2026-10-07 10:10:01.835441+00:00,2026-10-10 12:24:06.234248+00:00,74.23
-25.7238362,28.2104548,GEZINA,13TH AVENUE,TSH,79900053,https://powerfailure.tshwane.gov.za/Tshwanesms/Map.aspx,"-25.7238,28.2105|GEZINA#0",2026-10-09 13:08:42.013082+00:00,2026-10-10 12:24:06.234248+00:00,23.26
-25.5880671,28.1065917,SOSHANGUVE-XX,STAND 1260,TSH,79900090,https://powerfailure.tshwane.gov.za/Tshwanesms/Map.aspx,"-25.5881,28.1066|SOSHANGUVE-XX#0",2026-09-23 15:54:26.696532+00:00,2026-10-10 12:24:06.234248+00:00,404.49
-25.741451,28.3069831,MEYERSPARK,WATERMEYER STREET,TSH,79900041,https://powerfailure.tshwane.gov.za/Tshwanesms/Map.aspx,"-25.7415,28.3070|MEYERSPARK#0",2026-10-08 17:51:27.458247+00:00,2026-10-10 12:24:06.234248+00:00,42.54
-25.7387716,28.3176575,MEYERSPARK,MOLLER STREET,TSH,79900041,https://powerfailure.tshwane.gov.za/Tshwanesms/Map.aspx,"-25.7388,28.3177|MEYERSPARK#0",2026-10-07 10:10:01.835441+00:00,2026-10-10 12:24:06.234248+00:00,74.23
-25.7398426,28.3170116,MEYERSPARK,MANSER STREET,TSH,79900041,https://powerfailure.tshwane.gov.za/Tshwanesms/Map.aspx,"-25.7398,28.3170|MEYERSPARK#0",2026-10-04 21:21:41.422087+00:00,2026-10-10 12:24:06.234248+00:00,135.04
-25.7403016,28.3173176,MEYERSPARK,ERASMUS STREET,TSH,79900041,https://powerfailure.tshwane.gov.za/Tshwanesms/Map.aspx,"-25.7403,28.3173|MEYERSPARK#0",2026-10-05 22:35:03.937620+00:00,2026-10-10 12:24:06.234248+00:00,109.82
-25.7403235,28.3188863,MEYERSPARK,ERASMUS STREET,TSH,79900041,https://powerfailure.tshwane.gov.za/Tshwanesms/Map.aspx,"-25.7403,28.3189|MEYERSPARK#0",2026-10-08 17:51:27.458247+00:00,2026-10-10 12:24:06.234248+00:00,42.54
-25.7408994,28.3112822,MEYERSPARK,ERASMUS STREET,TSH,79900041,https://powerfailure.tshwane.gov.za/Tshwanesms/Map.aspx,"-25.7409,28.3113|MEYERSPARK#0",2026-10-08 17:51:27.458247+00:00,2026-10-10 12:24:06.234248+00:00,42.54
-25.7420498,28.3142752,MEYERSPARK,ODENDAAL STREET,TSH,79900041,https://powerfailure.tshwane.gov.za/Tshwanesms/Map.aspx,"-25.7420,28.3143|MEYERSPARK#0",2026-10-07 23:02:05.111773+00:00,2026-10-10 12:24:06.234248+00:00,61.37
-25.7436061,28.3160078,MEYERSPARK,ANNE MARIE STREET,TSH,79900041,https://powerfailure.tshwane.gov.za/Tshwanesms/Map.aspx,"-25.7436,28.3160|MEYERSPARK#0",2026-10-05 15:56:27.539408+00:00,2026-10-10 12:24:06.234248+00:00,116.46
-25.7435798,28.3139353,MEYERSPARK,ROOS STREET,TSH,79900041,https://powerfailure.tshwane.gov.za/Tshwanesms/Map.aspx,"-25.7436,28.3139|MEYERSPARK#0",2026-10-08 17:51:27.458247+00:00,2026-10-10 12:24:06.234248+00:00,42.54
-25.7435622,28.3126803,MEYERSPARK,ROOS STREET,TSH,79900041,https://powerfailure.tshwane.gov.za/Tshwanesms/Map.aspx,"-25.7436,28.3127|MEYERSPARK#0",2026-10-05 15:56:27.539408+00:00,2026-10-10 12:24:06.234248+00:00,116.46
-25.7442093,28.3142384,MEYERSPARK,ROOS STREET,TSH,79900041,https://powerfailure.tshwane.gov.za/Tshwanesms/Map.aspx,"-25.7442,28.3142|MEYERSPARK#0",2026-10-08 17:51:27.458247+00:00,2026-10-10 12:24:06.234248+00:00,42.54
-25.7442295,28.3154916,MEYERSPARK,ROOS STREET,TSH,79900041,https://powerfailure.tshwane.gov.za/Tshwanesms/Map.aspx,"-25.7442,28.3155|MEYERSPARK#0",2026-10-08 17:51:27.458247+00:00,2026-10-10 12:24:06.234248+00:00,42.54
-25.7416447,28.3214241,MEYERSPARK X01,ODENDAAL STREET,TSH,79900041,https://powerfailure.tshwane.gov.za/Tshwanesms/Map.aspx,"-25.7416,28.3214|MEYERSPARK X01#0",2026-10-09 13:08:42.013082+00:00,2026-10-10 12:24:06.234248+00:00,23.26
-25.7403541,28.322111,MEYERSPARK X03,MANSER STREET,TSH,79900041,https://powerfailure.tshwane.gov.za/Tshwanesms/Map.aspx,"-25.7404,28.3221|MEYERSPARK X03#0",2026-10-08 17:51:27.458247+00:00,2026-10-10 12:24:06.234248+00:00,42.54
-25.744189,28.3229599,MEYERSPARK X03,KENT ROAD,TSH,79900041,https://powerfailure.tshwane.gov.za/Tshwanesms/Map.aspx,"-25.7442,28.3230|MEYERSPARK X03#0",2026-10-09 19:30:15.533813+00:00,2026-10-10 12:24:06.234248+00:00,16.9
-25.7415182,28.3199432,MEYERSPARK X01,ANALEES STREET,TSH,79900041,https://powerfailure.tshwane.gov.za/Tshwanesms/Map.aspx,"-25.7415,28.3199|MEYERSPARK X01#0",2026-10-08 10:27:19.292786+00:00,2026-10-10 12:24:06.234248+00:00,49.95
-25.7373433,28.3210182,MEYERSPARK X08,PASSER STREET,TSH,79900041,https://powerfailure.tshwane.gov.za/Tshwanesms/Map.aspx,"-25.7373,28.3210|MEYERSPARK X08#0",2026-10-05 15:56:27.539408+00:00,2026-10-10 12:24:06.234248+00:00,116.46
-25.7392399,28.3186298,MEYERSPARK,MANSER STREET,TSH,79900041,https://powerfailure.tshwane.gov.za/Tshwanesms/Map.aspx,"-25.7392,28.3186|MEYERSPARK#0",2026-10-08 17:51:27.458247+00:00,2026-10-10 12:24:06.234248+00:00,42.54
-25.6631257,28.2356447,MONTANA X85,JAN BANTJIES ROAD,TSH,79900096,https://powerfailure.tshwane.gov.za/Tshwanesms/Map.aspx,"-25.6631,28.2356|MONTANA X85#0",2026-09-25 10:58:56.127220+00:00,2026-10-10 12:24:06.234248+00:00,361.42
-25.7366654,28.3626689,NELLMAPIUS X04,MODIRO ROAD,TSH,79900086,https://powerfailure.tshwane.gov.za/Tshwanesms/Map.aspx,"-25.7367,28.3627|NELLMAPIUS X04#0",2026-09-23 15:54:26.696532+00:00,2026-10-10 12:24:06.234248+00:00,404.49
-25.7366654,28.3626689,NELLMAPIUS X04,MODIRO ROAD,TSH,79900086,https://powerfailure.tshwane.gov.za/Tshwanesms/Map.aspx,"-25.7367,28.3627|NELLMAPIUS X04#1",2026-10-03 17:56:38.270365+00:00,2026-10-10 12:24:06.234248+00:00,162.46
-25.7416851,28.3638013,NELLMAPIUS X04,ODIRILE STREET,TSH,79900086,https://powerfailure.tshwane.gov.za/Tshwanesms/Map.aspx,"-25.7417,28.3638|NELLMAPIUS X04#0",2026-09-23 15:54:26.696532+00:00,2026-10-10 12:24:06.234248+00:00,404.49
-25.7437654,28.3614745,NELLMAPIUS X04,SAAMROEP STREET,TSH,79900086,https://powerfailure.tshwane.gov.za/Tshwanesms/Map.aspx,"-25.7438,28.3615|NELLMAPIUS X04#0",2026-09-23 15:54:26.696532+00:00,2026-10-10 12:24:06.234248+00:00,404.49
-25.7439605,28.362035,NELLMAPIUS X04,SAAMROEP STREET,TSH,79900086,https://powerfailure.tshwane.gov.za/Tshwanesms/Map.aspx,"-25.7440,28.3620|NELLMAPIUS X04#0",2026-09-23 15:54:26.696532+00:00,2026-10-10 12:24:06.234248+00:00,404.49
-25.747373,28.3626931,NELLMAPIUS X04,PHEDISANA STREET,TSH,79900086,https://powerfailure.tshwane.gov.za/Tshwanesms/Map.aspx,"-25.7474,28.3627|NELLMAPIUS X04#0",2026-10-03 17:56:38.270365+00:00,2026-10-10 12:24:06.234248+00:00,162.46
-25.7444765,28.3577398,NELLMAPIUS X04,LOKILE STREET,TSH,79900086,https://powerfailure.tshwane.gov.za/Tshwanesms/Map.aspx,"-25.7445,28.3577|NELLMAPIUS X04#0",2026-09-23 15:54:26.696532+00:00,2026-10-10 12:24:06.234248+00:00,404.49
-25.7303239,28.3757456,NELLMAPIUS X06,IODINE STREET,TSH,79900015,https://powerfailure.tshwane.gov.za/Tshwanesms/Map.aspx,"-25.7303,28.3757|NELLMAPIUS X06#0",2026-09-23 15:54:26.696532+00:00,2026-10-10 12:24:06.234248+00:00,404.49
-25.7343188,28.3797808,NELLMAPIUS X7,CRYSTAL STREET,TSH,79900015,https://powerfailure.tshwane.gov.za/Tshwanesms/Map.aspx,"-25.7343,28.3798|NELLMAPIUS X7#0",2026-10-09 13:08:42.013082+00:00,2026-10-10 12:24:06.234248+00:00,23.26
-25.73498,28.3792227,NELLMAPIUS X07,HYDROGEN CRESCENT,TSH,79900015,https://powerfailure.tshwane.gov.za/Tshwanesms/Map.aspx,"-25.7350,28.3792|NELLMAPIUS X07#0",2026-10-09 13:08:42.013082+00:00,2026-10-10 12:24:06.234248+00:00,23.26
-25.7394932,28.3877252,NELLMAPIUS X08,XENON STREET,TSH,79900015,https://powerfailure.tshwane.gov.za/Tshwanesms/Map.aspx,"-25.7395,28.3877|NELLMAPIUS X08#0",2026-09-23 15:54:26.696532+00:00,2026-10-10 12:24:06.234248+00:00,404.49
-25.7395852,28.3867742,NELLMAPIUS X08,XENON STREET,TSH,79900015,https://powerfailure.tshwane.gov.za/Tshwanesms/Map.aspx,"-25.7396,28.3868|NELLMAPIUS X08#0",2026-09-23 15:54:26.696532+00:00,2026-10-10 12:24:06.234248+00:00,404.49
-25.7390268,28.3820568,NELLMAPIUS X08,PLATINUM STREET,TSH,79900015,https://powerfailure.tshwane.gov.za/Tshwanesms/Map.aspx,"-25.7390,28.3821|NELLMAPIUS X08#0",2026-10-07 10:10:01.835441+00:00,2026-10-10 12:24:06.234248+00:00,74.23
-25.8606505,28.1274473,RASLOUW AH,LULU AVENUE,TSH,79900070,https://powerfailure.tshwane.gov.za/Tshwanesms/Map.aspx,"-25.8607,28.1274|RASLOUW AH#0",2026-10-10 12:24:06.234248+00:00,2026-10-10 12:24:06.234248+00:00,0.0
-25.8563427,28.1228268,RASLOUW AH,ERASMUS AVENUE,TSH,79900070,https://powerfailure.tshwane.gov.za/Tshwanesms/Map.aspx,"-25.8563,28.1228|RASLOUW AH#0",2026-10-10 12:24:06.234248+00:00,2026-10-10 12:24:06.234248+00:00,0.0
-25.8867158,28.6934346,BRONKHORSTBAAI,DRAKENSBERG STREET,TSH,79900105,https://powerfailure.tshwane.gov.za/Tshwanesms/Map.aspx,"-25.8867,28.6934|BRONKHORSTBAAI#0",2026-09-28 21:54:04.654174+00:00,2026-10-10 12:24:06.234248+00:00,278.5
-25.8917862,28.6924069,BRONKHORSTBAAI,BRONKHORSTBAAI,TSH,79900105,https://powerfailure.tshwane.gov.za/Tshwanesms/Map.aspx,"-25.8918,28.6924|BRONKHORSTBAAI#0",2026-09-28 21:54:04.654174+00:00,2026-10-10 12:24:06.234248+00:00,278.5
-25.5862348,28.0709382,SOSHANGUVE SOUTH X09,LEPHORORO STREET,TSH,79900037,https://powerfailure.tshwane.gov.za/Tshwanesms/Map.aspx,"-25.5862,28.0709|SOSHANGUVE SOUTH X09#0",2026-10-06 10:08:41.992184+00:00,2026-10-10 12:24:06.234248+00:00,98.26
-25.5851918,28.0583418,SOSHANGUVE SOUTH X10,STAND 19780,TSH,79900037,https://powerfailure.tshwane.gov.za/Tshwanesms/Map.aspx,"-25.5852,28.0583|SOSHANGUVE SOUTH X10#0",2026-10-03 17:56:38.270365+00:00,2026-10-10 12:24:06.234248+00:00,162.46
-25.4541245,28.0932713,SOSHANGUVE-HH,HLANGANANI STREET,TSH,79900094,https://powerfailure.tshwane.gov.za/Tshwanesms/Map.aspx,"-25.4541,28.0933|SOSHANGUVE-HH#0",2026-09-23 15:54:26.696532+00:00,2026-10-10 12:24:06.234248+00:00,404.49
-25.5264399,28.0956353,SOSHANGUVE-K,STAND 155,TSH,79900034,https://powerfailure.tshwane.gov.za/Tshwanesms/Map.aspx,"-25.5264,28.0956|SOSHANGUVE-K#0",2026-09-29 08:23:13.536342+00:00,2026-10-10 12:24:06.234248+00:00,268.01
-25.5254999,28.104682,SOSHANGUVE-K,STAND 518,TSH,79900034,https://powerfailure.tshwane.gov.za/Tshwanesms/Map.aspx,"-25.5255,28.1047|SOSHANGUVE-K#0",2026-09-28 21:54:04.654174+00:00,2026-10-10 12:24:06.234248+00:00,278.5
-25.5270103,28.1081349,SOSHANGUVE-K,STAND 1243,TSH,79900034,https://powerfailure.tshwane.gov.za/Tshwanesms/Map.aspx,"-25.5270,28.1081|SOSHANGUVE-K#0",2026-09-29 20:42:53.961596+00:00,2026-10-10 12:24:06.234248+00:00,255.69
-25.7051669,28.2723531,EAST LYNNE,BADENHORST STREET,TSH,79900052,https://powerfailure.tshwane.gov.za/Tshwanesms/Map.aspx,"-25.7052,28.2724|EAST LYNNE#0",2026-10-06 22:37:35.817764+00:00,2026-10-10 12:24:06.234248+00:00,85.78
-25.7127291,28.3160695,EERSTERUST X02,MOSES AVENUE,TSH,79900043,https://powerfailure.tshwane.gov.za/Tshwanesms/Map.aspx,"-25.7127,28.3161|EERSTERUST X02#0",2026-10-09 19:30:15.533813+00:00,2026-10-10 12:24:06.234248+00:00,16.9
-25.714434,28.3160337,EERSTERUST X02,FURST AVENUE,TSH,79900043,https://powerfailure.tshwane.gov.za/Tshwanesms/Map.aspx,"-25.7144,28.3160|EERSTERUST X02#0",2026-10-09 19:30:15.533813+00:00,2026-10-10 12:24:06.234248+00:00,16.9
-25.7111914,28.3091323,EERSTERUST X02,VELDMAN AVENUE,TSH,79900043,https://powerfailure.tshwane.gov.za/Tshwanesms/Map.aspx,"-25.7112,28.3091|EERSTERUST X02#0",2026-10-09 19:30:15.533813+00:00,2026-10-10 12:24:06.234248+00:00,16.9
-25.7132419,28.3111825,EERSTERUST X02,JANUARY AVENUE,TSH,79900043,https://powerfailure.tshwane.gov.za/Tshwanesms/Map.aspx,"-25.7132,28.3112|EERSTERUST X02#0",2026-10-09 19:30:15.533813+00:00,2026-10-10 12:24:06.234248+00:00,16.9
-25.7096432,28.3166694,EERSTERUST X05,WARRIES AVENUE,TSH,79900043,https://powerfailure.tshwane.gov.za/Tshwanesms/Map.aspx,"-25.7096,28.3167|EERSTERUST X05#0",2026-10-09 19:30:15.533813+00:00,2026-10-10 12:24:06.234248+00:00,16.9
-25.4670432,28.1215226,SOSHANGUVE-R,STAND 387,TSH,79900026,https://powerfailure.tshwane.gov.za/Tshwanesms/Map.aspx,"-25.4670,28.1215|SOSHANGUVE-R#0",2026-09-29 20:42:53.961596+00:00,2026-10-10 12:24:06.234248+00:00,255.69
-25.4433345,28.1126169,SOSHANGUVE-T,STAND,TSH,79900025,https://powerfailure.tshwane.gov.za/Tshwanesms/Map.aspx,"-25.4433,28.1126|SOSHANGUVE-T#0",2026-10-09 19:30:15.533813+00:00,2026-10-10 12:24:06.234248+00:00,16.9
-25.847582,28.1703788,HENNOPSPARK X39,WISTERIA CRESCENT,TSH,79900066,https://powerfailure.tshwane.gov.za/Tshwanesms/Map.aspx,"-25.8476,28.1704|HENNOPSPARK X39#0",2026-10-10 12:24:06.234248+00:00,2026-10-10 12:24:06.234248+00:00,0.0
-25.8481578,28.1706506,HENNOPSPARK X39,CRINUM NOOK,TSH,79900066,https://powerfailure.tshwane.gov.za/Tshwanesms/Map.aspx,"-25.8482,28.1707|HENNOPSPARK X39#0",2026-10-10 12:24:06.234248+00:00,2026-10-10 12:24:06.234248+00:00,0.0
-25.8678325,28.216076,IRENE,QUEEN STREET,TSH,79900065,https://powerfailure.tshwane.gov.za/Tshwanesms/Map.aspx,"-25.8678,28.2161|IRENE#0",2026-09-23 15:54:26.696532+00:00,2026-10-10 12:24:06.234248+00:00,404.49
-25.7783162,28.2917952,LYNNWOOD PARK,EDNA STREET,TSH,79900046,https://powerfailure.tshwane.gov.za/Tshwanesms/Map.aspx,"-25.7783,28.2918|LYNNWOOD PARK#0",2026-10-10 05:43:32.746880+00:00,2026-10-10 12:24:06.234248+00:00,6.68
-25.7782507,28.2908609,LYNNWOOD PARK,EDNA STREET,TSH,79900046,https://powerfailure.tshwane.gov.za/Tshwanesms/Map.aspx,"-25.7783,28.2909|LYNNWOOD PARK#0",2026-09-23 15:54:26.696532+00:00,2026-10-10 12:24:06.234248+00:00,404.49
-25.7789445,28.2917059,LYNNWOOD PARK,EDNA STREET,TSH,79900046,https://powerfailure.tshwane.gov.za/Tshwanesms/Map.aspx,"-25.7789,28.2917|LYNNWOOD PARK#0",2026-09-23 15:54:26.696532+00:00,2026-10-10 12:24:06.234248+00:00,404.49
-25.8178759,28.2065601,LYTTELTON MANOR X01,VAN RIEBEECK AVENUE,TSH,79900079,https://powerfailure.tshwane.gov.za/Tshwanesms/Map.aspx,"-25.8179,28.2066|LYTTELTON MANOR X01#0",2026-10-10 05:43:32.746880+00:00,2026-10-10 12:24:06.234248+00:00,6.68
-25.818086,28.2077838,LYTTELTON MANOR X01,VAN RIEBEECK AVENUE,TSH,79900079,https://powerfailure.tshwane.gov.za/Tshwanesms/Map.aspx,"-25.8181,28.2078|LYTTELTON MANOR X01#0",2026-10-10 05:43:32.746880+00:00,2026-10-10 12:24:06.234248+00:00,6.68
-25.7610521,28.3011706,LYNNWOOD RIDGE,RUBIDA STREET,TSH,79900046,https://powerfailure.tshwane.gov.za/Tshwanesms/Map.aspx,"-25.7611,28.3012|LYNNWOOD RIDGE#0",2026-09-29 08:23:13.536342+00:00,2026-10-10 12:24:06.234248+00:00,268.01
-25.7678101,28.2987119,LYNNWOOD RIDGE X02,LIZJOHN STREET,TSH,79900046,https://powerfailure.tshwane.gov.za/Tshwanesms/Map.aspx,"-25.7678,28.2987|LYNNWOOD RIDGE X02#0",2026-09-29 08:23:13.536342+00:00,2026-10-10 12:24:06.234248+00:00,268.01
-25.684684,28.2256524,MAGALIESKRUIN X01,ONGERS STREET,TSH,79900005,https://powerfailure.tshwane.gov.za/Tshwanesms/Map.aspx,"-25.6847,28.2257|MAGALIESKRUIN X01#0",2026-10-06 10:08:41.992184+00:00,2026-10-10 12:24:06.234248+00:00,98.26
-25.7715601,28.0653899,SAULSVILLE,SEKHU STREET,TSH,79900063,https://powerfailure.tshwane.gov.za/Tshwanesms/Map.aspx,"-25.7716,28.0654|SAULSVILLE#0",2026-10-09 19:30:15.533813+00:00,2026-10-10 12:24:06.234248+00:00,16.9
-25.7698902,28.064969,SAULSVILLE,SEKHU STREET,TSH,79900063,https://powerfailure.tshwane.gov.za/Tshwanesms/Map.aspx,"-25.7699,28.0650|SAULSVILLE#0",2026-10-10 00:00:01.978931+00:00,2026-10-10 12:24:06.234248+00:00,12.4
-25.7374017,28.5349553,RAYTON,NOORD,TSH,79900100,https://powerfailure.tshwane.gov.za/Tshwanesms/Map.aspx,"-25.7374,28.5350|RAYTON#0",2026-10-04 18:07:06.777167+00:00,2026-10-10 12:24:06.234248+00:00,138.28
-25.7383563,28.5331253,RAYTON,PEREL,TSH,79900100,https://powerfailure.tshwane.gov.za/Tshwanesms/Map.aspx,"-25.7384,28.5331|RAYTON#0",2026-10-04 18:07:06.777167+00:00,2026-10-10 12:24:06.234248+00:00,138.28
-25.7389622,28.5331529,RAYTON,PEREL,TSH,79900100,https://powerfailure.tshwane.gov.za/Tshwanesms/Map.aspx,"-25.7390,28.5332|RAYTON#0",2026-10-04 18:07:06.777167+00:00,2026-10-10 12:24:06.234248+00:00,138.28
-25.7412487,28.5373605,RAYTON,OAKLEY,TSH,79900100,https://powerfailure.tshwane.gov.za/Tshwanesms/Map.aspx,"-25.7412,28.5374|RAYTON#0",2026-10-04 18:07:06.777167+00:00,2026-10-10 12:24:06.234248+00:00,138.28
-25.7417544,28.5355269,RAYTON,JENNER,TSH,79900100,https://powerfailure.tshwane.gov.za/Tshwanesms/Map.aspx,"-25.7418,28.5355|RAYTON#0",2026-10-04 18:07:06.777167+00:00,2026-10-10 12:24:06.234248+00:00,138.28
-25.742458,28.5379136,RAYTON,JENNER,TSH,79900100,https://powerfailure.tshwane.gov.za/Tshwanesms/Map.aspx,"-25.7425,28.5379|RAYTON#0",2026-10-04 18:07:06.777167+00:00,2026-10-10 12:24:06.234248+00:00,138.28
-25.7419414,28.5325702,RAYTON,KELFKIN,TSH,79900100,https://powerfailure.tshwane.gov.za/Tshwanesms/Map.aspx,"-25.7419,28.5326|RAYTON#0",2026-10-04 18:07:06.777167+00:00,2026-10-10 12:24:06.234248+00:00,138.28
-25.7414024,28.527241,RAYTON,COETZEE,TSH,79900100,https://powerfailure.tshwane.gov.za/Tshwanesms/Map.aspx,"-25.7414,28.5272|RAYTON#0",2026-10-04 18:07:06.777167+00:00,2026-10-10 12:24:06.234248+00:00,138.28
-25.7417417,28.5268715,RAYTON,ORTLEP,TSH,79900100,https://powerfailure.tshwane.gov.za/Tshwanesms/Map.aspx,"-25.7417,28.5269|RAYTON#0",2026-10-04 18:07:06.777167+00:00,2026-10-10 12:24:06.234248+00:00,138.28
-25.7430245,28.5257975,RAYTON,SPOOR,TSH,79900100,https://powerfailure.tshwane.gov.za/Tshwanesms/Map.aspx,"-25.7430,28.5258|RAYTON#0",2026-10-04 18:07:06.777167+00:00,2026-10-10 12:24:06.234248+00:00,138.28
-25.7444821,28.5322941,RAYTON,SUID,TSH,79900100,https://powerfailure.tshwane.gov.za/Tshwanesms/Map.aspx,"-25.7445,28.5323|RAYTON#0",2026-10-04 18:07:06.777167+00:00,2026-10-10 12:24:06.234248+00:00,138.28
-25.7398135,28.5322166,RAYTON,PREMIER,TSH,79900100,https://powerfailure.tshwane.gov.za/Tshwanesms/Map.aspx,"-25.7398,28.5322|RAYTON#0",2026-10-04 18:07:06.777167+00:00,2026-10-10 12:24:06.234248+00:00,138.28
-25.731329,28.5358771,RAYTON X02,PROZESKY,TSH,79900100,https://powerfailure.tshwane.gov.za/Tshwanesms/Map.aspx,"-25.7313,28.5359|RAYTON X02#0",2026-10-04 18:07:06.777167+00:00,2026-10-10 12:24:06.234248+00:00,138.28
-25.7304137,28.5365562,RAYTON X02,VELDSMAN,TSH,79900100,https://powerfailure.tshwane.gov.za/Tshwanesms/Map.aspx,"-25.7304,28.5366|RAYTON X02#0",2026-10-04 18:07:06.777167+00:00,2026-10-10 12:24:06.234248+00:00,138.28
-25.7332306,28.5361992,RAYTON X04,DAAN KIRSTEIN,TSH,79900100,https://powerfailure.tshwane.gov.za/Tshwanesms/Map.aspx,"-25.7332,28.5362|RAYTON X04#0",2026-10-04 18:07:06.777167+00:00,2026-10-10 12:24:06.234248+00:00,138.28
-25.742975,28.5400929,RAYTON X13,EXTENSION 13,TSH,79900100,https://powerfailure.tshwane.gov.za/Tshwanesms/Map.aspx,"-25.7430,28.5401|RAYTON X13#0",2026-10-04 18:07:06.777167+00:00,2026-10-10 12:24:06.234248+00:00,138.28
-25.710106,28.2612451,WAVERLEY X01,ROBYN STREET,TSH,79900084,https://powerfailure.tshwane.gov.za/Tshwanesms/Map.aspx,"-25.7101,28.2612|WAVERLEY X01#0",2026-10-08 10:27:19.292786+00:00,2026-10-10 12:24:06.234248+00:00,49.95
-25.8521378,28.1500276,WIERDAPARK,SPRINGBOK STREET,TSH,79900070,https://powerfailure.tshwane.gov.za/Tshwanesms/Map.aspx,"-25.8521,28.1500|WIERDAPARK#0",2026-10-10 12:24:06.234248+00:00,2026-10-10 12:24:06.234248+00:00,0.0
-25.8545295,28.1481772,WIERDAPARK,FRIEDERICHE STREET,TSH,79900070,https://powerfailure.tshwane.gov.za/Tshwanesms/Map.aspx,"-25.8545,28.1482|WIERDAPARK#0",2026-10-10 12:24:06.234248+00:00,2026-10-10 12:24:06.234248+00:00,0.0
-25.8544577,28.1492638,WIERDAPARK,STEENBOK STREET,TSH,79900070,https://powerfailure.tshwane.gov.za/Tshwanesms/Map.aspx,"-25.8545,28.1493|WIERDAPARK#0",2026-10-10 12:24:06.234248+00:00,2026-10-10 12:24:06.234248+00:00,0.0
-25.8558961,28.1495567,WIERDAPARK,KOEDOE STREET,TSH,79900070,https://powerfailure.tshwane.gov.za/Tshwanesms/Map.aspx,"-25.8559,28.1496|WIERDAPARK#0",2026-10-10 12:24:06.234248+00:00,2026-10-10 12:24:06.234248+00:00,0.0
-25.8582952,28.1505413,WIERDAPARK,SUSAN STREET,TSH,79900070,https://powerfailure.tshwane.gov.za/Tshwanesms/Map.aspx,"-25.8583,28.1505|WIERDAPARK#0",2026-10-10 12:24:06.234248+00:00,2026-10-10 12:24:06.234248+00:00,0.0
-25.8587433,28.1457375,WIERDAPARK,WILLEM BOTHA STREET,TSH,79900070,https://powerfailure.tshwane.gov.za/Tshwanesms/Map.aspx,"-25.8587,28.1457|WIERDAPARK#0",2026-10-10 12:24:06.234248+00:00,2026-10-10 12:24:06.234248+00:00,0.0
-25.8602366,28.1459542,WIERDAPARK,GEMSBOK STREET,TSH,79900070,https://powerfailure.tshwane.gov.za/Tshwanesms/Map.aspx,"-25.8602,28.1460|WIERDAPARK#0",2026-10-10 12:24:06.234248+00:00,2026-10-10 12:24:06.234248+00:00,0.0
-25.8613852,28.1464592,WIERDAPARK,HENDRIK STREET,TSH,79900070,https://powerfailure.tshwane.gov.za/Tshwanesms/Map.aspx,"-25.8614,28.1465|WIERDAPARK#0",2026-10-10 12:24:06.234248+00:00,2026-10-10 12:24:06.234248+00:00,0.0
-25.8571449,28.1392459,WIERDAPARK,RUIMTE ROAD,TSH,79900070,https://powerfailure.tshwane.gov.za/Tshwanesms/Map.aspx,"-25.8571,28.1392|WIERDAPARK#0",2026-10-10 12:24:06.234248+00:00,2026-10-10 12:24:06.234248+00:00,0.0
-25.8588736,28.1411131,WIERDAPARK,SPRINGBOK ROAD,TSH,79900070,https://powerfailure.tshwane.gov.za/Tshwanesms/Map.aspx,"-25.8589,28.1411|WIERDAPARK#0",2026-10-10 12:24:06.234248+00:00,2026-10-10 12:24:06.234248+00:00,0.0
-25.8600475,28.1404268,WIERDAPARK,THEUNS VAN NIEKERK STREET,TSH,79900070,https://powerfailure.tshwane.gov.za/Tshwanesms/Map.aspx,"-25.8600,28.1404|WIERDAPARK#0",2026-10-10 12:24:06.234248+00:00,2026-10-10 12:24:06.234248+00:00,0.0
-25.8606837,28.1410058,WIERDAPARK,THEUNS VAN NIEKERK STREET,TSH,79900070,https://powerfailure.tshwane.gov.za/Tshwanesms/Map.aspx,"-25.8607,28.1410|WIERDAPARK#0",2026-10-10 12:24:06.234248+00:00,2026-10-10 12:24:06.234248+00:00,0.0
-25.8597254,28.1421934,WIERDAPARK,KOEDOE STREET,TSH,79900070,https://powerfailure.tshwane.gov.za/Tshwanesms/Map.aspx,"-25.8597,28.1422|WIERDAPARK#0",2026-10-10 12:24:06.234248+00:00,2026-10-10 12:24:06.234248+00:00,0.0
-25.8633597,28.1472113,WIERDAPARK,HENRIETTE STREET,TSH,79900070,https://powerfailure.tshwane.gov.za/Tshwanesms/Map.aspx,"-25.8634,28.1472|WIERDAPARK#0",2026-10-10 12:24:06.234248+00:00,2026-10-10 12:24:06.234248+00:00,0.0
-25.85937,28.1382232,WIERDAPARK,RUIMTE ROAD,TSH,79900070,https://powerfailure.tshwane.gov.za/Tshwanesms/Map.aspx,"-25.8594,28.1382|WIERDAPARK#0",2026-10-10 12:24:06.234248+00:00,2026-10-10 12:24:06.234248+00:00,0.0
-25.8624927,28.1407022,WIERDAPARK,ELAND STREET,TSH,79900070,https://powerfailure.tshwane.gov.za/Tshwanesms/Map.aspx,"-25.8625,28.1407|WIERDAPARK#0",2026-10-10 12:24:06.234248+00:00,2026-10-10 12:24:06.234248+00:00,0.0
-25.8647701,28.1402592,WIERDAPARK,GEMSBOK STREET,TSH,79900070,https://powerfailure.tshwane.gov.za/Tshwanesms/Map.aspx,"-25.8648,28.1403|WIERDAPARK#0",2026-10-10 12:24:06.234248+00:00,2026-10-10 12:24:06.234248+00:00,0.0
-25.8639954,28.1409032,WIERDAPARK,GEMSBOK STREET,TSH,79900070,https://powerfailure.tshwane.gov.za/Tshwanesms/Map.aspx,"-25.8640,28.1409|WIERDAPARK#0",2026-10-10 12:24:06.234248+00:00,2026-10-10 12:24:06.234248+00:00,0.0
-25.8669101,28.141213,WIERDAPARK,HENDRIK STREET,TSH,79900070,https://powerfailure.tshwane.gov.za/Tshwanesms/Map.aspx,"-25.8669,28.1412|WIERDAPARK#0",2026-10-10 12:24:06.234248+00:00,2026-10-10 12:24:06.234248+00:00,0.0
-25.8629222,28.1422026,WIERDAPARK,GEMSBOK STREET,TSH,79900070,https://powerfailure.tshwane.gov.za/Tshwanesms/Map.aspx,"-25.8629,28.1422|WIERDAPARK#0",2026-10-10 12:24:06.234248+00:00,2026-10-10 12:24:06.234248+00:00,0.0
-25.8633626,28.1422918,WIERDAPARK,DU TOIT STREET,TSH,79900070,https://powerfailure.tshwane.gov.za/Tshwanesms/Map.aspx,"-25.8634,28.1423|WIERDAPARK#0",2026-10-10 12:24:06.234248+00:00,2026-10-10 12:24:06.234248+00:00,0.0
-25.8691807,28.1406771,WIERDAPARK,FEARIKA STREET,TSH,79900070,https://powerfailure.tshwane.gov.za/Tshwanesms/Map.aspx,"-25.8692,28.1407|WIERDAPARK#0",2026-10-10 12:24:06.234248+00:00,2026-10-10 12:24:06.234248+00:00,0.0
-25.8654606,28.1443003,WIERDAPARK,DU TOIT STREET,TSH,79900070,https://powerfailure.tshwane.gov.za/Tshwanesms/Map.aspx,"-25.8655,28.1443|WIERDAPARK#0",2026-10-10 12:24:06.234248+00:00,2026-10-10 12:24:06.234248+00:00,0.0
-25.8674158,28.148668,WIERDAPARK,DU TOIT STREET,TSH,79900070,https://powerfailure.tshwane.gov.za/Tshwanesms/Map.aspx,"-25.8674,28.1487|WIERDAPARK#0",2026-10-10 12:24:06.234248+00:00,2026-10-10 12:24:06.234248+00:00,0.0
-25.8678059,28.1494252,WIERDAPARK,FEARIKA STREET,TSH,79900070,https://powerfailure.tshwane.gov.za/Tshwanesms/Map.aspx,"-25.8678,28.1494|WIERDAPARK#0",2026-10-10 12:24:06.234248+00:00,2026-10-10 12:24:06.234248+00:00,0.0
-25.8668958,28.149183,WIERDAPARK,DU TOIT STREET,TSH,79900070,https://powerfailure.tshwane.gov.za/Tshwanesms/Map.aspx,"-25.8669,28.1492|WIERDAPARK#0",2026-10-10 12:24:06.234248+00:00,2026-10-10 12:24:06.234248+00:00,0.0
-25.8497172,28.1353964,WIERDAPARK X01,PENQUIN CRESCENT,TSH,79900070,https://powerfailure.tshwane.gov.za/Tshwanesms/Map.aspx,"-25.8497,28.1354|WIERDAPARK X01#0",2026-10-10 12:24:06.234248+00:00,2026-10-10 12:24:06.234248+00:00,0.0
-25.850417,28.1395105,WIERDAPARK X01,GANNET CRESCENT,TSH,79900070,https://powerfailure.tshwane.gov.za/Tshwanesms/Map.aspx,"-25.8504,28.1395|WIERDAPARK X01#0",2026-10-10 12:24:06.234248+00:00,2026-10-10 12:24:06.234248+00:00,0.0
-25.8491448,28.1372701,WIERDAPARK X01,GANNET CRESCENT,TSH,79900070,https://powerfailure.tshwane.gov.za/Tshwanesms/Map.aspx,"-25.8491,28.1373|WIERDAPARK X01#0",2026-10-10 12:24:06.234248+00:00,2026-10-10 12:24:06.234248+00:00,0.0
-25.8484385,28.1362271,WIERDAPARK X01,GANNET CRESCENT,TSH,79900070,https://powerfailure.tshwane.gov.za/Tshwanesms/Map.aspx,"-25.8484,28.1362|WIERDAPARK X01#0",2026-10-10 12:24:06.234248+00:00,2026-10-10 12:24:06.234248+00:00,0.0
-25.8448454,28.1378169,WIERDAPARK X01,GANNET CRESCENT,TSH,79900070,https://powerfailure.tshwane.gov.za/Tshwanesms/Map.aspx,"-25.8448,28.1378|WIERDAPARK X01#0",2026-10-10 12:24:06.234248+00:00,2026-10-10 12:24:06.234248+00:00,0.0
-25.8469168,28.1389468,WIERDAPARK X01,IBIS AVENUE,TSH,79900070,https://powerfailure.tshwane.gov.za/Tshwanesms/Map.aspx,"-25.8469,28.1389|WIERDAPARK X01#0",2026-10-10 12:24:06.234248+00:00,2026-10-10 12:24:06.234248+00:00,0.0
-25.8450844,28.1420907,WIERDAPARK X01,GANNET CRESCENT,TSH,79900070,https://powerfailure.tshwane.gov.za/Tshwanesms/Map.aspx,"-25.8451,28.1421|WIERDAPARK X01#0",2026-10-10 12:24:06.234248+00:00,2026-10-10 12:24:06.234248+00:00,0.0
-25.5464654,28.1648389,HONINGNESTKRANS 269-JR,PL HK-113-04,TSH,79900096,https://powerfailure.tshwane.gov.za/Tshwanesms/Map.aspx,"-25.5465,28.1648|HONINGNESTKRANS 269-JR#0",2026-09-30 06:38:52.006832+00:00,2026-10-10 12:24:06.234248+00:00,245.75
-25.6680238,28.5174085,CULLINAN,PARK ROAD,TSH,79900100,https://powerfailure.tshwane.gov.za/Tshwanesms/Map.aspx,"-25.6680,28.5174|CULLINAN#0",2026-10-04 00:33:07.418287+00:00,2026-10-10 12:24:06.234248+00:00,155.85
-25.670264,28.5196837,CULLINAN,STAND,TSH,79900100,https://powerfailure.tshwane.gov.za/Tshwanesms/Map.aspx,"-25.6703,28.5197|CULLINAN#0",2026-10-04 06:47:51.169722+00:00,2026-10-10 12:24:06.234248+00:00,149.6
-25.8116743,28.7329428,HONDSRIVIER 508-JR,CATHIE STREET,TSH,79900105,https://powerfailure.tshwane.gov.za/Tshwanesms/Map.aspx,"-25.8117,28.7329|HONDSRIVIER 508-JR#0",2026-10-10 00:00:01.978931+00:00,2026-10-10 12:24:06.234248+00:00,12.4
-25.9027615,28.6668006,SUMMER PLACE,SUMMER PLACE,TSH,79900105,https://powerfailure.tshwane.gov.za/Tshwanesms/Map.aspx,"-25.9028,28.6668|SUMMER PLACE#0",2026-09-29 20:42:53.961596+00:00,2026-10-10 12:24:06.234248+00:00,255.69
-25.5698037,28.0743217,SOSHANGUVE SOUTH X03,STAND 7203,TSH,79900089,https://powerfailure.tshwane.gov.za/Tshwanesms/Map.aspx,"-25.5698,28.0743|SOSHANGUVE SOUTH X03#0",2026-10-05 15:56:27.539408+00:00,2026-10-10 12:24:06.234248+00:00,116.46
-25.7783195,28.2164086,GROENKLOOF,HERBERT BAKER STREET,TSH,79900059,https://powerfailure.tshwane.gov.za/Tshwanesms/Map.aspx,"-25.7783,28.2164|GROENKLOOF#0",2026-09-23 15:54:26.696532+00:00,2026-10-10 12:24:06.234248+00:00,404.49
-25.7768431,28.2123039,GROENKLOOF,HERBERT BAKER STREET,TSH,79900059,https://powerfailure.tshwane.gov.za/Tshwanesms/Map.aspx,"-25.7768,28.2123|GROENKLOOF#0",2026-09-23 15:54:26.696532+00:00,2026-10-10 12:24:06.234248+00:00,404.49
-25.776157,28.2113319,GROENKLOOF,HERBERT BAKER STREET,TSH,79900059,https://powerfailure.tshwane.gov.za/Tshwanesms/Map.aspx,"-25.7762,28.2113|GROENKLOOF#0",2026-09-23 15:54:26.696532+00:00,2026-10-10 12:24:06.234248+00:00,404.49
-25.7770331,28.2143595,GROENKLOOF,HERBERT BAKER STREET,TSH,79900059,https://powerfailure.tshwane.gov.za/Tshwanesms/Map.aspx,"-25.7770,28.2144|GROENKLOOF#0",2026-10-01 18:51:09.084613+00:00,2026-10-10 12:24:06.234248+00:00,209.55
-25.7721329,28.2104998,GROENKLOOF,VAN WOUW STREET,TSH,79900059,https://powerfailure.tshwane.gov.za/Tshwanesms/Map.aspx,"-25.7721,28.2105|GROENKLOOF#0",2026-09-23 15:54:26.696532+00:00,2026-10-10 12:24:06.234248+00:00,404.49
-25.7717995,28.2103215,GROENKLOOF,GEORGE STORRAR DRIVE,TSH,79900059,https://powerfailure.tshwane.gov.za/Tshwanesms/Map.aspx,"-25.7718,28.2103|GROENKLOOF#0",2026-09-23 15:54:26.696532+00:00,2026-10-10 12:24:06.234248+00:00,404.49
-25.7720118,28.2116612,GROENKLOOF,WENNING STREET,TSH,79900059,https://powerfailure.tshwane.gov.za/Tshwanesms/Map.aspx,"-25.7720,28.2117|GROENKLOOF#0",2026-09-23 15:54:26.696532+00:00,2026-10-10 12:24:06.234248+00:00,404.49
-25.7717815,28.2114927,GROENKLOOF,WENNING STREET,TSH,79900059,https://powerfailure.tshwane.gov.za/Tshwanesms/Map.aspx,"-25.7718,28.2115|GROENKLOOF#0",2026-09-23 15:54:26.696532+00:00,2026-10-10 12:24:06.234248+00:00,404.49
-25.7734939,28.2149514,GROENKLOOF,FRANS OERDER STREET,TSH,79900059,https://powerfailure.tshwane.gov.za/Tshwanesms/Map.aspx,"-25.7735,28.2150|GROENKLOOF#0",2026-09-23 15:54:26.696532+00:00,2026-10-10 12:24:06.234248+00:00,404.49
-25.6625955,28.0010165,WILDEBEESTHOEK 310-JR,PL BVS-242-10N- 5E (43),TSH,79900031,https://powerfailure.tshwane.gov.za/Tshwanesms/Map.aspx,"-25.6626,28.0010|WILDEBEESTHOEK 310-JR#0",2026-10-07 10:10:01.835441+00:00,2026-10-10 12:24:06.234248+00:00,74.23
-25.8510417,28.1732372,HENNOPSPARK,ACACIA ROAD,TSH,79900066,https://powerfailure.tshwane.gov.za/Tshwanesms/Map.aspx,"-25.8510,28.1732|HENNOPSPARK#0",2026-10-10 12:24:06.234248+00:00,2026-10-10 12:24:06.234248+00:00,0.0
-25.851264,28.171921,HENNOPSPARK,ACACIA ROAD,TSH,79900066,https://powerfailure.tshwane.gov.za/Tshwanesms/Map.aspx,"-25.8513,28.1719|HENNOPSPARK#0",2026-10-10 12:24:06.234248+00:00,2026-10-10 12:24:06.234248+00:00,0.0
-25.8513178,28.1762237,HENNOPSPARK,MAROELA ROAD,TSH,79900066,https://powerfailure.tshwane.gov.za/Tshwanesms/Map.aspx,"-25.8513,28.1762|HENNOPSPARK#0",2026-10-10 12:24:06.234248+00:00,2026-10-10 12:24:06.234248+00:00,0.0
-25.8465239,28.167946,HENNOPSPARK X01,VALLEY ROAD,TSH,79900066,https://powerfailure.tshwane.gov.za/Tshwanesms/Map.aspx,"-25.8465,28.1679|HENNOPSPARK X01#0",2026-10-10 12:24:06.234248+00:00,2026-10-10 12:24:06.234248+00:00,0.0
-25.8465866,28.1677169,HENNOPSPARK X01,VALLEY ROAD,TSH,79900066,https://powerfailure.tshwane.gov.za/Tshwanesms/Map.aspx,"-25.8466,28.1677|HENNOPSPARK X01#0",2026-10-10 12:24:06.234248+00:00,2026-10-10 12:24:06.234248+00:00,0.0
-25.8539506,28.1680123,HENNOPSPARK X05,BUFFALO ROAD,TSH,79900066,https://powerfailure.tshwane.gov.za/Tshwanesms/Map.aspx,"-25.8540,28.1680|HENNOPSPARK X05#0",2026-10-10 12:24:06.234248+00:00,2026-10-10 12:24:06.234248+00:00,0.0
-25.8550212,28.1646327,HENNOPSPARK X05,BERG STREET,TSH,79900066,https://powerfailure.tshwane.gov.za/Tshwanesms/Map.aspx,"-25.8550,28.1646|HENNOPSPARK X05#0",2026-10-10 12:24:06.234248+00:00,2026-10-10 12:24:06.234248+00:00,0.0
-25.8558697,28.1719629,HENNOPSPARK X04,ROPER STREET,TSH,79900066,https://powerfailure.tshwane.gov.za/Tshwanesms/Map.aspx,"-25.8559,28.1720|HENNOPSPARK X04#0",2026-10-10 12:24:06.234248+00:00,2026-10-10 12:24:06.234248+00:00,0.0
-25.7599707,27.8510323,PECANWOOD X04,JACK NICKLAUS DRIVE,NW372,63702029,https://powerfailure.tshwane.gov.za/Tshwanesms/Map.aspx,"-25.7600,27.8510|PECANWOOD X04#0",2026-10-02 22:56:53.748764+00:00,2026-10-10 12:24:06.234248+00:00,181.45
-25.7489416,28.3178954,LA MONTAGNE X03,SKOOL STREET,TSH,79900041,https://powerfailure.tshwane.gov.za/Tshwanesms/Map.aspx,"-25.7489,28.3179|LA MONTAGNE X03#0",2026-10-10 00:00:01.978931+00:00,2026-10-10 12:24:06.234248+00:00,12.4
-25.7813533,28.2862161,LYNNWOOD GLEN,MALABOR ROAD,TSH,79900046,https://powerfailure.tshwane.gov.za/Tshwanesms/Map.aspx,"-25.7814,28.2862|LYNNWOOD GLEN#0",2026-10-05 15:56:27.539408+00:00,2026-10-10 12:24:06.234248+00:00,116.46
-25.8449449,28.2818555,MORELETAPARK X52,SYBAS CRESSENT SYBAS CRESSENT,TSH,79900091,https://powerfailure.tshwane.gov.za/Tshwanesms/Map.aspx,"-25.8449,28.2819|MORELETAPARK X52#0",2026-10-05 15:56:27.539408+00:00,2026-10-10 12:24:06.234248+00:00,116.46
-25.8258063,28.3041144,MORELETAPARK X63,ROCKWOOD CRESCENT,TSH,79900045,https://powerfailure.tshwane.gov.za/Tshwanesms/Map.aspx,"-25.8258,28.3041|MORELETAPARK X63#0",2026-09-29 08:23:13.536342+00:00,2026-10-10 12:24:06.234248+00:00,268.01
-25.8263049,28.3042761,MORELETAPARK X63,OLDWOOD CLOSE,TSH,79900045,https://powerfailure.tshwane.gov.za/Tshwanesms/Map.aspx,"-25.8263,28.3043|MORELETAPARK X63#0",2026-09-29 08:23:13.536342+00:00,2026-10-10 12:24:06.234248+00:00,268.01
-25.7198742,28.3526184,MORETELE VIEW,STAND   218,TSH,79900028,https://powerfailure.tshwane.gov.za/Tshwanesms/Map.aspx,"-25.7199,28.3526|MORETELE VIEW#0",2026-10-05 22:35:03.937620+00:00,2026-10-10 12:24:06.234248+00:00,109.82
-25.7021565,28.1487231,MOUNTAIN VIEW X01,SAREL AVE,TSH,79900001,https://powerfailure.tshwane.gov.za/Tshwanesms/Map.aspx,"-25.7022,28.1487|MOUNTAIN VIEW X01#0",2026-10-10 12:24:06.234248+00:00,2026-10-10 12:24:06.234248+00:00,0.0
-25.660723,28.1702171,PRETORIA NORTH,EEUFEES STREET,TSH,79900002,https://powerfailure.tshwane.gov.za/Tshwanesms/Map.aspx,"-25.6607,28.1702|PRETORIA NORTH#0",2026-10-04 06:47:51.169722+00:00,2026-10-10 12:24:06.234248+00:00,149.6
-25.6611688,28.1717503,PRETORIA NORTH,BURGER STREET,TSH,79900002,https://powerfailure.tshwane.gov.za/Tshwanesms/Map.aspx,"-25.6612,28.1718|PRETORIA NORTH#0",2026-10-04 00:33:07.418287+00:00,2026-10-10 12:24:06.234248+00:00,155.85
-25.6619073,28.1772839,PRETORIA NORTH,DANIE THERON STREET,TSH,79900002,https://powerfailure.tshwane.gov.za/Tshwanesms/Map.aspx,"-25.6619,28.1773|PRETORIA NORTH#0",2026-10-02 12:24:50.491552+00:00,2026-10-10 12:24:06.234248+00:00,191.99
-25.6643458,28.1786397,PRETORIA NORTH,GENL BEYERS STREET,TSH,79900002,https://powerfailure.tshwane.gov.za/Tshwanesms/Map.aspx,"-25.6643,28.1786|PRETORIA NORTH#0",2026-10-04 06:47:51.169722+00:00,2026-10-10 12:24:06.234248+00:00,149.6
-25.6642887,28.1802178,PRETORIA NORTH,JAN VAN RIEBEECK STREET,TSH,79900002,https://powerfailure.tshwane.gov.za/Tshwanesms/Map.aspx,"-25.6643,28.1802|PRETORIA NORTH#0",2026-10-04 06:47:51.169722+00:00,2026-10-10 12:24:06.234248+00:00,149.6
-25.6639761,28.1667813,PRETORIA NORTH,WEST STREET,TSH,79900002,https://powerfailure.tshwane.gov.za/Tshwanesms/Map.aspx,"-25.6640,28.1668|PRETORIA NORTH#0",2026-10-04 13:09:40.651455+00:00,2026-10-10 12:24:06.234248+00:00,143.24
-25.6641558,28.1692206,PRETORIA NORTH,JACK HINDON STREET,TSH,79900002,https://powerfailure.tshwane.gov.za/Tshwanesms/Map.aspx,"-25.6642,28.1692|PRETORIA NORTH#0",2026-10-04 06:47:51.169722+00:00,2026-10-10 12:24:06.234248+00:00,149.6
-25.6658886,28.1769295,PRETORIA NORTH,DANIE THERON STREET,TSH,79900002,https://powerfailure.tshwane.gov.za/Tshwanesms/Map.aspx,"-25.6659,28.1769|PRETORIA NORTH#0",2026-10-04 06:47:51.169722+00:00,2026-10-10 12:24:06.234248+00:00,149.6
-25.6666338,28.1665444,PRETORIA NORTH,WEST STREET,TSH,79900002,https://powerfailure.tshwane.gov.za/Tshwanesms/Map.aspx,"-25.6666,28.1665|PRETORIA NORTH#0",2026-10-04 00:33:07.418287+00:00,2026-10-10 12:24:06.234248+00:00,155.85
-25.6677925,28.1776333,PRETORIA NORTH,GENL BEYERS STREET,TSH,79900002,https://powerfailure.tshwane.gov.za/Tshwanesms/Map.aspx,"-25.6678,28.1776|PRETORIA NORTH#0",2026-10-04 06:47:51.169722+00:00,2026-10-10 12:24:06.234248+00:00,149.6
-25.6674111,28.1680481,PRETORIA NORTH,JACK HINDON STREET,TSH,79900002,https://powerfailure.tshwane.gov.za/Tshwanesms/Map.aspx,"-25.6674,28.1680|PRETORIA NORTH#0",2026-10-04 06:47:51.169722+00:00,2026-10-10 12:24:06.234248+00:00,149.6
-25.6687727,28.1798187,PRETORIA NORTH,JAN VAN RIEBEECK STREET,TSH,79900002,https://powerfailure.tshwane.gov.za/Tshwanesms/Map.aspx,"-25.6688,28.1798|PRETORIA NORTH#0",2026-10-04 06:47:51.169722+00:00,2026-10-10 12:24:06.234248+00:00,149.6
-25.6694084,28.1759081,PRETORIA NORTH,STASIE STREET,TSH,79900002,https://powerfailure.tshwane.gov.za/Tshwanesms/Map.aspx,"-25.6694,28.1759|PRETORIA NORTH#0",2026-10-04 06:47:51.169722+00:00,2026-10-10 12:24:06.234248+00:00,149.6
-25.6691236,28.1663225,PRETORIA NORTH,WEST STREET,TSH,79900002,https://powerfailure.tshwane.gov.za/Tshwanesms/Map.aspx,"-25.6691,28.1663|PRETORIA NORTH#0",2026-10-04 06:47:51.169722+00:00,2026-10-10 12:24:06.234248+00:00,149.6
-25.6702569,28.1749674,PRETORIA NORTH,BEN VILJOEN STREET,TSH,79900002,https://powerfailure.tshwane.gov.za/Tshwanesms/Map.aspx,"-25.6703,28.1750|PRETORIA NORTH#0",2026-10-04 06:47:51.169722+00:00,2026-10-10 12:24:06.234248+00:00,149.6
-25.6707026,28.1765007,PRETORIA NORTH,.,TSH,79900002,https://powerfailure.tshwane.gov.za/Tshwanesms/Map.aspx,"-25.6707,28.1765|PRETORIA NORTH#0",2026-10-04 06:47:51.169722+00:00,2026-10-10 12:24:06.234248+00:00,149.6
-25.6724037,28.1700571,PRETORIA NORTH,EEUFEES STREET,TSH,79900002,https://powerfailure.tshwane.gov.za/Tshwanesms/Map.aspx,"-25.6724,28.1701|PRETORIA NORTH#0",2026-10-04 06:47:51.169722+00:00,2026-10-10 12:24:06.234248+00:00,149.6
-25.6726009,28.1716125,PRETORIA NORTH,BURGER STREET,TSH,79900002,https://powerfailure.tshwane.gov.za/Tshwanesms/Map.aspx,"-25.6726,28.1716|PRETORIA NORTH#0",2026-10-04 06:47:51.169722+00:00,2026-10-10 12:24:06.234248+00:00,149.6
-25.6726009,28.1716125,PRETORIA NORTH,BURGER STREET,TSH,79900002,https://powerfailure.tshwane.gov.za/Tshwanesms/Map.aspx,"-25.6726,28.1716|PRETORIA NORTH#1",2026-10-04 06:47:51.169722+00:00,2026-10-10 12:24:06.234248+00:00,149.6
-25.6727898,28.1698694,PRETORIA NORTH,EEUFEES STREET,TSH,79900002,https://powerfailure.tshwane.gov.za/Tshwanesms/Map.aspx,"-25.6728,28.1699|PRETORIA NORTH#0",2026-10-04 06:47:51.169722+00:00,2026-10-10 12:24:06.234248+00:00,149.6
-25.6734363,28.165938,PRETORIA NORTH,WEST STREET,TSH,79900002,https://powerfailure.tshwane.gov.za/Tshwanesms/Map.aspx,"-25.6734,28.1659|PRETORIA NORTH#0",2026-10-04 06:47:51.169722+00:00,2026-10-10 12:24:06.234248+00:00,149.6
-25.675452,28.1808899,PRETORIA NORTH,GERRIT MARITZ STREET,TSH,79900002,https://powerfailure.tshwane.gov.za/Tshwanesms/Map.aspx,"-25.6755,28.1809|PRETORIA NORTH#0",2026-09-23 15:54:26.696532+00:00,2026-10-10 12:24:06.234248+00:00,404.49
-25.6764596,28.1775611,PRETORIA NORTH,GENL BEYERS STREET,TSH,79900002,https://powerfailure.tshwane.gov.za/Tshwanesms/Map.aspx,"-25.6765,28.1776|PRETORIA NORTH#0",2026-09-25 17:15:35.006199+00:00,2026-10-10 12:24:06.234248+00:00,355.14
-25.6791655,28.1780124,PRETORIA NORTH,JAN VAN RIEBEECK STREET,TSH,79900002,https://powerfailure.tshwane.gov.za/Tshwanesms/Map.aspx,"-25.6792,28.1780|PRETORIA NORTH#0",2026-09-26 21:57:24.245867+00:00,2026-10-10 12:24:06.234248+00:00,326.44
-25.679071,28.1733014,PRETORIA NORTH,BEN VILJOEN STREET,TSH,79900002,https://powerfailure.tshwane.gov.za/Tshwanesms/Map.aspx,"-25.6791,28.1733|PRETORIA NORTH#0",2026-10-02 12:24:50.491552+00:00,2026-10-10 12:24:06.234248+00:00,191.99
-25.679071,28.1733014,PRETORIA NORTH,BEN VILJOEN STREET,TSH,79900002,https://powerfailure.tshwane.gov.za/Tshwanesms/Map.aspx,"-25.6791,28.1733|PRETORIA NORTH#1",2026-10-04 06:47:51.169722+00:00,2026-10-10 12:24:06.234248+00:00,149.6
-25.6812737,28.1771324,PRETORIA NORTH,GENL BEYERS STREET,TSH,79900002,https://powerfailure.tshwane.gov.za/Tshwanesms/Map.aspx,"-25.6813,28.1771|PRETORIA NORTH#0",2026-10-04 06:47:51.169722+00:00,2026-10-10 12:24:06.234248+00:00,149.6
-25.6816635,28.1699241,PRETORIA NORTH,BURGER STREET,TSH,79900002,https://powerfailure.tshwane.gov.za/Tshwanesms/Map.aspx,"-25.6817,28.1699|PRETORIA NORTH#0",2026-10-04 06:47:51.169722+00:00,2026-10-10 12:24:06.234248+00:00,149.6
-25.6825056,28.1677567,PRETORIA NORTH,SUIDER STREET,TSH,79900002,https://powerfailure.tshwane.gov.za/Tshwanesms/Map.aspx,"-25.6825,28.1678|PRETORIA NORTH#0",2026-10-04 00:33:07.418287+00:00,2026-10-10 12:24:06.234248+00:00,155.85
-25.6829435,28.166827,PRETORIA NORTH,JACK HINDON STREET,TSH,79900002,https://powerfailure.tshwane.gov.za/Tshwanesms/Map.aspx,"-25.6829,28.1668|PRETORIA NORTH#0",2026-10-08 17:51:27.458247+00:00,2026-10-10 12:24:06.234248+00:00,42.54
-25.683579,28.175527,PRETORIA NORTH,SUIDER STREET,TSH,79900002,https://powerfailure.tshwane.gov.za/Tshwanesms/Map.aspx,"-25.6836,28.1755|PRETORIA NORTH#0",2026-10-04 06:47:51.169722+00:00,2026-10-10 12:24:06.234248+00:00,149.6
-25.6838575,28.1793358,PRETORIA NORTH,KOOS DE LA REY STREET,TSH,79900002,https://powerfailure.tshwane.gov.za/Tshwanesms/Map.aspx,"-25.6839,28.1793|PRETORIA NORTH#0",2026-10-04 06:47:51.169722+00:00,2026-10-10 12:24:06.234248+00:00,149.6
-25.6854801,28.183168,PRETORIA NORTH,ABERCROMBIE ROAD,TSH,79900002,https://powerfailure.tshwane.gov.za/Tshwanesms/Map.aspx,"-25.6855,28.1832|PRETORIA NORTH#0",2026-10-04 06:47:51.169722+00:00,2026-10-10 12:24:06.234248+00:00,149.6
-25.6852738,28.1758952,PRETORIA NORTH,GENL BEYERS STREET,TSH,79900002,https://powerfailure.tshwane.gov.za/Tshwanesms/Map.aspx,"-25.6853,28.1759|PRETORIA NORTH#0",2026-10-04 06:47:51.169722+00:00,2026-10-10 12:24:06.234248+00:00,149.6
-25.6859859,28.1649797,PRETORIA NORTH,WEST STREET,TSH,79900002,https://powerfailure.tshwane.gov.za/Tshwanesms/Map.aspx,"-25.6860,28.1650|PRETORIA NORTH#0",2026-09-28 21:54:04.654174+00:00,2026-10-10 12:24:06.234248+00:00,278.5
-25.6869353,28.1802945,PRETORIA NORTH,BERG AVENUE,TSH,79900002,https://powerfailure.tshwane.gov.za/Tshwanesms/Map.aspx,"-25.6869,28.1803|PRETORIA NORTH#0",2026-10-04 06:47:51.169722+00:00,2026-10-10 12:24:06.234248+00:00,149.6
-25.6606957,28.1744022,PRETORIA NORTH,PAGEL STREET,TSH,79900002,https://powerfailure.tshwane.gov.za/Tshwanesms/Map.aspx,"-25.6607,28.1744|PRETORIA NORTH#0",2026-10-04 06:47:51.169722+00:00,2026-10-10 12:24:06.234248+00:00,149.6
-25.6607248,28.1747822,PRETORIA NORTH,PAGEL STREET,TSH,79900002,https://powerfailure.tshwane.gov.za/Tshwanesms/Map.aspx,"-25.6607,28.1748|PRETORIA NORTH#0",2026-10-04 06:47:51.169722+00:00,2026-10-10 12:24:06.234248+00:00,149.6
-25.6608666,28.1747312,PRETORIA NORTH,PAGEL STREET,TSH,79900002,https://powerfailure.tshwane.gov.za/Tshwanesms/Map.aspx,"-25.6609,28.1747|PRETORIA NORTH#0",2026-10-04 06:47:51.169722+00:00,2026-10-10 12:24:06.234248+00:00,149.6
-25.8189763,28.3080473,PRETORIUSPARK X06,EMFULENI AVENUE,TSH,79900045,https://powerfailure.tshwane.gov.za/Tshwanesms/Map.aspx,"-25.8190,28.3080|PRETORIUSPARK X06#0",2026-09-29 08:23:13.536342+00:00,2026-10-10 12:24:06.234248+00:00,268.01
-25.6765595,28.2219624,SINOVILLE,ORSULA STREET,TSH,79900050,https://powerfailure.tshwane.gov.za/Tshwanesms/Map.aspx,"-25.6766,28.2220|SINOVILLE#0",2026-10-06 17:09:53.951304+00:00,2026-10-10 12:24:06.234248+00:00,91.24
-25.6757118,28.2212505,SINOVILLE,PAFURI AVENUE,TSH,79900050,https://powerfailure.tshwane.gov.za/Tshwanesms/Map.aspx,"-25.6757,28.2213|SINOVILLE#0",2026-10-06 17:09:53.951304+00:00,2026-10-10 12:24:06.234248+00:00,91.24
-25.6747101,28.2246133,SINOVILLE,MATLABAS AVENUE,TSH,79900050,https://powerfailure.tshwane.gov.za/Tshwanesms/Map.aspx,"-25.6747,28.2246|SINOVILLE#0",2026-10-06 10:08:41.992184+00:00,2026-10-10 12:24:06.234248+00:00,98.26
-25.6755557,28.2247121,SINOVILLE,ORSULA STREET,TSH,79900050,https://powerfailure.tshwane.gov.za/Tshwanesms/Map.aspx,"-25.6756,28.2247|SINOVILLE#0",2026-10-06 17:09:53.951304+00:00,2026-10-10 12:24:06.234248+00:00,91.24
-25.6852611,28.2206751,SINOVILLE,KUNENE AVENUE,TSH,79900050,https://powerfailure.tshwane.gov.za/Tshwanesms/Map.aspx,"-25.6853,28.2207|SINOVILLE#0",2026-10-06 10:08:41.992184+00:00,2026-10-10 12:24:06.234248+00:00,98.26
-25.6871074,28.2245101,SINOVILLE,DOMINIKA STREET,TSH,79900050,https://powerfailure.tshwane.gov.za/Tshwanesms/Map.aspx,"-25.6871,28.2245|SINOVILLE#0",2026-10-06 17:09:53.951304+00:00,2026-10-10 12:24:06.234248+00:00,91.24
-25.673047,28.2156697,SINOVILLE,MIRIANA STREET,TSH,79900050,https://powerfailure.tshwane.gov.za/Tshwanesms/Map.aspx,"-25.6730,28.2157|SINOVILLE#0",2026-10-06 17:09:53.951304+00:00,2026-10-10 12:24:06.234248+00:00,91.24
-25.7491589,28.2934181,VAL-DE-GRACE,MOPANI AVENUE,TSH,79900046,https://powerfailure.tshwane.gov.za/Tshwanesms/Map.aspx,"-25.7492,28.2934|VAL-DE-GRACE#0",2026-09-29 08:23:13.536342+00:00,2026-10-10 12:24:06.234248+00:00,268.01
-25.8060112,28.1424326,VALHALLA,OLIVE AVENUE,TSH,79900066,https://powerfailure.tshwane.gov.za/Tshwanesms/Map.aspx,"-25.8060,28.1424|VALHALLA#0",2026-10-10 12:24:06.234248+00:00,2026-10-10 12:24:06.234248+00:00,0.0
-25.8470937,28.1483192,WIERDAPARK X01,BOSDUIF CRESCENT,TSH,79900070,https://powerfailure.tshwane.gov.za/Tshwanesms/Map.aspx,"-25.8471,28.1483|WIERDAPARK X01#0",2026-10-10 12:24:06.234248+00:00,2026-10-10 12:24:06.234248+00:00,0.0
-25.8475024,28.1448401,WIERDAPARK X01,ORIOLE AVENUE,TSH,79900070,https://powerfailure.tshwane.gov.za/Tshwanesms/Map.aspx,"-25.8475,28.1448|WIERDAPARK X01#0",2026-10-10 12:24:06.234248+00:00,2026-10-10 12:24:06.234248+00:00,0.0
-25.8469676,28.1476175,WIERDAPARK X01,BOSDUIF CRESCENT,TSH,79900070,https://powerfailure.tshwane.gov.za/Tshwanesms/Map.aspx,"-25.8470,28.1476|WIERDAPARK X01#0",2026-10-10 12:24:06.234248+00:00,2026-10-10 12:24:06.234248+00:00,0.0
-25.8488818,28.1473984,WIERDAPARK X01,BOSDUIF CRESCENT,TSH,79900070,https://powerfailure.tshwane.gov.za/Tshwanesms/Map.aspx,"-25.8489,28.1474|WIERDAPARK X01#0",2026-10-10 12:24:06.234248+00:00,2026-10-10 12:24:06.234248+00:00,0.0
-25.8508932,28.1464617,WIERDAPARK X01,THEO STREET,TSH,79900070,https://powerfailure.tshwane.gov.za/Tshwanesms/Map.aspx,"-25.8509,28.1465|WIERDAPARK X01#0",2026-10-10 12:24:06.234248+00:00,2026-10-10 12:24:06.234248+00:00,0.0
-25.85377,28.1341461,WIERDAPARK X06,ALBATROS ROAD,TSH,79900070,https://powerfailure.tshwane.gov.za/Tshwanesms/Map.aspx,"-25.8538,28.1341|WIERDAPARK X06#0",2026-10-10 12:24:06.234248+00:00,2026-10-10 12:24:06.234248+00:00,0.0
-25.8559514,28.1346348,WIERDAPARK X06,KEMPHAAN ROAD,TSH,79900070,https://powerfailure.tshwane.gov.za/Tshwanesms/Map.aspx,"-25.8560,28.1346|WIERDAPARK X06#0",2026-10-10 12:24:06.234248+00:00,2026-10-10 12:24:06.234248+00:00,0.0
-25.8572556,28.1378756,WIERDAPARK,THEUNS VAN NIEKERK STREET,TSH,79900070,https://powerfailure.tshwane.gov.za/Tshwanesms/Map.aspx,"-25.8573,28.1379|WIERDAPARK#0",2026-10-10 12:24:06.234248+00:00,2026-10-10 12:24:06.234248+00:00,0.0
-25.8646884,28.1515807,WIERDAPARK X05,PORCHE AVENUE,TSH,79900070,https://powerfailure.tshwane.gov.za/Tshwanesms/Map.aspx,"-25.8647,28.1516|WIERDAPARK X05#0",2026-10-10 12:24:06.234248+00:00,2026-10-10 12:24:06.234248+00:00,0.0
-25.7700152,28.3324241,WILLOWGLEN AH,MEADOW AVENUE,TSH,79900085,https://powerfailure.tshwane.gov.za/Tshwanesms/Map.aspx,"-25.7700,28.3324|WILLOWGLEN AH#0",2026-10-07 10:10:01.835441+00:00,2026-10-10 12:24:06.234248+00:00,74.23
-25.6610427,28.1584813,WOLMER,DEETLEFS STREET,TSH,79900002,https://powerfailure.tshwane.gov.za/Tshwanesms/Map.aspx,"-25.6610,28.1585|WOLMER#0",2026-10-09 13:08:42.013082+00:00,2026-10-10 12:24:06.234248+00:00,23.26
-25.6636533,28.1643423,WOLMER,BROODRYK STREET,TSH,79900002,https://powerfailure.tshwane.gov.za/Tshwanesms/Map.aspx,"-25.6637,28.1643|WOLMER#0",2026-10-09 13:08:42.013082+00:00,2026-10-10 12:24:06.234248+00:00,23.26
-25.6667457,28.158819,WOLMER,HORN STREET,TSH,79900002,https://powerfailure.tshwane.gov.za/Tshwanesms/Map.aspx,"-25.6667,28.1588|WOLMER#0",2026-10-09 13:08:42.013082+00:00,2026-10-10 12:24:06.234248+00:00,23.26
-25.6688426,28.1577887,WOLMER,DEETLEFS STREET,TSH,79900002,https://powerfailure.tshwane.gov.za/Tshwanesms/Map.aspx,"-25.6688,28.1578|WOLMER#0",2026-10-09 13:08:42.013082+00:00,2026-10-10 12:24:06.234248+00:00,23.26
-25.6681984,28.1592456,WOLMER,STASIE STREET,TSH,79900002,https://powerfailure.tshwane.gov.za/Tshwanesms/Map.aspx,"-25.6682,28.1592|WOLMER#0",2026-10-09 13:08:42.013082+00:00,2026-10-10 12:24:06.234248+00:00,23.26
-25.8151161,28.4534078,MOOIPLAATS 367-JR,STAND,TSH,79900101,https://powerfailure.tshwane.gov.za/Tshwanesms/Map.aspx,"-25.8151,28.4534|MOOIPLAATS 367-JR#0",2026-10-09 19:30:15.533813+00:00,2026-10-10 12:24:06.234248+00:00,16.9
-25.6764344,28.1147927,AMANDASIG,BESEMBOS AVENUE,TSH,79900098,https://powerfailure.tshwane.gov.za/Tshwanesms/Map.aspx,"-25.6764,28.1148|AMANDASIG#0",2026-10-09 13:08:42.013082+00:00,2026-10-10 12:24:06.234248+00:00,23.26
-25.6786996,28.1459851,NINAPARK X02,PHEASANT,TSH,79900098,https://powerfailure.tshwane.gov.za/Tshwanesms/Map.aspx,"-25.6787,28.1460|NINAPARK X02#0",2026-10-08 17:51:27.458247+00:00,2026-10-10 12:24:06.234248+00:00,42.54
-25.6743791,28.1151194,KARENPARK,CYCLAMEN,TSH,79900004,https://powerfailure.tshwane.gov.za/Tshwanesms/Map.aspx,"-25.6744,28.1151|KARENPARK#0",2026-09-23 15:54:26.696532+00:00,2026-10-10 12:24:06.234248+00:00,404.49
-25.5617078,28.061564,SOSHANGUVE SOUTH,EXT 19,TSH,79900039,https://powerfailure.tshwane.gov.za/Tshwanesms/Map.aspx,"-25.5617,28.0616|SOSHANGUVE SOUTH#0",2026-10-09 19:30:15.533813+00:00,2026-10-10 12:24:06.234248+00:00,16.9
-25.5617078,28.061564,SOSHANGUVE SOUTH,EXT 19,TSH,79900039,https://powerfailure.tshwane.gov.za/Tshwanesms/Map.aspx,"-25.5617,28.0616|SOSHANGUVE SOUTH#1",2026-10-09 19:30:15.533813+00:00,2026-10-10 12:24:06.234248+00:00,16.9
-25.5759218,28.0677182,SOSHANGUVE SOUTH X04,STAND 3412,TSH,79900037,https://powerfailure.tshwane.gov.za/Tshwanesms/Map.aspx,"-25.5759,28.0677|SOSHANGUVE SOUTH X04#0",2026-10-07 10:10:01.835441+00:00,2026-10-10 12:24:06.234248+00:00,74.23
-25.8365277,28.1533099,ELDORAIGNE,ALAN ROAD,TSH,79900069,https://powerfailure.tshwane.gov.za/Tshwanesms/Map.aspx,"-25.8365,28.1533|ELDORAIGNE#0",2026-10-10 12:24:06.234248+00:00,2026-10-10 12:24:06.234248+00:00,0.0
-25.8370048,28.1501499,ELDORAIGNE,DE HOEVE ROAD,TSH,79900069,https://powerfailure.tshwane.gov.za/Tshwanesms/Map.aspx,"-25.8370,28.1501|ELDORAIGNE#0",2026-10-10 12:24:06.234248+00:00,2026-10-10 12:24:06.234248+00:00,0.0
-25.8423409,28.1500165,ELDORAIGNE,CHRISTOPHER ROAD,TSH,79900069,https://powerfailure.tshwane.gov.za/Tshwanesms/Map.aspx,"-25.8423,28.1500|ELDORAIGNE#0",2026-10-10 12:24:06.234248+00:00,2026-10-10 12:24:06.234248+00:00,0.0
-25.8436147,28.1539825,ELDORAIGNE,WEAVIND AVENUE,TSH,79900069,https://powerfailure.tshwane.gov.za/Tshwanesms/Map.aspx,"-25.8436,28.1540|ELDORAIGNE#0",2026-10-10 12:24:06.234248+00:00,2026-10-10 12:24:06.234248+00:00,0.0
-25.8447607,28.1556013,ELDORAIGNE,WINSTON ROAD,TSH,79900069,https://powerfailure.tshwane.gov.za/Tshwanesms/Map.aspx,"-25.8448,28.1556|ELDORAIGNE#0",2026-10-10 12:24:06.234248+00:00,2026-10-10 12:24:06.234248+00:00,0.0
-25.8470017,28.1565495,ELDORAIGNE,HENRI ROAD,TSH,79900069,https://powerfailure.tshwane.gov.za/Tshwanesms/Map.aspx,"-25.8470,28.1565|ELDORAIGNE#0",2026-10-10 12:24:06.234248+00:00,2026-10-10 12:24:06.234248+00:00,0.0
-25.8478485,28.152572,ELDORAIGNE,WEAVIND AVENUE,TSH,79900069,https://powerfailure.tshwane.gov.za/Tshwanesms/Map.aspx,"-25.8478,28.1526|ELDORAIGNE#0",2026-10-10 12:24:06.234248+00:00,2026-10-10 12:24:06.234248+00:00,0.0
-25.8327423,28.1514592,ELDORAIGNE X01,HYDE AVENUE,TSH,79900069,https://powerfailure.tshwane.gov.za/Tshwanesms/Map.aspx,"-25.8327,28.1515|ELDORAIGNE X01#0",2026-10-10 12:24:06.234248+00:00,2026-10-10 12:24:06.234248+00:00,0.0
-25.8366275,28.1600604,ELDORAIGNE X01,FREDERIK AVENUE,TSH,79900069,https://powerfailure.tshwane.gov.za/Tshwanesms/Map.aspx,"-25.8366,28.1601|ELDORAIGNE X01#0",2026-10-10 12:24:06.234248+00:00,2026-10-10 12:24:06.234248+00:00,0.0
-25.8401723,28.1614283,ELDORAIGNE X01,FREDERIK AVENUE,TSH,79900069,https://powerfailure.tshwane.gov.za/Tshwanesms/Map.aspx,"-25.8402,28.1614|ELDORAIGNE X01#0",2026-10-10 12:24:06.234248+00:00,2026-10-10 12:24:06.234248+00:00,0.0
-25.8444811,28.1592522,ELDORAIGNE X01,WILHELM ROAD,TSH,79900069,https://powerfailure.tshwane.gov.za/Tshwanesms/Map.aspx,"-25.8445,28.1593|ELDORAIGNE X01#0",2026-10-10 12:24:06.234248+00:00,2026-10-10 12:24:06.234248+00:00,0.0
-25.8448285,28.158811,ELDORAIGNE X01,MARINUS ROAD,TSH,79900069,https://powerfailure.tshwane.gov.za/Tshwanesms/Map.aspx,"-25.8448,28.1588|ELDORAIGNE X01#0",2026-10-10 12:24:06.234248+00:00,2026-10-10 12:24:06.234248+00:00,0.0
-25.8457612,28.1601711,ELDORAIGNE X01,MARINUS ROAD,TSH,79900069,https://powerfailure.tshwane.gov.za/Tshwanesms/Map.aspx,"-25.8458,28.1602|ELDORAIGNE X01#0",2026-10-10 12:24:06.234248+00:00,2026-10-10 12:24:06.234248+00:00,0.0
-25.8463417,28.1606148,ELDORAIGNE X01,KOOS SMAL ROAD,TSH,79900069,https://powerfailure.tshwane.gov.za/Tshwanesms/Map.aspx,"-25.8463,28.1606|ELDORAIGNE X01#0",2026-10-10 12:24:06.234248+00:00,2026-10-10 12:24:06.234248+00:00,0.0
-25.8469456,28.1575185,ELDORAIGNE X01,EWALD ROAD,TSH,79900069,https://powerfailure.tshwane.gov.za/Tshwanesms/Map.aspx,"-25.8469,28.1575|ELDORAIGNE X01#0",2026-10-10 12:24:06.234248+00:00,2026-10-10 12:24:06.234248+00:00,0.0
-25.864471,28.1556732,ELDORAIGNE X09,GRANT STREET,TSH,79900069,https://powerfailure.tshwane.gov.za/Tshwanesms/Map.aspx,"-25.8645,28.1557|ELDORAIGNE X09#0",2026-10-10 12:24:06.234248+00:00,2026-10-10 12:24:06.234248+00:00,0.0
-25.8573572,28.1561459,ELDORAIGNE X06,FITZGERALD STREET,TSH,79900069,https://powerfailure.tshwane.gov.za/Tshwanesms/Map.aspx,"-25.8574,28.1561|ELDORAIGNE X06#0",2026-10-10 12:24:06.234248+00:00,2026-10-10 12:24:06.234248+00:00,0.0
-25.8604656,28.1581507,ELDORAIGNE X03,SWART STREET,TSH,79900069,https://powerfailure.tshwane.gov.za/Tshwanesms/Map.aspx,"-25.8605,28.1582|ELDORAIGNE X03#0",2026-10-10 12:24:06.234248+00:00,2026-10-10 12:24:06.234248+00:00,0.0
-25.8537441,28.1612852,ELDORAIGNE X03,DIE UITSIGPAD .,TSH,79900069,https://powerfailure.tshwane.gov.za/Tshwanesms/Map.aspx,"-25.8537,28.1613|ELDORAIGNE X03#0",2026-10-10 12:24:06.234248+00:00,2026-10-10 12:24:06.234248+00:00,0.0
-25.8560701,28.1590918,ELDORAIGNE X03,ANTHILL CRESCENT,TSH,79900069,https://powerfailure.tshwane.gov.za/Tshwanesms/Map.aspx,"-25.8561,28.1591|ELDORAIGNE X03#0",2026-10-10 12:24:06.234248+00:00,2026-10-10 12:24:06.234248+00:00,0.0
-25.8606846,28.1616631,ELDORAIGNE X03,WILLEM ROAD,TSH,79900069,https://powerfailure.tshwane.gov.za/Tshwanesms/Map.aspx,"-25.8607,28.1617|ELDORAIGNE X03#0",2026-10-10 12:24:06.234248+00:00,2026-10-10 12:24:06.234248+00:00,0.0
-25.8583008,28.1518624,ELDORAIGNE X27,PIET HUGO STREET,TSH,79900069,https://powerfailure.tshwane.gov.za/Tshwanesms/Map.aspx,"-25.8583,28.1519|ELDORAIGNE X27#0",2026-10-10 12:24:06.234248+00:00,2026-10-10 12:24:06.234248+00:00,0.0
-25.8563101,28.1529962,ELDORAIGNE X27,KORT STREET,TSH,79900069,https://powerfailure.tshwane.gov.za/Tshwanesms/Map.aspx,"-25.8563,28.1530|ELDORAIGNE X27#0",2026-10-10 12:24:06.234248+00:00,2026-10-10 12:24:06.234248+00:00,0.0
-25.8563101,28.1529962,ELDORAIGNE X27,KORT STREET,TSH,79900069,https://powerfailure.tshwane.gov.za/Tshwanesms/Map.aspx,"-25.8563,28.1530|ELDORAIGNE X27#1",2026-10-10 12:24:06.234248+00:00,2026-10-10 12:24:06.234248+00:00,0.0
-25.8437295,28.1453812,ELDORAIGNE,GAVIN CLOSE.,TSH,79900070,https://powerfailure.tshwane.gov.za/Tshwanesms/Map.aspx,"-25.8437,28.1454|ELDORAIGNE#0",2026-10-10 12:24:06.234248+00:00,2026-10-10 12:24:06.234248+00:00,0.0
-25.8399654,28.1386651,ELDORAIGNE X35,TARRYN NOOK,TSH,79900070,https://powerfailure.tshwane.gov.za/Tshwanesms/Map.aspx,"-25.8400,28.1387|ELDORAIGNE X35#0",2026-10-10 12:24:06.234248+00:00,2026-10-10 12:24:06.234248+00:00,0.0
-25.8384799,28.1266544,ELDORAIGNE X31,ZEBRA CRESCENT,TSH,79900070,https://powerfailure.tshwane.gov.za/Tshwanesms/Map.aspx,"-25.8385,28.1267|ELDORAIGNE X31#0",2026-10-10 12:24:06.234248+00:00,2026-10-10 12:24:06.234248+00:00,0.0
-25.8374397,28.1289987,ELDORAIGNE X31,CHEETAH AVENUE,TSH,79900070,https://powerfailure.tshwane.gov.za/Tshwanesms/Map.aspx,"-25.8374,28.1290|ELDORAIGNE X31#0",2026-10-10 12:24:06.234248+00:00,2026-10-10 12:24:06.234248+00:00,0.0
-25.8356994,28.1333698,ELDORAIGNE X40,TALA STREET,TSH,79900070,https://powerfailure.tshwane.gov.za/Tshwanesms/Map.aspx,"-25.8357,28.1334|ELDORAIGNE X40#0",2026-10-10 12:24:06.234248+00:00,2026-10-10 12:24:06.234248+00:00,0.0
-25.8334801,28.1390245,ELDORAIGNE X42,SKY VIEW STREET,TSH,79900070,https://powerfailure.tshwane.gov.za/Tshwanesms/Map.aspx,"-25.8335,28.1390|ELDORAIGNE X42#0",2026-10-10 12:24:06.234248+00:00,2026-10-10 12:24:06.234248+00:00,0.0
-25.8342873,28.1429399,ELDORAIGNE X53,LABORIE CLOSE,TSH,79900070,https://powerfailure.tshwane.gov.za/Tshwanesms/Map.aspx,"-25.8343,28.1429|ELDORAIGNE X53#0",2026-10-10 12:24:06.234248+00:00,2026-10-10 12:24:06.234248+00:00,0.0
-25.8323803,28.1429338,ELDORAIGNE X53,BOSCHENDAL DRIVE,TSH,79900070,https://powerfailure.tshwane.gov.za/Tshwanesms/Map.aspx,"-25.8324,28.1429|ELDORAIGNE X53#0",2026-10-10 12:24:06.234248+00:00,2026-10-10 12:24:06.234248+00:00,0.0
-25.8322386,28.1445666,ELDORAIGNE X53,WINTERHOEK CLOSE,TSH,79900070,https://powerfailure.tshwane.gov.za/Tshwanesms/Map.aspx,"-25.8322,28.1446|ELDORAIGNE X53#0",2026-10-10 12:24:06.234248+00:00,2026-10-10 12:24:06.234248+00:00,0.0
-25.8351522,28.1413213,ELDORAIGNE X53,BOSCHENDAL DRIVE,TSH,79900070,https://powerfailure.tshwane.gov.za/Tshwanesms/Map.aspx,"-25.8352,28.1413|ELDORAIGNE X53#0",2026-10-10 12:24:06.234248+00:00,2026-10-10 12:24:06.234248+00:00,0.0
-25.834497,28.1415659,ELDORAIGNE X53,GOEDE RUST CRESCENT,TSH,79900070,https://powerfailure.tshwane.gov.za/Tshwanesms/Map.aspx,"-25.8345,28.1416|ELDORAIGNE X53#0",2026-10-10 12:24:06.234248+00:00,2026-10-10 12:24:06.234248+00:00,0.0
-25.539144,28.1077415,SOSHANGUVE-L,STAND 1152,TSH,79900035,https://powerfailure.tshwane.gov.za/Tshwanesms/Map.aspx,"-25.5391,28.1077|SOSHANGUVE-L#0",2026-09-29 20:42:53.961596+00:00,2026-10-10 12:24:06.234248+00:00,255.69
-25.4564067,28.1250613,SOSHANGUVE-W,STAND,TSH,79900027,https://powerfailure.tshwane.gov.za/Tshwanesms/Map.aspx,"-25.4564,28.1251|SOSHANGUVE-W#0",2026-09-23 15:54:26.696532+00:00,2026-10-10 12:24:06.234248+00:00,404.49
-25.7091537,28.3606911,MAMELODI,STAND  4479,TSH,79900006,https://powerfailure.tshwane.gov.za/Tshwanesms/Map.aspx,"-25.7092,28.3607|MAMELODI#0",2026-10-06 10:08:41.992184+00:00,2026-10-10 12:24:06.234248+00:00,98.26
-25.7404438,28.3042407,MEYERSPARK,BRANDWAG STREET,TSH,79900041,https://powerfailure.tshwane.gov.za/Tshwanesms/Map.aspx,"-25.7404,28.3042|MEYERSPARK#0",2026-10-05 15:56:27.539408+00:00,2026-10-10 12:24:06.234248+00:00,116.46
-25.7413311,28.3072676,MEYERSPARK,WATERMEYER STREET,TSH,79900041,https://powerfailure.tshwane.gov.za/Tshwanesms/Map.aspx,"-25.7413,28.3073|MEYERSPARK#0",2026-10-08 17:51:27.458247+00:00,2026-10-10 12:24:06.234248+00:00,42.54
-25.7412366,28.3086013,MEYERSPARK,RABIE STREET,TSH,79900041,https://powerfailure.tshwane.gov.za/Tshwanesms/Map.aspx,"-25.7412,28.3086|MEYERSPARK#0",2026-10-08 17:51:27.458247+00:00,2026-10-10 12:24:06.234248+00:00,42.54
-25.7412366,28.3086013,MEYERSPARK,RABIE STREET,TSH,79900041,https://powerfailure.tshwane.gov.za/Tshwanesms/Map.aspx,"-25.7412,28.3086|MEYERSPARK#1",2026-10-08 17:51:27.458247+00:00,2026-10-10 12:24:06.234248+00:00,42.54
-25.7381514,28.3153743,MEYERSPARK,MOLLER STREET,TSH,79900041,https://powerfailure.tshwane.gov.za/Tshwanesms/Map.aspx,"-25.7382,28.3154|MEYERSPARK#0",2026-10-08 17:51:27.458247+00:00,2026-10-10 12:24:06.234248+00:00,42.54
-25.7382094,28.317266,MEYERSPARK,MOLLER STREET,TSH,79900041,https://powerfailure.tshwane.gov.za/Tshwanesms/Map.aspx,"-25.7382,28.3173|MEYERSPARK#0",2026-10-09 19:30:15.533813+00:00,2026-10-10 12:24:06.234248+00:00,16.9
-25.7387453,28.315585,MEYERSPARK,MOLLER STREET,TSH,79900041,https://powerfailure.tshwane.gov.za/Tshwanesms/Map.aspx,"-25.7387,28.3156|MEYERSPARK#0",2026-10-06 10:08:41.992184+00:00,2026-10-10 12:24:06.234248+00:00,98.26
-25.7392131,28.3167086,MEYERSPARK,MANSER STREET,TSH,79900041,https://powerfailure.tshwane.gov.za/Tshwanesms/Map.aspx,"-25.7392,28.3167|MEYERSPARK#0",2026-10-07 10:10:01.835441+00:00,2026-10-10 12:24:06.234248+00:00,74.23
-25.7398689,28.3188941,MEYERSPARK,MANSER STREET,TSH,79900041,https://powerfailure.tshwane.gov.za/Tshwanesms/Map.aspx,"-25.7399,28.3189|MEYERSPARK#0",2026-10-08 17:51:27.458247+00:00,2026-10-10 12:24:06.234248+00:00,42.54
-25.7409284,28.3133529,MEYERSPARK,ERASMUS STREET,TSH,79900041,https://powerfailure.tshwane.gov.za/Tshwanesms/Map.aspx,"-25.7409,28.3134|MEYERSPARK#0",2026-10-08 17:51:27.458247+00:00,2026-10-10 12:24:06.234248+00:00,42.54
-25.7413541,28.3112744,MEYERSPARK,ODENDAAL STREET,TSH,79900041,https://powerfailure.tshwane.gov.za/Tshwanesms/Map.aspx,"-25.7414,28.3113|MEYERSPARK#0",2026-10-08 17:51:27.458247+00:00,2026-10-10 12:24:06.234248+00:00,42.54
-25.7413321,28.3097057,MEYERSPARK,ODENDAAL STREET,TSH,79900041,https://powerfailure.tshwane.gov.za/Tshwanesms/Map.aspx,"-25.7413,28.3097|MEYERSPARK#0",2026-10-08 17:51:27.458247+00:00,2026-10-10 12:24:06.234248+00:00,42.54
-25.7424667,28.3115693,MEYERSPARK,CARINUS STREET,TSH,79900041,https://powerfailure.tshwane.gov.za/Tshwanesms/Map.aspx,"-25.7425,28.3116|MEYERSPARK#0",2026-10-08 17:51:27.458247+00:00,2026-10-10 12:24:06.234248+00:00,42.54
-25.7431847,28.31821,MEYERSPARK,CARINUS STREET,TSH,79900041,https://powerfailure.tshwane.gov.za/Tshwanesms/Map.aspx,"-25.7432,28.3182|MEYERSPARK#0",2026-10-08 17:51:27.458247+00:00,2026-10-10 12:24:06.234248+00:00,42.54
-25.7432563,28.3206994,MEYERSPARK X02,CARINUS STREET,TSH,79900041,https://powerfailure.tshwane.gov.za/Tshwanesms/Map.aspx,"-25.7433,28.3207|MEYERSPARK X02#0",2026-10-10 12:24:06.234248+00:00,2026-10-10 12:24:06.234248+00:00,0.0
-25.7436914,28.3208291,MEYERSPARK X02,ROOS STREET,TSH,79900041,https://powerfailure.tshwane.gov.za/Tshwanesms/Map.aspx,"-25.7437,28.3208|MEYERSPARK X02#0",2026-10-08 17:51:27.458247+00:00,2026-10-10 12:24:06.234248+00:00,42.54
-25.7454828,28.3055085,MEYERSPARK X06,EMMARENTIA STREET,TSH,79900041,https://powerfailure.tshwane.gov.za/Tshwanesms/Map.aspx,"-25.7455,28.3055|MEYERSPARK X06#0",2026-10-08 17:51:27.458247+00:00,2026-10-10 12:24:06.234248+00:00,42.54
-25.7384117,28.3244084,MEYERSPARK X08,ASIMPTOTE STREET,TSH,79900041,https://powerfailure.tshwane.gov.za/Tshwanesms/Map.aspx,"-25.7384,28.3244|MEYERSPARK X08#0",2026-10-05 15:56:27.539408+00:00,2026-10-10 12:24:06.234248+00:00,116.46
-25.745056,28.3019334,MEYERSPARK,BOESMAN STREET,TSH,79900041,https://powerfailure.tshwane.gov.za/Tshwanesms/Map.aspx,"-25.7451,28.3019|MEYERSPARK#0",2026-10-08 17:51:27.458247+00:00,2026-10-10 12:24:06.234248+00:00,42.54
-25.6610983,28.2512046,MONTANA X37,KLIP PAN STREET,TSH,79900096,https://powerfailure.tshwane.gov.za/Tshwanesms/Map.aspx,"-25.6611,28.2512|MONTANA X37#0",2026-10-10 12:24:06.234248+00:00,2026-10-10 12:24:06.234248+00:00,0.0
-25.6669744,28.2452967,MONTANA X124,"THIRD RD, LISA'S PLACE HOLDING 18",TSH,79900096,https://powerfailure.tshwane.gov.za/Tshwanesms/Map.aspx,"-25.6670,28.2453|MONTANA X124#0",2026-09-25 10:58:56.127220+00:00,2026-10-10 12:24:06.234248+00:00,361.42
-25.6657183,28.2593111,MONTANA TUINE X11,MESQUITE STREET,TSH,79900096,https://powerfailure.tshwane.gov.za/Tshwanesms/Map.aspx,"-25.6657,28.2593|MONTANA TUINE X11#0",2026-10-09 19:30:15.533813+00:00,2026-10-10 12:24:06.234248+00:00,16.9
-25.662474,28.2579629,MONTANA TUINE X15,MITSERIE STREET,TSH,79900096,https://powerfailure.tshwane.gov.za/Tshwanesms/Map.aspx,"-25.6625,28.2580|MONTANA TUINE X15#0",2026-10-03 08:01:40.485595+00:00,2026-10-10 12:24:06.234248+00:00,172.37
-25.7369792,28.3641651,NELLMAPIUS X04,ELETSEGA STREET,TSH,79900086,https://powerfailure.tshwane.gov.za/Tshwanesms/Map.aspx,"-25.7370,28.3642|NELLMAPIUS X04#0",2026-10-03 13:19:32.931617+00:00,2026-10-10 12:24:06.234248+00:00,167.08
-25.7372977,28.3625431,NELLMAPIUS X04,TOKELO STREET,TSH,79900086,https://powerfailure.tshwane.gov.za/Tshwanesms/Map.aspx,"-25.7373,28.3625|NELLMAPIUS X04#0",2026-10-05 15:56:27.539408+00:00,2026-10-10 12:24:06.234248+00:00,116.46
-25.7403999,28.3643333,NELLMAPIUS X04,PHETHA STREET,TSH,79900086,https://powerfailure.tshwane.gov.za/Tshwanesms/Map.aspx,"-25.7404,28.3643|NELLMAPIUS X04#0",2026-09-23 15:54:26.696532+00:00,2026-10-10 12:24:06.234248+00:00,404.49
-25.7418441,28.3576767,NELLMAPIUS X04,LOVE DRIVE,TSH,79900086,https://powerfailure.tshwane.gov.za/Tshwanesms/Map.aspx,"-25.7418,28.3577|NELLMAPIUS X04#0",2026-09-26 14:25:10.204350+00:00,2026-10-10 12:24:06.234248+00:00,333.98
-25.7418832,28.3610319,NELLMAPIUS X04,MOTLOTLEGI STREET,TSH,79900086,https://powerfailure.tshwane.gov.za/Tshwanesms/Map.aspx,"-25.7419,28.3610|NELLMAPIUS X04#0",2026-09-23 15:54:26.696532+00:00,2026-10-10 12:24:06.234248+00:00,404.49
-25.7437625,28.3638099,NELLMAPIUS X04,MOKWADI STREET,TSH,79900086,https://powerfailure.tshwane.gov.za/Tshwanesms/Map.aspx,"-25.7438,28.3638|NELLMAPIUS X04#0",2026-09-23 15:54:26.696532+00:00,2026-10-10 12:24:06.234248+00:00,404.49
-25.7432825,28.3589023,NELLMAPIUS X04,DIMAKATSO STREET,TSH,79900086,https://powerfailure.tshwane.gov.za/Tshwanesms/Map.aspx,"-25.7433,28.3589|NELLMAPIUS X04#0",2026-10-04 13:09:40.651455+00:00,2026-10-10 12:24:06.234248+00:00,143.24
-25.7415926,28.3593791,NELLMAPIUS X04,MALEBO ROAD,TSH,79900086,https://powerfailure.tshwane.gov.za/Tshwanesms/Map.aspx,"-25.7416,28.3594|NELLMAPIUS X04#0",2026-10-05 22:35:03.937620+00:00,2026-10-10 12:24:06.234248+00:00,109.82
-25.7352723,28.3458796,NELLMAPIUS X10,DEUDE STREET,TSH,79900086,https://powerfailure.tshwane.gov.za/Tshwanesms/Map.aspx,"-25.7353,28.3459|NELLMAPIUS X10#0",2026-09-23 15:54:26.696532+00:00,2026-10-10 12:24:06.234248+00:00,404.49
-25.7390362,28.3821823,NELLMAPIUS X08,PLATINUM STREET,TSH,79900015,https://powerfailure.tshwane.gov.za/Tshwanesms/Map.aspx,"-25.7390,28.3822|NELLMAPIUS X08#0",2026-10-07 10:10:01.835441+00:00,2026-10-10 12:24:06.234248+00:00,74.23
-25.6197203,28.3109324,RYNOUE AH,PL DW-96-29,TSH,79900087,https://powerfailure.tshwane.gov.za/Tshwanesms/Map.aspx,"-25.6197,28.3109|RYNOUE AH#0",2026-10-04 06:47:51.169722+00:00,2026-10-10 12:24:06.234248+00:00,149.6
-25.8866403,28.6874773,BRONKHORSTBAAI,BRONKHORSTBAAI,TSH,79900105,https://powerfailure.tshwane.gov.za/Tshwanesms/Map.aspx,"-25.8866,28.6875|BRONKHORSTBAAI#0",2026-09-28 21:54:04.654174+00:00,2026-10-10 12:24:06.234248+00:00,278.5
-25.7160444,28.7121283,RETHABISENG X01,RETHABISENG,TSH,79900103,https://powerfailure.tshwane.gov.za/Tshwanesms/Map.aspx,"-25.7160,28.7121|RETHABISENG X01#0",2026-09-29 08:23:13.536342+00:00,2026-10-10 12:24:06.234248+00:00,268.01
-25.4500501,28.0925241,SOSHANGUVE-HH,STAND 1589,TSH,79900011,https://powerfailure.tshwane.gov.za/Tshwanesms/Map.aspx,"-25.4501,28.0925|SOSHANGUVE-HH#0",2026-10-09 19:30:15.533813+00:00,2026-10-10 12:24:06.234248+00:00,16.9
-25.5332369,28.0987291,SOSHANGUVE-K,STAND 961,TSH,79900034,https://powerfailure.tshwane.gov.za/Tshwanesms/Map.aspx,"-25.5332,28.0987|SOSHANGUVE-K#0",2026-09-29 20:42:53.961596+00:00,2026-10-10 12:24:06.234248+00:00,255.69
-25.534983,28.0980877,SOSHANGUVE-K,STAND 1158,TSH,79900034,https://powerfailure.tshwane.gov.za/Tshwanesms/Map.aspx,"-25.5350,28.0981|SOSHANGUVE-K#0",2026-09-28 15:21:37.292442+00:00,2026-10-10 12:24:06.234248+00:00,285.04
-25.5281576,28.106069,SOSHANGUVE-K,STAND 1281,TSH,79900034,https://powerfailure.tshwane.gov.za/Tshwanesms/Map.aspx,"-25.5282,28.1061|SOSHANGUVE-K#0",2026-09-30 06:38:52.006832+00:00,2026-10-10 12:24:06.234248+00:00,245.75
-25.7121419,28.3149836,EERSTERUST X02,RUDOLPH AVENUE,TSH,79900043,https://powerfailure.tshwane.gov.za/Tshwanesms/Map.aspx,"-25.7121,28.3150|EERSTERUST X02#0",2026-10-09 19:30:15.533813+00:00,2026-10-10 12:24:06.234248+00:00,16.9
-25.7141904,28.3150975,EERSTERUST X02,KAREL ABEL AVENUE,TSH,79900043,https://powerfailure.tshwane.gov.za/Tshwanesms/Map.aspx,"-25.7142,28.3151|EERSTERUST X02#0",2026-10-09 19:30:15.533813+00:00,2026-10-10 12:24:06.234248+00:00,16.9
-25.7144096,28.3146223,EERSTERUST X02,FURST AVENUE,TSH,79900043,https://powerfailure.tshwane.gov.za/Tshwanesms/Map.aspx,"-25.7144,28.3146|EERSTERUST X02#0",2026-10-09 19:30:15.533813+00:00,2026-10-10 12:24:06.234248+00:00,16.9
-25.7144096,28.3146223,EERSTERUST X02,FURST AVENUE,TSH,79900043,https://powerfailure.tshwane.gov.za/Tshwanesms/Map.aspx,"-25.7144,28.3146|EERSTERUST X02#1",2026-10-09 19:30:15.533813+00:00,2026-10-10 12:24:06.234248+00:00,16.9
-25.7130215,28.3132395,EERSTERUST X02,MOSES AVENUE,TSH,79900043,https://powerfailure.tshwane.gov.za/Tshwanesms/Map.aspx,"-25.7130,28.3132|EERSTERUST X02#0",2026-10-09 19:30:15.533813+00:00,2026-10-10 12:24:06.234248+00:00,16.9
-25.7096963,28.3155361,EERSTERUST X05,SPARKS AVENUE,TSH,79900043,https://powerfailure.tshwane.gov.za/Tshwanesms/Map.aspx,"-25.7097,28.3155|EERSTERUST X05#0",2026-10-09 19:30:15.533813+00:00,2026-10-10 12:24:06.234248+00:00,16.9
-25.7087946,28.3169306,EERSTERUST X05,ARNOLD ROBERTS AVENUE,TSH,79900043,https://powerfailure.tshwane.gov.za/Tshwanesms/Map.aspx,"-25.7088,28.3169|EERSTERUST X05#0",2026-10-09 19:30:15.533813+00:00,2026-10-10 12:24:06.234248+00:00,16.9
-25.697861,28.309619,EERSTERUST X06,TIGRIS AVENUE,TSH,79900043,https://powerfailure.tshwane.gov.za/Tshwanesms/Map.aspx,"-25.6979,28.3096|EERSTERUST X06#0",2026-10-09 13:08:42.013082+00:00,2026-10-10 12:24:06.234248+00:00,23.26
-25.4664584,28.1218035,SOSHANGUVE-R,STAND 361,TSH,79900027,https://powerfailure.tshwane.gov.za/Tshwanesms/Map.aspx,"-25.4665,28.1218|SOSHANGUVE-R#0",2026-09-28 15:21:37.292442+00:00,2026-10-10 12:24:06.234248+00:00,285.04
-25.4434526,28.1120382,SOSHANGUVE-T,STAND,TSH,79900025,https://powerfailure.tshwane.gov.za/Tshwanesms/Map.aspx,"-25.4435,28.1120|SOSHANGUVE-T#0",2026-09-27 12:57:55.429519+00:00,2026-10-10 12:24:06.234248+00:00,311.44
-25.9006601,28.0120183,LAEZONIA AH,BART STREET,TSH,79900048,https://powerfailure.tshwane.gov.za/Tshwanesms/Map.aspx,"-25.9007,28.0120|LAEZONIA AH#0",2026-09-30 06:38:52.006832+00:00,2026-10-10 12:24:06.234248+00:00,245.75
-25.868505,28.2138741,IRENE,STANLEY ROAD,TSH,79900065,https://powerfailure.tshwane.gov.za/Tshwanesms/Map.aspx,"-25.8685,28.2139|IRENE#0",2026-09-23 15:54:26.696532+00:00,2026-10-10 12:24:06.234248+00:00,404.49
-25.8184091,28.2067773,LYTTELTON MANOR X01,VAN RIEBEECK AVENUE,TSH,79900079,https://powerfailure.tshwane.gov.za/Tshwanesms/Map.aspx,"-25.8184,28.2068|LYTTELTON MANOR X01#0",2026-10-10 05:43:32.746880+00:00,2026-10-10 12:24:06.234248+00:00,6.68
-25.8173593,28.2073368,LYTTELTON MANOR X01,VAN RIEBEECK AVENUE,TSH,79900079,https://powerfailure.tshwane.gov.za/Tshwanesms/Map.aspx,"-25.8174,28.2073|LYTTELTON MANOR X01#0",2026-10-10 12:24:06.234248+00:00,2026-10-10 12:24:06.234248+00:00,0.0
-25.8477915,28.2040058,LYTTELTON MANOR X03,AMETHUST AVENUE,TSH,79900057,https://powerfailure.tshwane.gov.za/Tshwanesms/Map.aspx,"-25.8478,28.2040|LYTTELTON MANOR X03#0",2026-09-23 15:54:26.696532+00:00,2026-10-10 12:24:06.234248+00:00,404.49
-25.8487858,28.2148548,LYTTELTON MANOR,GOLD CIRCLE,TSH,79900057,https://powerfailure.tshwane.gov.za/Tshwanesms/Map.aspx,"-25.8488,28.2149|LYTTELTON MANOR#0",2026-09-23 15:54:26.696532+00:00,2026-10-10 12:24:06.234248+00:00,404.49
-25.7643861,28.3011129,LYNNWOOD RIDGE,VERBENIA STREET,TSH,79900046,https://powerfailure.tshwane.gov.za/Tshwanesms/Map.aspx,"-25.7644,28.3011|LYNNWOOD RIDGE#0",2026-10-01 23:08:04.564933+00:00,2026-10-10 12:24:06.234248+00:00,205.27
-25.7645824,28.3016665,LYNNWOOD RIDGE,RUBIDA STREET,TSH,79900046,https://powerfailure.tshwane.gov.za/Tshwanesms/Map.aspx,"-25.7646,28.3017|LYNNWOOD RIDGE#0",2026-09-30 06:38:52.006832+00:00,2026-10-10 12:24:06.234248+00:00,245.75
-25.739324,28.5364068,RAYTON,PEREL,TSH,79900100,https://powerfailure.tshwane.gov.za/Tshwanesms/Map.aspx,"-25.7393,28.5364|RAYTON#0",2026-10-04 18:07:06.777167+00:00,2026-10-10 12:24:06.234248+00:00,138.28
-25.7371798,28.5306574,RAYTON,NAUDE,TSH,79900100,https://powerfailure.tshwane.gov.za/Tshwanesms/Map.aspx,"-25.7372,28.5307|RAYTON#0",2026-10-04 18:07:06.777167+00:00,2026-10-10 12:24:06.234248+00:00,138.28
-25.7414467,28.5380317,RAYTON,OAKLEY,TSH,79900100,https://powerfailure.tshwane.gov.za/Tshwanesms/Map.aspx,"-25.7414,28.5380|RAYTON#0",2026-10-04 18:07:06.777167+00:00,2026-10-10 12:24:06.234248+00:00,138.28
-25.7388385,28.5276684,RAYTON,JENNER,TSH,79900100,https://powerfailure.tshwane.gov.za/Tshwanesms/Map.aspx,"-25.7388,28.5277|RAYTON#0",2026-10-04 18:07:06.777167+00:00,2026-10-10 12:24:06.234248+00:00,138.28
-25.7438087,28.5374259,RAYTON,LADEMAN,TSH,79900100,https://powerfailure.tshwane.gov.za/Tshwanesms/Map.aspx,"-25.7438,28.5374|RAYTON#0",2026-10-04 18:07:06.777167+00:00,2026-10-10 12:24:06.234248+00:00,138.28
-25.7429312,28.5269656,RAYTON,SPOOR,TSH,79900100,https://powerfailure.tshwane.gov.za/Tshwanesms/Map.aspx,"-25.7429,28.5270|RAYTON#0",2026-10-04 18:07:06.777167+00:00,2026-10-10 12:24:06.234248+00:00,138.28
-25.7432862,28.5265316,RAYTON,SUID,TSH,79900100,https://powerfailure.tshwane.gov.za/Tshwanesms/Map.aspx,"-25.7433,28.5265|RAYTON#0",2026-10-04 18:07:06.777167+00:00,2026-10-10 12:24:06.234248+00:00,138.28
-25.7483749,28.538026,RAYTON,SUID,TSH,79900100,https://powerfailure.tshwane.gov.za/Tshwanesms/Map.aspx,"-25.7484,28.5380|RAYTON#0",2026-10-04 18:07:06.777167+00:00,2026-10-10 12:24:06.234248+00:00,138.28
-25.7340133,28.5356035,RAYTON X01,GROBLER,TSH,79900100,https://powerfailure.tshwane.gov.za/Tshwanesms/Map.aspx,"-25.7340,28.5356|RAYTON X01#0",2026-10-04 18:07:06.777167+00:00,2026-10-10 12:24:06.234248+00:00,138.28
-25.7366063,28.5374344,RAYTON X01,PENNY,TSH,79900100,https://powerfailure.tshwane.gov.za/Tshwanesms/Map.aspx,"-25.7366,28.5374|RAYTON X01#0",2026-10-04 18:07:06.777167+00:00,2026-10-10 12:24:06.234248+00:00,138.28
-25.737371,28.5367635,RAYTON X01,NOORD,TSH,79900100,https://powerfailure.tshwane.gov.za/Tshwanesms/Map.aspx,"-25.7374,28.5368|RAYTON X01#0",2026-10-04 18:07:06.777167+00:00,2026-10-10 12:24:06.234248+00:00,138.28
-25.7336064,28.5336143,RAYTON X07,EXTENSION 7,TSH,79900100,https://powerfailure.tshwane.gov.za/Tshwanesms/Map.aspx,"-25.7336,28.5336|RAYTON X07#0",2026-10-04 18:07:06.777167+00:00,2026-10-10 12:24:06.234248+00:00,138.28
-25.443827,28.0795405,SOSHANGUVE-PP X01,STAND,TSH,79900025,https://powerfailure.tshwane.gov.za/Tshwanesms/Map.aspx,"-25.4438,28.0795|SOSHANGUVE-PP X01#0",2026-09-23 15:54:26.696532+00:00,2026-10-10 12:24:06.234248+00:00,404.49
-25.7479332,28.2906109,VAL-DE-GRACE,MAROELA STREET,TSH,79900046,https://powerfailure.tshwane.gov.za/Tshwanesms/Map.aspx,"-25.7479,28.2906|VAL-DE-GRACE#0",2026-10-01 13:04:14.443671+00:00,2026-10-10 12:24:06.234248+00:00,215.33
-25.8548029,28.1443537,WIERDAPARK,RUIMTE ROAD,TSH,79900070,https://powerfailure.tshwane.gov.za/Tshwanesms/Map.aspx,"-25.8548,28.1444|WIERDAPARK#0",2026-10-10 12:24:06.234248+00:00,2026-10-10 12:24:06.234248+00:00,0.0
-25.8556978,28.1441386,WIERDAPARK,SPRINGBOK ROAD,TSH,79900070,https://powerfailure.tshwane.gov.za/Tshwanesms/Map.aspx,"-25.8557,28.1441|WIERDAPARK#0",2026-10-10 12:24:06.234248+00:00,2026-10-10 12:24:06.234248+00:00,0.0
-25.8532482,28.1496519,WIERDAPARK,STEENBOK STREET,TSH,79900070,https://powerfailure.tshwane.gov.za/Tshwanesms/Map.aspx,"-25.8532,28.1497|WIERDAPARK#0",2026-10-10 12:24:06.234248+00:00,2026-10-10 12:24:06.234248+00:00,0.0
-25.8538766,28.1503451,WIERDAPARK,PIET HUGO AVENUE,TSH,79900070,https://powerfailure.tshwane.gov.za/Tshwanesms/Map.aspx,"-25.8539,28.1503|WIERDAPARK#0",2026-10-10 12:24:06.234248+00:00,2026-10-10 12:24:06.234248+00:00,0.0
-25.8598032,28.1475665,WIERDAPARK,FRIEDERICHE STREET,TSH,79900070,https://powerfailure.tshwane.gov.za/Tshwanesms/Map.aspx,"-25.8598,28.1476|WIERDAPARK#0",2026-10-10 12:24:06.234248+00:00,2026-10-10 12:24:06.234248+00:00,0.0
-25.8533534,28.1397948,WIERDAPARK,MEYER STREET,TSH,79900070,https://powerfailure.tshwane.gov.za/Tshwanesms/Map.aspx,"-25.8534,28.1398|WIERDAPARK#0",2026-10-10 12:24:06.234248+00:00,2026-10-10 12:24:06.234248+00:00,0.0
-25.8606119,28.1451562,WIERDAPARK,GEMSBOK STREET,TSH,79900070,https://powerfailure.tshwane.gov.za/Tshwanesms/Map.aspx,"-25.8606,28.1452|WIERDAPARK#0",2026-10-10 12:24:06.234248+00:00,2026-10-10 12:24:06.234248+00:00,0.0
-25.8616118,28.1461127,WIERDAPARK,HENDRIK STREET,TSH,79900070,https://powerfailure.tshwane.gov.za/Tshwanesms/Map.aspx,"-25.8616,28.1461|WIERDAPARK#0",2026-10-10 12:24:06.234248+00:00,2026-10-10 12:24:06.234248+00:00,0.0
-25.8612189,28.150335,WIERDAPARK,SUSAN STREET,TSH,79900070,https://powerfailure.tshwane.gov.za/Tshwanesms/Map.aspx,"-25.8612,28.1503|WIERDAPARK#0",2026-10-10 12:24:06.234248+00:00,2026-10-10 12:24:06.234248+00:00,0.0
-25.8611238,28.1517527,WIERDAPARK,PIET HUGO AVENUE,TSH,79900070,https://powerfailure.tshwane.gov.za/Tshwanesms/Map.aspx,"-25.8611,28.1518|WIERDAPARK#0",2026-10-10 12:24:06.234248+00:00,2026-10-10 12:24:06.234248+00:00,0.0
-25.8544424,28.1379119,WIERDAPARK,MEYER STREET,TSH,79900070,https://powerfailure.tshwane.gov.za/Tshwanesms/Map.aspx,"-25.8544,28.1379|WIERDAPARK#0",2026-10-10 12:24:06.234248+00:00,2026-10-10 12:24:06.234248+00:00,0.0
-25.8576801,28.1381515,WIERDAPARK,THEUNS VAN NIEKERK STREET,TSH,79900070,https://powerfailure.tshwane.gov.za/Tshwanesms/Map.aspx,"-25.8577,28.1382|WIERDAPARK#0",2026-10-10 12:24:06.234248+00:00,2026-10-10 12:24:06.234248+00:00,0.0
-25.85928,28.1405676,WIERDAPARK,SPRINGBOK STREET,TSH,79900070,https://powerfailure.tshwane.gov.za/Tshwanesms/Map.aspx,"-25.8593,28.1406|WIERDAPARK#0",2026-10-10 12:24:06.234248+00:00,2026-10-10 12:24:06.234248+00:00,0.0
-25.8621222,28.145857,WIERDAPARK,CHRIS HOUGAARD STREET,TSH,79900070,https://powerfailure.tshwane.gov.za/Tshwanesms/Map.aspx,"-25.8621,28.1459|WIERDAPARK#0",2026-10-10 12:24:06.234248+00:00,2026-10-10 12:24:06.234248+00:00,0.0
-25.8651551,28.1476744,WIERDAPARK,WILHELMINA STREET,TSH,79900070,https://powerfailure.tshwane.gov.za/Tshwanesms/Map.aspx,"-25.8652,28.1477|WIERDAPARK#0",2026-10-10 12:24:06.234248+00:00,2026-10-10 12:24:06.234248+00:00,0.0
-25.8600072,28.1392971,WIERDAPARK,SPRINGBOK STREET,TSH,79900070,https://powerfailure.tshwane.gov.za/Tshwanesms/Map.aspx,"-25.8600,28.1393|WIERDAPARK#0",2026-10-10 12:24:06.234248+00:00,2026-10-10 12:24:06.234248+00:00,0.0
-25.8601796,28.1394588,WIERDAPARK,THEUNS VAN NIEKERK STREET,TSH,79900070,https://powerfailure.tshwane.gov.za/Tshwanesms/Map.aspx,"-25.8602,28.1395|WIERDAPARK#0",2026-10-10 12:24:06.234248+00:00,2026-10-10 12:24:06.234248+00:00,0.0
-25.8635906,28.1392864,WIERDAPARK,ELAND STREET,TSH,79900070,https://powerfailure.tshwane.gov.za/Tshwanesms/Map.aspx,"-25.8636,28.1393|WIERDAPARK#0",2026-10-10 12:24:06.234248+00:00,2026-10-10 12:24:06.234248+00:00,0.0
-25.8621111,28.1414552,WIERDAPARK,THEUNS VAN NIEKERK STREET,TSH,79900070,https://powerfailure.tshwane.gov.za/Tshwanesms/Map.aspx,"-25.8621,28.1415|WIERDAPARK#0",2026-10-10 12:24:06.234248+00:00,2026-10-10 12:24:06.234248+00:00,0.0
-25.8651242,28.1400446,WIERDAPARK,GEMSBOK STREET,TSH,79900070,https://powerfailure.tshwane.gov.za/Tshwanesms/Map.aspx,"-25.8651,28.1400|WIERDAPARK#0",2026-10-10 12:24:06.234248+00:00,2026-10-10 12:24:06.234248+00:00,0.0
-25.863846,28.1410779,WIERDAPARK,GEMSBOK STREET,TSH,79900070,https://powerfailure.tshwane.gov.za/Tshwanesms/Map.aspx,"-25.8638,28.1411|WIERDAPARK#0",2026-10-10 12:24:06.234248+00:00,2026-10-10 12:24:06.234248+00:00,0.0
-25.863293,28.1418314,WIERDAPARK,GEMSBOK STREET,TSH,79900070,https://powerfailure.tshwane.gov.za/Tshwanesms/Map.aspx,"-25.8633,28.1418|WIERDAPARK#0",2026-10-10 12:24:06.234248+00:00,2026-10-10 12:24:06.234248+00:00,0.0
-25.8665173,28.1435043,WIERDAPARK,THEUNISSEN STREET,TSH,79900070,https://powerfailure.tshwane.gov.za/Tshwanesms/Map.aspx,"-25.8665,28.1435|WIERDAPARK#0",2026-10-10 12:24:06.234248+00:00,2026-10-10 12:24:06.234248+00:00,0.0
-25.8669974,28.144283,WIERDAPARK,THEUNISSEN STREET,TSH,79900070,https://powerfailure.tshwane.gov.za/Tshwanesms/Map.aspx,"-25.8670,28.1443|WIERDAPARK#0",2026-10-10 12:24:06.234248+00:00,2026-10-10 12:24:06.234248+00:00,0.0
-25.8666503,28.1451146,WIERDAPARK,THEUNISSEN STREET,TSH,79900070,https://powerfailure.tshwane.gov.za/Tshwanesms/Map.aspx,"-25.8667,28.1451|WIERDAPARK#0",2026-10-10 12:24:06.234248+00:00,2026-10-10 12:24:06.234248+00:00,0.0
-25.8660503,28.1441412,WIERDAPARK,THEUNISSEN STREET,TSH,79900070,https://powerfailure.tshwane.gov.za/Tshwanesms/Map.aspx,"-25.8661,28.1441|WIERDAPARK#0",2026-10-10 12:24:06.234248+00:00,2026-10-10 12:24:06.234248+00:00,0.0
-25.8673628,28.1483863,WIERDAPARK,DU TOIT STREET,TSH,79900070,https://powerfailure.tshwane.gov.za/Tshwanesms/Map.aspx,"-25.8674,28.1484|WIERDAPARK#0",2026-10-10 12:24:06.234248+00:00,2026-10-10 12:24:06.234248+00:00,0.0
-25.852671,28.1369263,WIERDAPARK X01,THEO STREET,TSH,79900070,https://powerfailure.tshwane.gov.za/Tshwanesms/Map.aspx,"-25.8527,28.1369|WIERDAPARK X01#0",2026-10-10 12:24:06.234248+00:00,2026-10-10 12:24:06.234248+00:00,0.0
-25.8513569,28.1368816,WIERDAPARK X01,SEKRETARISVOEL AVENUE,TSH,79900070,https://powerfailure.tshwane.gov.za/Tshwanesms/Map.aspx,"-25.8514,28.1369|WIERDAPARK X01#0",2026-10-10 12:24:06.234248+00:00,2026-10-10 12:24:06.234248+00:00,0.0
-25.851569,28.1368596,WIERDAPARK X01,SEKRETARISVOEL AVENUE,TSH,79900070,https://powerfailure.tshwane.gov.za/Tshwanesms/Map.aspx,"-25.8516,28.1369|WIERDAPARK X01#0",2026-10-10 12:24:06.234248+00:00,2026-10-10 12:24:06.234248+00:00,0.0
-25.8492979,28.1375301,WIERDAPARK X01,GANNET CRESCENT,TSH,79900070,https://powerfailure.tshwane.gov.za/Tshwanesms/Map.aspx,"-25.8493,28.1375|WIERDAPARK X01#0",2026-10-10 12:24:06.234248+00:00,2026-10-10 12:24:06.234248+00:00,0.0
-25.8489448,28.1419183,WIERDAPARK X01,WILLEM BOTHA STREET,TSH,79900070,https://powerfailure.tshwane.gov.za/Tshwanesms/Map.aspx,"-25.8489,28.1419|WIERDAPARK X01#0",2026-10-10 12:24:06.234248+00:00,2026-10-10 12:24:06.234248+00:00,0.0
-25.8497939,28.1405339,WIERDAPARK X01,CORMORANT CRESCENT,TSH,79900070,https://powerfailure.tshwane.gov.za/Tshwanesms/Map.aspx,"-25.8498,28.1405|WIERDAPARK X01#0",2026-10-10 12:24:06.234248+00:00,2026-10-10 12:24:06.234248+00:00,0.0
-25.8440421,28.1415191,WIERDAPARK X01,PENQUIN CRESCENT,TSH,79900070,https://powerfailure.tshwane.gov.za/Tshwanesms/Map.aspx,"-25.8440,28.1415|WIERDAPARK X01#0",2026-10-10 12:24:06.234248+00:00,2026-10-10 12:24:06.234248+00:00,0.0
-25.8669933,28.1365582,SWARTKOP 383-JR,LOUISA ROAD,TSH,79900070,https://powerfailure.tshwane.gov.za/Tshwanesms/Map.aspx,"-25.8670,28.1366|SWARTKOP 383-JR#0",2026-10-10 12:24:06.234248+00:00,2026-10-10 12:24:06.234248+00:00,0.0
-25.8455244,28.326179,MOOIKLOOF RIDGE X16,ITALA STREET,TSH,79900091,https://powerfailure.tshwane.gov.za/Tshwanesms/Map.aspx,"-25.8455,28.3262|MOOIKLOOF RIDGE X16#0",2026-10-10 05:43:32.746880+00:00,2026-10-10 12:24:06.234248+00:00,6.68
-25.7876599,28.7178449,ZITHOBENI,ZITHOBENI,TSH,79900102,https://powerfailure.tshwane.gov.za/Tshwanesms/Map.aspx,"-25.7877,28.7178|ZITHOBENI#0",2026-09-29 20:42:53.961596+00:00,2026-10-10 12:24:06.234248+00:00,255.69
-25.7758089,28.212377,GROENKLOOF,BAINES STREET,TSH,79900059,https://powerfailure.tshwane.gov.za/Tshwanesms/Map.aspx,"-25.7758,28.2124|GROENKLOOF#0",2026-09-23 15:54:26.696532+00:00,2026-10-10 12:24:06.234248+00:00,404.49
-25.7763784,28.214162,GROENKLOOF,JOLIVET STREET,TSH,79900059,https://powerfailure.tshwane.gov.za/Tshwanesms/Map.aspx,"-25.7764,28.2142|GROENKLOOF#0",2026-09-23 15:54:26.696532+00:00,2026-10-10 12:24:06.234248+00:00,404.49
-25.7763784,28.214162,GROENKLOOF,JOLIVET STREET,TSH,79900059,https://powerfailure.tshwane.gov.za/Tshwanesms/Map.aspx,"-25.7764,28.2142|GROENKLOOF#1",2026-09-23 15:54:26.696532+00:00,2026-10-10 12:24:06.234248+00:00,404.49
-25.7768427,28.2139176,GROENKLOOF,HERBERT BAKER STREET,TSH,79900059,https://powerfailure.tshwane.gov.za/Tshwanesms/Map.aspx,"-25.7768,28.2139|GROENKLOOF#0",2026-09-23 15:54:26.696532+00:00,2026-10-10 12:24:06.234248+00:00,404.49
-25.773865,28.2117288,GROENKLOOF,VAN WOUW STREET,TSH,79900059,https://powerfailure.tshwane.gov.za/Tshwanesms/Map.aspx,"-25.7739,28.2117|GROENKLOOF#0",2026-09-23 15:54:26.696532+00:00,2026-10-10 12:24:06.234248+00:00,404.49
-25.7723115,28.2110389,GROENKLOOF,WENNING STREET,TSH,79900059,https://powerfailure.tshwane.gov.za/Tshwanesms/Map.aspx,"-25.7723,28.2110|GROENKLOOF#0",2026-09-23 15:54:26.696532+00:00,2026-10-10 12:24:06.234248+00:00,404.49
-25.7716582,28.2114645,GROENKLOOF,GEORGE STORRAR DRIVE,TSH,79900059,https://powerfailure.tshwane.gov.za/Tshwanesms/Map.aspx,"-25.7717,28.2115|GROENKLOOF#0",2026-09-23 15:54:26.696532+00:00,2026-10-10 12:24:06.234248+00:00,404.49
-25.7739832,28.2144912,GROENKLOOF,FRANS OERDER STREET,TSH,79900059,https://powerfailure.tshwane.gov.za/Tshwanesms/Map.aspx,"-25.7740,28.2145|GROENKLOOF#0",2026-09-23 15:54:26.696532+00:00,2026-10-10 12:24:06.234248+00:00,404.49
-25.7734193,28.2146813,GROENKLOOF,FRANS OERDER STREET,TSH,79900059,https://powerfailure.tshwane.gov.za/Tshwanesms/Map.aspx,"-25.7734,28.2147|GROENKLOOF#0",2026-09-23 15:54:26.696532+00:00,2026-10-10 12:24:06.234248+00:00,404.49
-25.7751468,28.2122552,GROENKLOOF,VAN WOUW STREET,TSH,79900059,https://powerfailure.tshwane.gov.za/Tshwanesms/Map.aspx,"-25.7751,28.2123|GROENKLOOF#0",2026-09-23 15:54:26.696532+00:00,2026-10-10 12:24:06.234248+00:00,404.49
-25.7803507,28.177678,GROENKLOOF 358-JR,NO STREET,TSH,79900059,https://powerfailure.tshwane.gov.za/Tshwanesms/Map.aspx,"-25.7804,28.1777|GROENKLOOF 358-JR#0",2026-10-08 17:51:27.458247+00:00,2026-10-10 12:24:06.234248+00:00,42.54
-25.661271,28.2715003,HARTEBEESTFONTEIN 324-JR,CROW PLACE,TSH,79900096,https://powerfailure.tshwane.gov.za/Tshwanesms/Map.aspx,"-25.6613,28.2715|HARTEBEESTFONTEIN 324-JR#0",2026-10-09 19:30:15.533813+00:00,2026-10-10 12:24:06.234248+00:00,16.9
-25.6628832,28.2713076,HARTEBEESTFONTEIN 324-JR,HORNBILL CRESCENT,TSH,79900096,https://powerfailure.tshwane.gov.za/Tshwanesms/Map.aspx,"-25.6629,28.2713|HARTEBEESTFONTEIN 324-JR#0",2026-10-09 19:30:15.533813+00:00,2026-10-10 12:24:06.234248+00:00,16.9
-25.6568543,27.9994457,WILDEBEESTHOEK 310-JR,STAND,TSH,79900031,https://powerfailure.tshwane.gov.za/Tshwanesms/Map.aspx,"-25.6569,27.9994|WILDEBEESTHOEK 310-JR#0",2026-10-06 17:09:53.951304+00:00,2026-10-10 12:24:06.234248+00:00,91.24
-25.7640973,28.2583724,HARTEBEESTPOORT 362-JR,ATTERBURY ROAD,TSH,79900082,https://powerfailure.tshwane.gov.za/Tshwanesms/Map.aspx,"-25.7641,28.2584|HARTEBEESTPOORT 362-JR#0",2026-09-23 15:54:26.696532+00:00,2026-10-10 12:24:06.234248+00:00,404.49
-25.7640973,28.2583724,HARTEBEESTPOORT 362-JR,ATTERBURY ROAD,TSH,79900082,https://powerfailure.tshwane.gov.za/Tshwanesms/Map.aspx,"-25.7641,28.2584|HARTEBEESTPOORT 362-JR#1",2026-09-23 15:54:26.696532+00:00,2026-10-10 12:24:06.234248+00:00,404.49
-25.8508085,28.1736467,HENNOPSPARK,ACACIA ROAD,TSH,79900066,https://powerfailure.tshwane.gov.za/Tshwanesms/Map.aspx,"-25.8508,28.1736|HENNOPSPARK#0",2026-10-10 12:24:06.234248+00:00,2026-10-10 12:24:06.234248+00:00,0.0
-25.8449865,28.1648248,HENNOPSPARK X01,HENNOPS ROAD,TSH,79900066,https://powerfailure.tshwane.gov.za/Tshwanesms/Map.aspx,"-25.8450,28.1648|HENNOPSPARK X01#0",2026-10-10 12:24:06.234248+00:00,2026-10-10 12:24:06.234248+00:00,0.0
-25.8555805,28.1724936,HENNOPSPARK X04,ANDERSON STREET,TSH,79900066,https://powerfailure.tshwane.gov.za/Tshwanesms/Map.aspx,"-25.8556,28.1725|HENNOPSPARK X04#0",2026-10-10 12:24:06.234248+00:00,2026-10-10 12:24:06.234248+00:00,0.0
-25.8514003,28.1678775,HENNOPSPARK X41,MOPANI ROAD,TSH,79900066,https://powerfailure.tshwane.gov.za/Tshwanesms/Map.aspx,"-25.8514,28.1679|HENNOPSPARK X41#0",2026-10-10 12:24:06.234248+00:00,2026-10-10 12:24:06.234248+00:00,0.0
-25.794016,28.1061528,LAUDIUM,SEVENTH AVENUE,TSH,79900061,https://powerfailure.tshwane.gov.za/Tshwanesms/Map.aspx,"-25.7940,28.1062|LAUDIUM#0",2026-10-09 19:30:15.533813+00:00,2026-10-10 12:24:06.234248+00:00,16.9
-25.8272088,28.3017395,MORELETAPARK X63,CORKWOOD CLOSE,TSH,79900045,https://powerfailure.tshwane.gov.za/Tshwanesms/Map.aspx,"-25.8272,28.3017|MORELETAPARK X63#0",2026-09-29 08:23:13.536342+00:00,2026-10-10 12:24:06.234248+00:00,268.01
-25.8242321,28.3081654,MORELETAPARK X63,ROCKWOOD CRESCENT,TSH,79900045,https://powerfailure.tshwane.gov.za/Tshwanesms/Map.aspx,"-25.8242,28.3082|MORELETAPARK X63#0",2026-09-29 08:23:13.536342+00:00,2026-10-10 12:24:06.234248+00:00,268.01
-25.8417335,28.3057858,MORELETAPARK X72,TEMBECLOSE(BORDEAUX),TSH,79900091,https://powerfailure.tshwane.gov.za/Tshwanesms/Map.aspx,"-25.8417,28.3058|MORELETAPARK X72#0",2026-09-29 20:42:53.961596+00:00,2026-10-10 12:24:06.234248+00:00,255.69
-25.6614621,28.1780157,PRETORIA NORTH,GENL BEYERS STREET,TSH,79900002,https://powerfailure.tshwane.gov.za/Tshwanesms/Map.aspx,"-25.6615,28.1780|PRETORIA NORTH#0",2026-10-04 06:47:51.169722+00:00,2026-10-10 12:24:06.234248+00:00,149.6
-25.661451,28.1732976,PRETORIA NORTH,EMILY HOBHOUSE AVENUE,TSH,79900002,https://powerfailure.tshwane.gov.za/Tshwanesms/Map.aspx,"-25.6615,28.1733|PRETORIA NORTH#0",2026-10-04 06:47:51.169722+00:00,2026-10-10 12:24:06.234248+00:00,149.6
-25.6621045,28.1788393,PRETORIA NORTH,GENL BEYERS STREET,TSH,79900002,https://powerfailure.tshwane.gov.za/Tshwanesms/Map.aspx,"-25.6621,28.1788|PRETORIA NORTH#0",2026-10-04 06:47:51.169722+00:00,2026-10-10 12:24:06.234248+00:00,149.6
-25.6619948,28.1669563,PRETORIA NORTH,WEST STREET,TSH,79900002,https://powerfailure.tshwane.gov.za/Tshwanesms/Map.aspx,"-25.6620,28.1670|PRETORIA NORTH#0",2026-10-04 06:47:51.169722+00:00,2026-10-10 12:24:06.234248+00:00,149.6
-25.6628069,28.1702044,PRETORIA NORTH,EEUFEES STREET,TSH,79900002,https://powerfailure.tshwane.gov.za/Tshwanesms/Map.aspx,"-25.6628,28.1702|PRETORIA NORTH#0",2026-10-04 00:33:07.418287+00:00,2026-10-10 12:24:06.234248+00:00,155.85
-25.6640332,28.1800675,PRETORIA NORTH,WONDERBOOM STREET,TSH,79900002,https://powerfailure.tshwane.gov.za/Tshwanesms/Map.aspx,"-25.6640,28.1801|PRETORIA NORTH#0",2026-10-05 15:56:27.539408+00:00,2026-10-10 12:24:06.234248+00:00,116.46
-25.6648552,28.172792,PRETORIA NORTH,EMILY HOBHOUSE AVENUE,TSH,79900002,https://powerfailure.tshwane.gov.za/Tshwanesms/Map.aspx,"-25.6649,28.1728|PRETORIA NORTH#0",2026-10-04 06:47:51.169722+00:00,2026-10-10 12:24:06.234248+00:00,149.6
-25.6665953,28.1705747,PRETORIA NORTH,EEUFEES STREET,TSH,79900002,https://powerfailure.tshwane.gov.za/Tshwanesms/Map.aspx,"-25.6666,28.1706|PRETORIA NORTH#0",2026-10-02 12:24:50.491552+00:00,2026-10-10 12:24:06.234248+00:00,191.99
-25.6673831,28.1790615,PRETORIA NORTH,JAN VAN RIEBEECK STREET,TSH,79900002,https://powerfailure.tshwane.gov.za/Tshwanesms/Map.aspx,"-25.6674,28.1791|PRETORIA NORTH#0",2026-10-04 06:47:51.169722+00:00,2026-10-10 12:24:06.234248+00:00,149.6
-25.6679329,28.1752034,PRETORIA NORTH,BEN VILJOEN STREET,TSH,79900002,https://powerfailure.tshwane.gov.za/Tshwanesms/Map.aspx,"-25.6679,28.1752|PRETORIA NORTH#0",2026-10-04 06:47:51.169722+00:00,2026-10-10 12:24:06.234248+00:00,149.6
-25.6688567,28.1752652,PRETORIA NORTH,STASIE STREET,TSH,79900002,https://powerfailure.tshwane.gov.za/Tshwanesms/Map.aspx,"-25.6689,28.1753|PRETORIA NORTH#0",2026-10-04 06:47:51.169722+00:00,2026-10-10 12:24:06.234248+00:00,149.6
-25.6702873,28.1788029,PRETORIA NORTH,JAN VAN RIEBEECK STREET,TSH,79900002,https://powerfailure.tshwane.gov.za/Tshwanesms/Map.aspx,"-25.6703,28.1788|PRETORIA NORTH#0",2026-10-04 06:47:51.169722+00:00,2026-10-10 12:24:06.234248+00:00,149.6
-25.6701257,28.170995,PRETORIA NORTH,BURGER STREET,TSH,79900002,https://powerfailure.tshwane.gov.za/Tshwanesms/Map.aspx,"-25.6701,28.1710|PRETORIA NORTH#0",2026-10-04 06:47:51.169722+00:00,2026-10-10 12:24:06.234248+00:00,149.6
-25.6703712,28.1765303,PRETORIA NORTH,DANIE THERON STREET,TSH,79900002,https://powerfailure.tshwane.gov.za/Tshwanesms/Map.aspx,"-25.6704,28.1765|PRETORIA NORTH#0",2026-10-04 06:47:51.169722+00:00,2026-10-10 12:24:06.234248+00:00,149.6
-25.6710969,28.1796117,PRETORIA NORTH,JAN VAN RIEBEECK STREET,TSH,79900002,https://powerfailure.tshwane.gov.za/Tshwanesms/Map.aspx,"-25.6711,28.1796|PRETORIA NORTH#0",2026-10-02 12:24:50.491552+00:00,2026-10-10 12:24:06.234248+00:00,191.99
-25.6707441,28.1724237,PRETORIA NORTH,EMILY HOBHOUSE AVENUE,TSH,79900002,https://powerfailure.tshwane.gov.za/Tshwanesms/Map.aspx,"-25.6707,28.1724|PRETORIA NORTH#0",2026-10-04 06:47:51.169722+00:00,2026-10-10 12:24:06.234248+00:00,149.6
-25.6727215,28.1675748,PRETORIA NORTH,JACK HINDON STREET,TSH,79900002,https://powerfailure.tshwane.gov.za/Tshwanesms/Map.aspx,"-25.6727,28.1676|PRETORIA NORTH#0",2026-10-04 00:33:07.418287+00:00,2026-10-10 12:24:06.234248+00:00,155.85
-25.6783895,28.174243,PRETORIA NORTH,BEN VILJOEN STREET,TSH,79900002,https://powerfailure.tshwane.gov.za/Tshwanesms/Map.aspx,"-25.6784,28.1742|PRETORIA NORTH#0",2026-10-04 06:47:51.169722+00:00,2026-10-10 12:24:06.234248+00:00,149.6
-25.6787396,28.1733309,PRETORIA NORTH,BEN VILJOEN STREET,TSH,79900002,https://powerfailure.tshwane.gov.za/Tshwanesms/Map.aspx,"-25.6787,28.1733|PRETORIA NORTH#0",2026-10-02 12:24:50.491552+00:00,2026-10-10 12:24:06.234248+00:00,191.99
-25.6788115,28.1663398,PRETORIA NORTH,WEST STREET,TSH,79900002,https://powerfailure.tshwane.gov.za/Tshwanesms/Map.aspx,"-25.6788,28.1663|PRETORIA NORTH#0",2026-10-02 18:22:22.786014+00:00,2026-10-10 12:24:06.234248+00:00,186.03
-25.6801089,28.1669163,PRETORIA NORTH,BRITS ROAD,TSH,79900002,https://powerfailure.tshwane.gov.za/Tshwanesms/Map.aspx,"-25.6801,28.1669|PRETORIA NORTH#0",2026-10-02 12:24:50.491552+00:00,2026-10-10 12:24:06.234248+00:00,191.99
-25.6808674,28.1693029,PRETORIA NORTH,EEUFEES STREET,TSH,79900002,https://powerfailure.tshwane.gov.za/Tshwanesms/Map.aspx,"-25.6809,28.1693|PRETORIA NORTH#0",2026-10-04 06:47:51.169722+00:00,2026-10-10 12:24:06.234248+00:00,149.6
-25.6813002,28.1738278,PRETORIA NORTH,BEN VILJOEN STREET,TSH,79900002,https://powerfailure.tshwane.gov.za/Tshwanesms/Map.aspx,"-25.6813,28.1738|PRETORIA NORTH#0",2026-10-04 06:47:51.169722+00:00,2026-10-10 12:24:06.234248+00:00,149.6
-25.6814662,28.1683684,PRETORIA NORTH,EEUFEES STREET,TSH,79900002,https://powerfailure.tshwane.gov.za/Tshwanesms/Map.aspx,"-25.6815,28.1684|PRETORIA NORTH#0",2026-10-04 06:47:51.169722+00:00,2026-10-10 12:24:06.234248+00:00,149.6
-25.6816342,28.1660628,PRETORIA NORTH,WEST STREET,TSH,79900002,https://powerfailure.tshwane.gov.za/Tshwanesms/Map.aspx,"-25.6816,28.1661|PRETORIA NORTH#0",2026-10-04 06:47:51.169722+00:00,2026-10-10 12:24:06.234248+00:00,149.6
-25.6843984,28.182932,PRETORIA NORTH,ABERCROMBIE ROAD,TSH,79900002,https://powerfailure.tshwane.gov.za/Tshwanesms/Map.aspx,"-25.6844,28.1829|PRETORIA NORTH#0",2026-10-04 06:47:51.169722+00:00,2026-10-10 12:24:06.234248+00:00,149.6
-25.6847501,28.1793092,PRETORIA NORTH,STAND,TSH,79900002,https://powerfailure.tshwane.gov.za/Tshwanesms/Map.aspx,"-25.6848,28.1793|PRETORIA NORTH#0",2026-10-04 06:47:51.169722+00:00,2026-10-10 12:24:06.234248+00:00,149.6
-25.6861335,28.1693526,PRETORIA NORTH,BERG AVENUE,TSH,79900002,https://powerfailure.tshwane.gov.za/Tshwanesms/Map.aspx,"-25.6861,28.1694|PRETORIA NORTH#0",2026-10-04 06:47:51.169722+00:00,2026-10-10 12:24:06.234248+00:00,149.6
-25.6873809,28.1772808,PRETORIA NORTH,JAN VAN RIEBEECK STREET,TSH,79900002,https://powerfailure.tshwane.gov.za/Tshwanesms/Map.aspx,"-25.6874,28.1773|PRETORIA NORTH#0",2026-10-04 06:47:51.169722+00:00,2026-10-10 12:24:06.234248+00:00,149.6
-25.6766976,28.1634219,PRETORIA NORTH X03,SAPONARIA STREET,TSH,79900002,https://powerfailure.tshwane.gov.za/Tshwanesms/Map.aspx,"-25.6767,28.1634|PRETORIA NORTH X03#0",2026-10-09 13:08:42.013082+00:00,2026-10-10 12:24:06.234248+00:00,23.26
-25.6865406,28.1726359,PRETORIA NORTH,BEN VILJOEN STREET,TSH,79900002,https://powerfailure.tshwane.gov.za/Tshwanesms/Map.aspx,"-25.6865,28.1726|PRETORIA NORTH#0",2026-10-04 06:47:51.169722+00:00,2026-10-10 12:24:06.234248+00:00,149.6
-25.6898212,28.1756899,PRETORIA NORTH,GENL BEYERS STREET,TSH,79900002,https://powerfailure.tshwane.gov.za/Tshwanesms/Map.aspx,"-25.6898,28.1757|PRETORIA NORTH#0",2026-10-04 06:47:51.169722+00:00,2026-10-10 12:24:06.234248+00:00,149.6
-25.7061929,28.2298983,VILLIERIA,26TH AVENUE,TSH,79900052,https://powerfailure.tshwane.gov.za/Tshwanesms/Map.aspx,"-25.7062,28.2299|VILLIERIA#0",2026-10-08 17:51:27.458247+00:00,2026-10-10 12:24:06.234248+00:00,42.54
-25.7160489,28.2321539,VILLIERIA,27TH AVENUE,TSH,79900052,https://powerfailure.tshwane.gov.za/Tshwanesms/Map.aspx,"-25.7160,28.2322|VILLIERIA#0",2026-10-10 05:43:32.746880+00:00,2026-10-10 12:24:06.234248+00:00,6.68
-25.7752173,28.3311607,WAPADRAND X01,WAPADRAND ROAD,TSH,79900085,https://powerfailure.tshwane.gov.za/Tshwanesms/Map.aspx,"-25.7752,28.3312|WAPADRAND X01#0",2026-09-29 08:23:13.536342+00:00,2026-10-10 12:24:06.234248+00:00,268.01
-25.6573805,28.15859,WOLMER,DEETLEFS STREET,TSH,79900002,https://powerfailure.tshwane.gov.za/Tshwanesms/Map.aspx,"-25.6574,28.1586|WOLMER#0",2026-10-09 13:08:42.013082+00:00,2026-10-10 12:24:06.234248+00:00,23.26
-25.6581231,28.1640056,WOLMER,BROODRYK STREET,TSH,79900002,https://powerfailure.tshwane.gov.za/Tshwanesms/Map.aspx,"-25.6581,28.1640|WOLMER#0",2026-10-09 13:08:42.013082+00:00,2026-10-10 12:24:06.234248+00:00,23.26
-25.6606699,28.1648049,WOLMER,BROODRYK STREET,TSH,79900002,https://powerfailure.tshwane.gov.za/Tshwanesms/Map.aspx,"-25.6607,28.1648|WOLMER#0",2026-10-09 13:08:42.013082+00:00,2026-10-10 12:24:06.234248+00:00,23.26
-25.6623783,28.1573006,WOLMER,WONDERBOOM STREET,TSH,79900002,https://powerfailure.tshwane.gov.za/Tshwanesms/Map.aspx,"-25.6624,28.1573|WOLMER#0",2026-10-09 13:08:42.013082+00:00,2026-10-10 12:24:06.234248+00:00,23.26
-25.6624037,28.1576499,WOLMER,DEETLEFS STREET,TSH,79900002,https://powerfailure.tshwane.gov.za/Tshwanesms/Map.aspx,"-25.6624,28.1576|WOLMER#0",2026-10-09 13:08:42.013082+00:00,2026-10-10 12:24:06.234248+00:00,23.26
-25.6619405,28.166034,WOLMER,BAKENKLOOF STREET,TSH,79900002,https://powerfailure.tshwane.gov.za/Tshwanesms/Map.aspx,"-25.6619,28.1660|WOLMER#0",2026-10-09 13:08:42.013082+00:00,2026-10-10 12:24:06.234248+00:00,23.26
-25.6610685,28.1048276,KARENPARK X10,BALERIA,TSH,79900004,https://powerfailure.tshwane.gov.za/Tshwanesms/Map.aspx,"-25.6611,28.1048|KARENPARK X10#0",2026-09-23 15:54:26.696532+00:00,2026-10-10 12:24:06.234248+00:00,404.49
-25.6579526,28.1119764,KARENPARK X40,BLOMBAS CRESCENT,TSH,79900004,https://powerfailure.tshwane.gov.za/Tshwanesms/Map.aspx,"-25.6580,28.1120|KARENPARK X40#0",2026-09-23 15:54:26.696532+00:00,2026-10-10 12:24:06.234248+00:00,404.49
-25.5572485,28.0514597,SOSHANGUVE SOUTH X01,STAND 888,TSH,79900039,https://powerfailure.tshwane.gov.za/Tshwanesms/Map.aspx,"-25.5572,28.0515|SOSHANGUVE SOUTH X01#0",2026-10-06 10:08:41.992184+00:00,2026-10-10 12:24:06.234248+00:00,98.26
-25.5579115,28.0506406,SOSHANGUVE SOUTH X01,STAND 1105,TSH,79900039,https://powerfailure.tshwane.gov.za/Tshwanesms/Map.aspx,"-25.5579,28.0506|SOSHANGUVE SOUTH X01#0",2026-10-06 10:08:41.992184+00:00,2026-10-10 12:24:06.234248+00:00,98.26
-25.8332049,28.1469328,ELDORAIGNE,SAXBY AVENUE WEST,TSH,79900069,https://powerfailure.tshwane.gov.za/Tshwanesms/Map.aspx,"-25.8332,28.1469|ELDORAIGNE#0",2026-10-10 12:24:06.234248+00:00,2026-10-10 12:24:06.234248+00:00,0.0
-25.8355408,28.1520747,ELDORAIGNE,ALAN ROAD,TSH,79900069,https://powerfailure.tshwane.gov.za/Tshwanesms/Map.aspx,"-25.8355,28.1521|ELDORAIGNE#0",2026-10-10 12:24:06.234248+00:00,2026-10-10 12:24:06.234248+00:00,0.0
-25.8397732,28.1524469,ELDORAIGNE,DE HOEVE ROAD,TSH,79900069,https://powerfailure.tshwane.gov.za/Tshwanesms/Map.aspx,"-25.8398,28.1524|ELDORAIGNE#0",2026-10-10 12:24:06.234248+00:00,2026-10-10 12:24:06.234248+00:00,0.0
-25.8403702,28.1553077,ELDORAIGNE,HENRI ROAD,TSH,79900069,https://powerfailure.tshwane.gov.za/Tshwanesms/Map.aspx,"-25.8404,28.1553|ELDORAIGNE#0",2026-10-10 12:24:06.234248+00:00,2026-10-10 12:24:06.234248+00:00,0.0
-25.8459861,28.1557053,ELDORAIGNE,WYNNE ROAD,TSH,79900069,https://powerfailure.tshwane.gov.za/Tshwanesms/Map.aspx,"-25.8460,28.1557|ELDORAIGNE#0",2026-10-10 12:24:06.234248+00:00,2026-10-10 12:24:06.234248+00:00,0.0
-25.8468246,28.1558751,ELDORAIGNE,WYNNE ROAD,TSH,79900069,https://powerfailure.tshwane.gov.za/Tshwanesms/Map.aspx,"-25.8468,28.1559|ELDORAIGNE#0",2026-10-10 12:24:06.234248+00:00,2026-10-10 12:24:06.234248+00:00,0.0
-25.8327981,28.1557696,ELDORAIGNE X01,HYDE AVENUE,TSH,79900069,https://powerfailure.tshwane.gov.za/Tshwanesms/Map.aspx,"-25.8328,28.1558|ELDORAIGNE X01#0",2026-10-10 12:24:06.234248+00:00,2026-10-10 12:24:06.234248+00:00,0.0
-25.8328315,28.1573912,ELDORAIGNE X01,ERASMUS AVENUE,TSH,79900069,https://powerfailure.tshwane.gov.za/Tshwanesms/Map.aspx,"-25.8328,28.1574|ELDORAIGNE X01#0",2026-10-10 12:24:06.234248+00:00,2026-10-10 12:24:06.234248+00:00,0.0
-25.8384094,28.157532,ELDORAIGNE X01,RABIE ROAD,TSH,79900069,https://powerfailure.tshwane.gov.za/Tshwanesms/Map.aspx,"-25.8384,28.1575|ELDORAIGNE X01#0",2026-10-10 12:24:06.234248+00:00,2026-10-10 12:24:06.234248+00:00,0.0
-25.8393906,28.1563084,ELDORAIGNE X01,VAN DER MERWE AVENUE,TSH,79900069,https://powerfailure.tshwane.gov.za/Tshwanesms/Map.aspx,"-25.8394,28.1563|ELDORAIGNE X01#0",2026-10-10 12:24:06.234248+00:00,2026-10-10 12:24:06.234248+00:00,0.0
-25.8423235,28.1562998,ELDORAIGNE X01,SHIRLEY ROAD,TSH,79900069,https://powerfailure.tshwane.gov.za/Tshwanesms/Map.aspx,"-25.8423,28.1563|ELDORAIGNE X01#0",2026-10-10 12:24:06.234248+00:00,2026-10-10 12:24:06.234248+00:00,0.0
-25.8436345,28.1604229,ELDORAIGNE X01,SHIRLEY ROAD,TSH,79900069,https://powerfailure.tshwane.gov.za/Tshwanesms/Map.aspx,"-25.8436,28.1604|ELDORAIGNE X01#0",2026-10-10 12:24:06.234248+00:00,2026-10-10 12:24:06.234248+00:00,0.0
-25.8480796,28.1608629,ELDORAIGNE X01,EWALD ROAD,TSH,79900069,https://powerfailure.tshwane.gov.za/Tshwanesms/Map.aspx,"-25.8481,28.1609|ELDORAIGNE X01#0",2026-10-10 12:24:06.234248+00:00,2026-10-10 12:24:06.234248+00:00,0.0
-25.8638429,28.1569663,ELDORAIGNE X09,MILNER STREET,TSH,79900069,https://powerfailure.tshwane.gov.za/Tshwanesms/Map.aspx,"-25.8638,28.1570|ELDORAIGNE X09#0",2026-10-10 12:24:06.234248+00:00,2026-10-10 12:24:06.234248+00:00,0.0
-25.8615924,28.1561592,ELDORAIGNE X06,CLARK STREET,TSH,79900069,https://powerfailure.tshwane.gov.za/Tshwanesms/Map.aspx,"-25.8616,28.1562|ELDORAIGNE X06#0",2026-10-10 12:24:06.234248+00:00,2026-10-10 12:24:06.234248+00:00,0.0
-25.855043,28.1580856,ELDORAIGNE X03,MULDER'S MILE,TSH,79900069,https://powerfailure.tshwane.gov.za/Tshwanesms/Map.aspx,"-25.8550,28.1581|ELDORAIGNE X03#0",2026-10-10 12:24:06.234248+00:00,2026-10-10 12:24:06.234248+00:00,0.0
-25.8650235,28.1553746,ELDORAIGNE X17,GRANT STREET,TSH,79900069,https://powerfailure.tshwane.gov.za/Tshwanesms/Map.aspx,"-25.8650,28.1554|ELDORAIGNE X17#0",2026-10-10 12:24:06.234248+00:00,2026-10-10 12:24:06.234248+00:00,0.0
-25.8394547,28.1469501,ELDORAIGNE X26,CHRISTOPHER ROAD,TSH,79900070,https://powerfailure.tshwane.gov.za/Tshwanesms/Map.aspx,"-25.8395,28.1470|ELDORAIGNE X26#0",2026-10-10 12:24:06.234248+00:00,2026-10-10 12:24:06.234248+00:00,0.0
-25.8574653,28.151693,ELDORAIGNE X27,PIET HUGO STREET,TSH,79900069,https://powerfailure.tshwane.gov.za/Tshwanesms/Map.aspx,"-25.8575,28.1517|ELDORAIGNE X27#0",2026-10-10 12:24:06.234248+00:00,2026-10-10 12:24:06.234248+00:00,0.0
-25.8574653,28.151693,ELDORAIGNE X27,PIET HUGO STREET,TSH,79900069,https://powerfailure.tshwane.gov.za/Tshwanesms/Map.aspx,"-25.8575,28.1517|ELDORAIGNE X27#1",2026-10-10 12:24:06.234248+00:00,2026-10-10 12:24:06.234248+00:00,0.0
-25.8431703,28.1445815,ELDORAIGNE,WILLEM BOTHA STREET,TSH,79900070,https://powerfailure.tshwane.gov.za/Tshwanesms/Map.aspx,"-25.8432,28.1446|ELDORAIGNE#0",2026-10-10 12:24:06.234248+00:00,2026-10-10 12:24:06.234248+00:00,0.0
-25.8426682,28.1452339,ELDORAIGNE,GAVIN CLOSE.,TSH,79900070,https://powerfailure.tshwane.gov.za/Tshwanesms/Map.aspx,"-25.8427,28.1452|ELDORAIGNE#0",2026-10-10 12:24:06.234248+00:00,2026-10-10 12:24:06.234248+00:00,0.0
-25.8416267,28.1450425,ELDORAIGNE X33,LINDIE CLOSE,TSH,79900070,https://powerfailure.tshwane.gov.za/Tshwanesms/Map.aspx,"-25.8416,28.1450|ELDORAIGNE X33#0",2026-10-10 12:24:06.234248+00:00,2026-10-10 12:24:06.234248+00:00,0.0
-25.8393155,28.1283436,ELDORAIGNE X31,SABLE AVENUE,TSH,79900070,https://powerfailure.tshwane.gov.za/Tshwanesms/Map.aspx,"-25.8393,28.1283|ELDORAIGNE X31#0",2026-10-10 12:24:06.234248+00:00,2026-10-10 12:24:06.234248+00:00,0.0
-25.8410344,28.1605295,ELDORAIGNE X01,MARTHA ROAD,TSH,79900069,https://powerfailure.tshwane.gov.za/Tshwanesms/Map.aspx,"-25.8410,28.1605|ELDORAIGNE X01#0",2026-10-10 12:24:06.234248+00:00,2026-10-10 12:24:06.234248+00:00,0.0
-25.8339171,28.1366969,ELDORAIGNE X42,MUFASA STREET,TSH,79900070,https://powerfailure.tshwane.gov.za/Tshwanesms/Map.aspx,"-25.8339,28.1367|ELDORAIGNE X42#0",2026-10-10 12:24:06.234248+00:00,2026-10-10 12:24:06.234248+00:00,0.0
-25.8357214,28.1391097,ELDORAIGNE X42,BONDEV DRIVE,TSH,79900070,https://powerfailure.tshwane.gov.za/Tshwanesms/Map.aspx,"-25.8357,28.1391|ELDORAIGNE X42#0",2026-10-10 12:24:06.234248+00:00,2026-10-10 12:24:06.234248+00:00,0.0
-25.534924,28.1014672,SOSHANGUVE-L,STAND 850,TSH,79900035,https://powerfailure.tshwane.gov.za/Tshwanesms/Map.aspx,"-25.5349,28.1015|SOSHANGUVE-L#0",2026-09-28 21:54:04.654174+00:00,2026-10-10 12:24:06.234248+00:00,278.5
-25.4491419,28.1245382,SOSHANGUVE-W,STAND,TSH,79900027,https://powerfailure.tshwane.gov.za/Tshwanesms/Map.aspx,"-25.4491,28.1245|SOSHANGUVE-W#0",2026-09-28 15:21:37.292442+00:00,2026-10-10 12:24:06.234248+00:00,285.04
-25.7171098,28.4006734,MAMELODI X05,SEALETSA STREET,TSH,79900016,https://powerfailure.tshwane.gov.za/Tshwanesms/Map.aspx,"-25.7171,28.4007|MAMELODI X05#0",2026-10-02 18:22:22.786014+00:00,2026-10-10 12:24:06.234248+00:00,186.03
-25.739478,28.3033253,MEYERSPARK,BRANDWAG STREET,TSH,79900041,https://powerfailure.tshwane.gov.za/Tshwanesms/Map.aspx,"-25.7395,28.3033|MEYERSPARK#0",2026-10-08 17:51:27.458247+00:00,2026-10-10 12:24:06.234248+00:00,42.54
-25.7377126,28.3130625,MEYERSPARK,SHOLTO DOUGLAS STREET,TSH,79900041,https://powerfailure.tshwane.gov.za/Tshwanesms/Map.aspx,"-25.7377,28.3131|MEYERSPARK#0",2026-10-05 15:56:27.539408+00:00,2026-10-10 12:24:06.234248+00:00,116.46
-25.7381741,28.3167999,MEYERSPARK,MOLLER STREET,TSH,79900041,https://powerfailure.tshwane.gov.za/Tshwanesms/Map.aspx,"-25.7382,28.3168|MEYERSPARK#0",2026-10-08 17:51:27.458247+00:00,2026-10-10 12:24:06.234248+00:00,42.54
-25.7403191,28.3185726,MEYERSPARK,ERASMUS STREET,TSH,79900041,https://powerfailure.tshwane.gov.za/Tshwanesms/Map.aspx,"-25.7403,28.3186|MEYERSPARK#0",2026-10-05 15:56:27.539408+00:00,2026-10-10 12:24:06.234248+00:00,116.46
-25.7410055,28.3188747,MEYERSPARK,ERASMUS STREET,TSH,79900041,https://powerfailure.tshwane.gov.za/Tshwanesms/Map.aspx,"-25.7410,28.3189|MEYERSPARK#0",2026-10-08 17:51:27.458247+00:00,2026-10-10 12:24:06.234248+00:00,42.54
-25.7409371,28.3139804,MEYERSPARK,ERASMUS STREET,TSH,79900041,https://powerfailure.tshwane.gov.za/Tshwanesms/Map.aspx,"-25.7409,28.3140|MEYERSPARK#0",2026-10-08 17:51:27.458247+00:00,2026-10-10 12:24:06.234248+00:00,42.54
-25.7411742,28.3091117,MEYERSPARK,VAN NIEKERK STREET,TSH,79900041,https://powerfailure.tshwane.gov.za/Tshwanesms/Map.aspx,"-25.7412,28.3091|MEYERSPARK#0",2026-10-08 17:51:27.458247+00:00,2026-10-10 12:24:06.234248+00:00,42.54
-25.7399315,28.3201172,MEYERSPARK X01,ANALEES STREET,TSH,79900041,https://powerfailure.tshwane.gov.za/Tshwanesms/Map.aspx,"-25.7399,28.3201|MEYERSPARK X01#0",2026-10-08 17:51:27.458247+00:00,2026-10-10 12:24:06.234248+00:00,42.54
-25.7422126,28.3201793,MEYERSPARK X02,ODENDAAL STREET,TSH,79900041,https://powerfailure.tshwane.gov.za/Tshwanesms/Map.aspx,"-25.7422,28.3202|MEYERSPARK X02#0",2026-10-08 17:51:27.458247+00:00,2026-10-10 12:24:06.234248+00:00,42.54
-25.7436569,28.3196815,MEYERSPARK X02,ROOS STREET,TSH,79900041,https://powerfailure.tshwane.gov.za/Tshwanesms/Map.aspx,"-25.7437,28.3197|MEYERSPARK X02#0",2026-10-05 06:56:42.468331+00:00,2026-10-10 12:24:06.234248+00:00,125.46
-25.7411197,28.3236089,MEYERSPARK X03,KRITZINGER STREET,TSH,79900041,https://powerfailure.tshwane.gov.za/Tshwanesms/Map.aspx,"-25.7411,28.3236|MEYERSPARK X03#0",2026-10-08 17:51:27.458247+00:00,2026-10-10 12:24:06.234248+00:00,42.54
-25.7431479,28.3054266,MEYERSPARK X04,RABIE STREET,TSH,79900041,https://powerfailure.tshwane.gov.za/Tshwanesms/Map.aspx,"-25.7431,28.3054|MEYERSPARK X04#0",2026-10-05 06:56:42.468331+00:00,2026-10-10 12:24:06.234248+00:00,125.46
-25.7454252,28.3024643,MEYERSPARK X07,NINA STREET,TSH,79900041,https://powerfailure.tshwane.gov.za/Tshwanesms/Map.aspx,"-25.7454,28.3025|MEYERSPARK X07#0",2026-10-08 17:51:27.458247+00:00,2026-10-10 12:24:06.234248+00:00,42.54
-25.7410365,28.3279523,MEYERSPARK X08,KENT ROAD,TSH,79900041,https://powerfailure.tshwane.gov.za/Tshwanesms/Map.aspx,"-25.7410,28.3280|MEYERSPARK X08#0",2026-10-10 12:24:06.234248+00:00,2026-10-10 12:24:06.234248+00:00,0.0
-25.7408152,28.3241833,MEYERSPARK X08,KRITZINGER STREET,TSH,79900041,https://powerfailure.tshwane.gov.za/Tshwanesms/Map.aspx,"-25.7408,28.3242|MEYERSPARK X08#0",2026-10-08 17:51:27.458247+00:00,2026-10-10 12:24:06.234248+00:00,42.54
-25.7379765,28.3221815,MEYERSPARK X08,KOORDINAAT STREET,TSH,79900041,https://powerfailure.tshwane.gov.za/Tshwanesms/Map.aspx,"-25.7380,28.3222|MEYERSPARK X08#0",2026-10-07 10:10:01.835441+00:00,2026-10-10 12:24:06.234248+00:00,74.23
-25.739166,28.3233268,MEYERSPARK X08,SIMMETRIE STREET,TSH,79900041,https://powerfailure.tshwane.gov.za/Tshwanesms/Map.aspx,"-25.7392,28.3233|MEYERSPARK X08#0",2026-10-05 15:56:27.539408+00:00,2026-10-10 12:24:06.234248+00:00,116.46
-25.7374498,28.319124,MEYERSPARK X08,KRITZINGER STREET,TSH,79900041,https://powerfailure.tshwane.gov.za/Tshwanesms/Map.aspx,"-25.7374,28.3191|MEYERSPARK X08#0",2026-10-07 23:02:05.111773+00:00,2026-10-10 12:24:06.234248+00:00,61.37
-25.7436873,28.3270341,MEYERSPARK X15,POLIGOON STREET,TSH,79900041,https://powerfailure.tshwane.gov.za/Tshwanesms/Map.aspx,"-25.7437,28.3270|MEYERSPARK X15#0",2026-10-08 17:51:27.458247+00:00,2026-10-10 12:24:06.234248+00:00,42.54
-25.6632706,28.2588225,MONTANA TUINE X15,WATERBESSIE STREET,TSH,79900096,https://powerfailure.tshwane.gov.za/Tshwanesms/Map.aspx,"-25.6633,28.2588|MONTANA TUINE X15#0",2026-10-09 13:08:42.013082+00:00,2026-10-10 12:24:06.234248+00:00,23.26
-25.7332695,28.3595212,NELLMAPIUS X04,POELANO STREET,TSH,79900028,https://powerfailure.tshwane.gov.za/Tshwanesms/Map.aspx,"-25.7333,28.3595|NELLMAPIUS X04#0",2026-09-23 15:54:26.696532+00:00,2026-10-10 12:24:06.234248+00:00,404.49
-25.7356396,28.3637754,NELLMAPIUS X04,ELETSEGA STREET,TSH,79900086,https://powerfailure.tshwane.gov.za/Tshwanesms/Map.aspx,"-25.7356,28.3638|NELLMAPIUS X04#0",2026-10-09 13:08:42.013082+00:00,2026-10-10 12:24:06.234248+00:00,23.26
-25.7456597,28.3626634,NELLMAPIUS X04,HLAGISA STREET,TSH,79900086,https://powerfailure.tshwane.gov.za/Tshwanesms/Map.aspx,"-25.7457,28.3627|NELLMAPIUS X04#0",2026-10-04 06:47:51.169722+00:00,2026-10-10 12:24:06.234248+00:00,149.6
-25.7472341,28.3619916,NELLMAPIUS X04,HLAGISA STREET,TSH,79900086,https://powerfailure.tshwane.gov.za/Tshwanesms/Map.aspx,"-25.7472,28.3620|NELLMAPIUS X04#0",2026-09-23 15:54:26.696532+00:00,2026-10-10 12:24:06.234248+00:00,404.49
-25.7440816,28.3601459,NELLMAPIUS X04,MALEBO ROAD,TSH,79900086,https://powerfailure.tshwane.gov.za/Tshwanesms/Map.aspx,"-25.7441,28.3601|NELLMAPIUS X04#0",2026-09-23 15:54:26.696532+00:00,2026-10-10 12:24:06.234248+00:00,404.49
-25.7420427,28.3539705,NELLMAPIUS X04,LESEDI ROAD,TSH,79900086,https://powerfailure.tshwane.gov.za/Tshwanesms/Map.aspx,"-25.7420,28.3540|NELLMAPIUS X04#0",2026-09-23 15:54:26.696532+00:00,2026-10-10 12:24:06.234248+00:00,404.49
-25.7420964,28.351285,NELLMAPIUS X04,DITUMEDISO STREET,TSH,79900086,https://powerfailure.tshwane.gov.za/Tshwanesms/Map.aspx,"-25.7421,28.3513|NELLMAPIUS X04#0",2026-09-23 15:54:26.696532+00:00,2026-10-10 12:24:06.234248+00:00,404.49
-25.7415186,28.3520974,NELLMAPIUS X04,LESEDI ROAD,TSH,79900086,https://powerfailure.tshwane.gov.za/Tshwanesms/Map.aspx,"-25.7415,28.3521|NELLMAPIUS X04#0",2026-09-26 14:25:10.204350+00:00,2026-10-10 12:24:06.234248+00:00,333.98
-25.7333045,28.3785311,NELLMAPIUS X07,KGAUTA STREET,TSH,79900015,https://powerfailure.tshwane.gov.za/Tshwanesms/Map.aspx,"-25.7333,28.3785|NELLMAPIUS X07#0",2026-09-23 15:54:26.696532+00:00,2026-10-10 12:24:06.234248+00:00,404.49
-25.734234,28.3810234,NELLMAPIUS X7,CRYSTAL STREET,TSH,79900015,https://powerfailure.tshwane.gov.za/Tshwanesms/Map.aspx,"-25.7342,28.3810|NELLMAPIUS X7#0",2026-10-03 17:56:38.270365+00:00,2026-10-10 12:24:06.234248+00:00,162.46
-25.7362137,28.3816717,NELLMAPIUS X7,CALCIUM STREET,TSH,79900015,https://powerfailure.tshwane.gov.za/Tshwanesms/Map.aspx,"-25.7362,28.3817|NELLMAPIUS X7#0",2026-09-23 15:54:26.696532+00:00,2026-10-10 12:24:06.234248+00:00,404.49
-25.7362137,28.3816717,NELLMAPIUS X07,STAND,TSH,79900015,https://powerfailure.tshwane.gov.za/Tshwanesms/Map.aspx,"-25.7362,28.3817|NELLMAPIUS X07#0",2026-10-07 23:02:05.111773+00:00,2026-10-10 12:24:06.234248+00:00,61.37
-25.7378251,28.3778178,NELLMAPUIS,IBOLANI STREET,TSH,79900015,https://powerfailure.tshwane.gov.za/Tshwanesms/Map.aspx,"-25.7378,28.3778|NELLMAPUIS#0",2026-10-09 19:30:15.533813+00:00,2026-10-10 12:24:06.234248+00:00,16.9
-25.8141695,28.3135783,PRETORIUSPARK X08,OBSERVATORY DRIVE,TSH,79900101,https://powerfailure.tshwane.gov.za/Tshwanesms/Map.aspx,"-25.8142,28.3136|PRETORIUSPARK X08#0",2026-09-29 08:23:13.536342+00:00,2026-10-10 12:24:06.234248+00:00,268.01
-25.7568656,28.1351438,PROCLAMATION HILL,MICA STREET,TSH,79900003,https://powerfailure.tshwane.gov.za/Tshwanesms/Map.aspx,"-25.7569,28.1351|PROCLAMATION HILL#0",2026-10-10 12:24:06.234248+00:00,2026-10-10 12:24:06.234248+00:00,0.0
-25.7329184,28.2550975,QUEENSWOOD,COBHAM ROAD,TSH,79900084,https://powerfailure.tshwane.gov.za/Tshwanesms/Map.aspx,"-25.7329,28.2551|QUEENSWOOD#0",2026-10-10 12:24:06.234248+00:00,2026-10-10 12:24:06.234248+00:00,0.0
-25.8540803,28.1295664,RASLOUW AH,BAARD ROAD,TSH,79900070,https://powerfailure.tshwane.gov.za/Tshwanesms/Map.aspx,"-25.8541,28.1296|RASLOUW AH#0",2026-10-10 12:24:06.234248+00:00,2026-10-10 12:24:06.234248+00:00,0.0
-25.8554669,28.1252977,RASLOUW AH,ERASMUS AVENUE,TSH,79900070,https://powerfailure.tshwane.gov.za/Tshwanesms/Map.aspx,"-25.8555,28.1253|RASLOUW AH#0",2026-10-10 12:24:06.234248+00:00,2026-10-10 12:24:06.234248+00:00,0.0
-25.8652116,28.127307,RASLOUW AH,ERASMUS AVENUE,TSH,79900070,https://powerfailure.tshwane.gov.za/Tshwanesms/Map.aspx,"-25.8652,28.1273|RASLOUW AH#0",2026-10-10 12:24:06.234248+00:00,2026-10-10 12:24:06.234248+00:00,0.0
-25.6208379,28.3116182,RYNOUE AH,PL DW-096-27W,TSH,79900087,https://powerfailure.tshwane.gov.za/Tshwanesms/Map.aspx,"-25.6208,28.3116|RYNOUE AH#0",2026-10-04 06:47:51.169722+00:00,2026-10-10 12:24:06.234248+00:00,149.6
-25.632119,28.3163006,RYNOUE AH,PL DW-096-09W,TSH,79900087,https://powerfailure.tshwane.gov.za/Tshwanesms/Map.aspx,"-25.6321,28.3163|RYNOUE AH#0",2026-10-04 13:09:40.651455+00:00,2026-10-10 12:24:06.234248+00:00,143.24
-25.6348506,28.3179775,RYNOUE AH,PL DW-096-05W,TSH,79900087,https://powerfailure.tshwane.gov.za/Tshwanesms/Map.aspx,"-25.6349,28.3180|RYNOUE AH#0",2026-10-04 06:47:51.169722+00:00,2026-10-10 12:24:06.234248+00:00,149.6
-25.6989662,28.1971683,WONDERBOOM SOUTH,DE BEER STREET,TSH,79900054,https://powerfailure.tshwane.gov.za/Tshwanesms/Map.aspx,"-25.6990,28.1972|WONDERBOOM SOUTH#0",2026-10-03 13:19:32.931617+00:00,2026-10-10 12:24:06.234248+00:00,167.08
-25.8883336,28.6934321,BRONKHORSTBAAI,MATROOSBERG STREET,TSH,79900105,https://powerfailure.tshwane.gov.za/Tshwanesms/Map.aspx,"-25.8883,28.6934|BRONKHORSTBAAI#0",2026-09-28 21:54:04.654174+00:00,2026-10-10 12:24:06.234248+00:00,278.5
-25.5827866,28.0559826,SOSHANGUVE SOUTH X10,STAND 19176,TSH,79900037,https://powerfailure.tshwane.gov.za/Tshwanesms/Map.aspx,"-25.5828,28.0560|SOSHANGUVE SOUTH X10#0",2026-09-23 15:54:26.696532+00:00,2026-10-10 12:24:06.234248+00:00,404.49
-25.6617114,28.2493879,CHRISTIAANSVILLE AH,KLIPPAN ROAD,TSH,79900096,https://powerfailure.tshwane.gov.za/Tshwanesms/Map.aspx,"-25.6617,28.2494|CHRISTIAANSVILLE AH#0",2026-10-09 13:08:42.013082+00:00,2026-10-10 12:24:06.234248+00:00,23.26
-25.6617114,28.2493879,CHRISTIAANSVILLE AH,KLIPPAN ROAD,TSH,79900096,https://powerfailure.tshwane.gov.za/Tshwanesms/Map.aspx,"-25.6617,28.2494|CHRISTIAANSVILLE AH#1",2026-10-10 12:24:06.234248+00:00,2026-10-10 12:24:06.234248+00:00,0.0
-25.6022605,28.1046114,SOSHANGUVE-A,STAND 826,TSH,79900090,https://powerfailure.tshwane.gov.za/Tshwanesms/Map.aspx,"-25.6023,28.1046|SOSHANGUVE-A#0",2026-10-03 17:56:38.270365+00:00,2026-10-10 12:24:06.234248+00:00,162.46
-25.6048602,28.1054499,SOSHANGUVE-A,STAND 933,TSH,79900090,https://powerfailure.tshwane.gov.za/Tshwanesms/Map.aspx,"-25.6049,28.1054|SOSHANGUVE-A#0",2026-09-23 15:54:26.696532+00:00,2026-10-10 12:24:06.234248+00:00,404.49
-25.4062955,28.2848404,HAMMANSKRAAL,STAND 406,TSH,79900049,https://powerfailure.tshwane.gov.za/Tshwanesms/Map.aspx,"-25.4063,28.2848|HAMMANSKRAAL#0",2026-10-08 17:51:27.458247+00:00,2026-10-10 12:24:06.234248+00:00,42.54
-25.4474118,28.080505,SOSHANGUVE-JJ,STAND 47,TSH,79900011,https://powerfailure.tshwane.gov.za/Tshwanesms/Map.aspx,"-25.4474,28.0805|SOSHANGUVE-JJ#0",2026-10-10 00:00:01.978931+00:00,2026-10-10 12:24:06.234248+00:00,12.4
-25.8314058,28.1901455,LYTTELTON 381-JR,BASDEN AVENUE,TSH,79900057,https://powerfailure.tshwane.gov.za/Tshwanesms/Map.aspx,"-25.8314,28.1901|LYTTELTON 381-JR#0",2026-10-10 12:24:06.234248+00:00,2026-10-10 12:24:06.234248+00:00,0.0
-25.7132192,28.3098652,EERSTERUST X02,JANUARY AVENUE,TSH,79900043,https://powerfailure.tshwane.gov.za/Tshwanesms/Map.aspx,"-25.7132,28.3099|EERSTERUST X02#0",2026-10-09 19:30:15.533813+00:00,2026-10-10 12:24:06.234248+00:00,16.9
-25.7141819,28.3096567,EERSTERUST X02,STEENKAMP AVENUE,TSH,79900043,https://powerfailure.tshwane.gov.za/Tshwanesms/Map.aspx,"-25.7142,28.3097|EERSTERUST X02#0",2026-10-09 19:30:15.533813+00:00,2026-10-10 12:24:06.234248+00:00,16.9
-25.7163617,28.317772,EERSTERUST X02,ZELIK GLYNE AVENUE,TSH,79900043,https://powerfailure.tshwane.gov.za/Tshwanesms/Map.aspx,"-25.7164,28.3178|EERSTERUST X02#0",2026-10-09 19:30:15.533813+00:00,2026-10-10 12:24:06.234248+00:00,16.9
-25.7069613,28.3133789,EERSTERUST X05,P S FOURIE DRIVE,TSH,79900043,https://powerfailure.tshwane.gov.za/Tshwanesms/Map.aspx,"-25.7070,28.3134|EERSTERUST X05#0",2026-10-09 19:30:15.533813+00:00,2026-10-10 12:24:06.234248+00:00,16.9
-25.7004141,28.308334,EERSTERUST X06,RHINE AVENUE,TSH,79900043,https://powerfailure.tshwane.gov.za/Tshwanesms/Map.aspx,"-25.7004,28.3083|EERSTERUST X06#0",2026-09-27 12:57:55.429519+00:00,2026-10-10 12:24:06.234248+00:00,311.44
-25.4666055,28.1266421,SOSHANGUVE-R,STAND 876,TSH,79900027,https://powerfailure.tshwane.gov.za/Tshwanesms/Map.aspx,"-25.4666,28.1266|SOSHANGUVE-R#0",2026-09-28 15:21:37.292442+00:00,2026-10-10 12:24:06.234248+00:00,285.04
-25.4389292,28.1071372,SOSHANGUVE-T,STAND,TSH,79900025,https://powerfailure.tshwane.gov.za/Tshwanesms/Map.aspx,"-25.4389,28.1071|SOSHANGUVE-T#0",2026-09-29 20:42:53.961596+00:00,2026-10-10 12:24:06.234248+00:00,255.69
-25.7762367,28.2936709,LYNNWOOD PARK,SADIE ST,TSH,79900046,https://powerfailure.tshwane.gov.za/Tshwanesms/Map.aspx,"-25.7762,28.2937|LYNNWOOD PARK#0",2026-09-23 15:54:26.696532+00:00,2026-10-10 12:24:06.234248+00:00,404.49
-25.7767848,28.2923281,LYNNWOOD PARK,SADIE ST,TSH,79900046,https://powerfailure.tshwane.gov.za/Tshwanesms/Map.aspx,"-25.7768,28.2923|LYNNWOOD PARK#0",2026-09-23 15:54:26.696532+00:00,2026-10-10 12:24:06.234248+00:00,404.49
-25.8176093,28.2064515,LYTTELTON MANOR X01,VAN RIEBEECK AVENUE,TSH,79900079,https://powerfailure.tshwane.gov.za/Tshwanesms/Map.aspx,"-25.8176,28.2065|LYTTELTON MANOR X01#0",2026-10-10 05:43:32.746880+00:00,2026-10-10 12:24:06.234248+00:00,6.68
-25.8181688,28.2074398,LYTTELTON MANOR X01,VAN RIEBEECK AVENUE,TSH,79900079,https://powerfailure.tshwane.gov.za/Tshwanesms/Map.aspx,"-25.8182,28.2074|LYTTELTON MANOR X01#0",2026-10-10 12:24:06.234248+00:00,2026-10-10 12:24:06.234248+00:00,0.0
-25.8363948,28.2005926,LYTTELTON MANOR X03,LANGEBRINK AVENUE,TSH,79900057,https://powerfailure.tshwane.gov.za/Tshwanesms/Map.aspx,"-25.8364,28.2006|LYTTELTON MANOR X03#0",2026-10-09 19:30:15.533813+00:00,2026-10-10 12:24:06.234248+00:00,16.9
-25.8461231,28.2030513,LYTTELTON MANOR X03,AMETHUST AVENUE,TSH,79900057,https://powerfailure.tshwane.gov.za/Tshwanesms/Map.aspx,"-25.8461,28.2031|LYTTELTON MANOR X03#0",2026-09-23 15:54:26.696532+00:00,2026-10-10 12:24:06.234248+00:00,404.49
-25.6116624,28.1916224,ONDERSTEPOORT AH,PL SP-050-20-08,TSH,79900096,https://powerfailure.tshwane.gov.za/Tshwanesms/Map.aspx,"-25.6117,28.1916|ONDERSTEPOORT AH#0",2026-10-04 13:09:40.651455+00:00,2026-10-10 12:24:06.234248+00:00,143.24
-25.667107,28.3155685,KAMEELDRIFT 298-JR,PL DE-047-16E-03-01,TSH,79900087,https://powerfailure.tshwane.gov.za/Tshwanesms/Map.aspx,"-25.6671,28.3156|KAMEELDRIFT 298-JR#0",2026-10-03 08:01:40.485595+00:00,2026-10-10 12:24:06.234248+00:00,172.37
-25.7355958,28.528835,RAYTON,NOORD,TSH,79900100,https://powerfailure.tshwane.gov.za/Tshwanesms/Map.aspx,"-25.7356,28.5288|RAYTON#0",2026-10-04 18:07:06.777167+00:00,2026-10-10 12:24:06.234248+00:00,138.28
-25.738149,28.5339423,RAYTON,NAUDE,TSH,79900100,https://powerfailure.tshwane.gov.za/Tshwanesms/Map.aspx,"-25.7381,28.5339|RAYTON#0",2026-10-04 18:07:06.777167+00:00,2026-10-10 12:24:06.234248+00:00,138.28
-25.7396659,28.5355395,RAYTON,PEREL,TSH,79900100,https://powerfailure.tshwane.gov.za/Tshwanesms/Map.aspx,"-25.7397,28.5355|RAYTON#0",2026-10-04 18:07:06.777167+00:00,2026-10-10 12:24:06.234248+00:00,138.28
-25.7401372,28.5356174,RAYTON,OAKLEY,TSH,79900100,https://powerfailure.tshwane.gov.za/Tshwanesms/Map.aspx,"-25.7401,28.5356|RAYTON#0",2026-10-04 18:07:06.777167+00:00,2026-10-10 12:24:06.234248+00:00,138.28
-25.7422258,28.5356048,RAYTON,KELFKINS STREET,TSH,79900100,https://powerfailure.tshwane.gov.za/Tshwanesms/Map.aspx,"-25.7422,28.5356|RAYTON#0",2026-10-04 18:07:06.777167+00:00,2026-10-10 12:24:06.234248+00:00,138.28
-25.7427314,28.5373203,RAYTON,KELFKIN,TSH,79900100,https://powerfailure.tshwane.gov.za/Tshwanesms/Map.aspx,"-25.7427,28.5373|RAYTON#0",2026-10-04 18:07:06.777167+00:00,2026-10-10 12:24:06.234248+00:00,138.28
-25.742841,28.5341443,RAYTON,LADEMAN,TSH,79900100,https://powerfailure.tshwane.gov.za/Tshwanesms/Map.aspx,"-25.7428,28.5341|RAYTON#0",2026-10-04 18:07:06.777167+00:00,2026-10-10 12:24:06.234248+00:00,138.28
-25.7409728,28.5384515,RAYTON,OAKLEY,TSH,79900100,https://powerfailure.tshwane.gov.za/Tshwanesms/Map.aspx,"-25.7410,28.5385|RAYTON#0",2026-10-04 18:07:06.777167+00:00,2026-10-10 12:24:06.234248+00:00,138.28
-25.7404658,28.5260931,RAYTON,COETZEE,TSH,79900100,https://powerfailure.tshwane.gov.za/Tshwanesms/Map.aspx,"-25.7405,28.5261|RAYTON#0",2026-10-04 18:07:06.777167+00:00,2026-10-10 12:24:06.234248+00:00,138.28
-25.7405979,28.5265405,RAYTON,COETZEE,TSH,79900100,https://powerfailure.tshwane.gov.za/Tshwanesms/Map.aspx,"-25.7406,28.5265|RAYTON#0",2026-10-05 15:56:27.539408+00:00,2026-10-10 12:24:06.234248+00:00,116.46
-25.7404115,28.5384227,RAYTON,PEREL,TSH,79900100,https://powerfailure.tshwane.gov.za/Tshwanesms/Map.aspx,"-25.7404,28.5384|RAYTON#0",2026-10-04 18:07:06.777167+00:00,2026-10-10 12:24:06.234248+00:00,138.28
-25.7436428,28.5306834,RAYTON,SUID,TSH,79900100,https://powerfailure.tshwane.gov.za/Tshwanesms/Map.aspx,"-25.7436,28.5307|RAYTON#0",2026-10-05 15:56:27.539408+00:00,2026-10-10 12:24:06.234248+00:00,116.46
-25.7356799,28.5365644,RAYTON X01,STASIE,TSH,79900100,https://powerfailure.tshwane.gov.za/Tshwanesms/Map.aspx,"-25.7357,28.5366|RAYTON X01#0",2026-10-04 18:07:06.777167+00:00,2026-10-10 12:24:06.234248+00:00,138.28
-25.737077,28.5371338,RAYTON X01,PENNY,TSH,79900100,https://powerfailure.tshwane.gov.za/Tshwanesms/Map.aspx,"-25.7371,28.5371|RAYTON X01#0",2026-10-04 18:07:06.777167+00:00,2026-10-10 12:24:06.234248+00:00,138.28
-25.7396176,28.5322887,RAYTON,PREMIER,TSH,79900100,https://powerfailure.tshwane.gov.za/Tshwanesms/Map.aspx,"-25.7396,28.5323|RAYTON#0",2026-10-04 18:07:06.777167+00:00,2026-10-10 12:24:06.234248+00:00,138.28
-25.7355746,28.5394444,RAYTON X05,VERSTER,TSH,79900100,https://powerfailure.tshwane.gov.za/Tshwanesms/Map.aspx,"-25.7356,28.5394|RAYTON X05#0",2026-10-04 18:07:06.777167+00:00,2026-10-10 12:24:06.234248+00:00,138.28
-25.7452675,28.5408309,RAYTON X13,SAVANNA STREET,TSH,79900100,https://powerfailure.tshwane.gov.za/Tshwanesms/Map.aspx,"-25.7453,28.5408|RAYTON X13#0",2026-10-04 18:07:06.777167+00:00,2026-10-10 12:24:06.234248+00:00,138.28
-25.7431801,28.5395813,RAYTON X13,BOSVELD CRESCENT,TSH,79900100,https://powerfailure.tshwane.gov.za/Tshwanesms/Map.aspx,"-25.7432,28.5396|RAYTON X13#0",2026-10-04 18:07:06.777167+00:00,2026-10-10 12:24:06.234248+00:00,138.28
-25.7431039,28.5393225,RAYTON X13,BOSVELD CRESCENT,TSH,79900100,https://powerfailure.tshwane.gov.za/Tshwanesms/Map.aspx,"-25.7431,28.5393|RAYTON X13#0",2026-10-04 18:07:06.777167+00:00,2026-10-10 12:24:06.234248+00:00,138.28
-25.7013516,28.2504223,WAVERLEY,CUNNINGHAM AVENUE,TSH,79900052,https://powerfailure.tshwane.gov.za/Tshwanesms/Map.aspx,"-25.7014,28.2504|WAVERLEY#0",2026-10-09 13:08:42.013082+00:00,2026-10-10 12:24:06.234248+00:00,23.26
-25.8256731,28.2738097,WINGATE PARK,SELBY STREET,TSH,79900047,https://powerfailure.tshwane.gov.za/Tshwanesms/Map.aspx,"-25.8257,28.2738|WINGATE PARK#0",2026-10-04 18:07:06.777167+00:00,2026-10-10 12:24:06.234248+00:00,138.28
-25.8251989,28.2724449,WINGATE PARK,KENDREW STREET,TSH,79900047,https://powerfailure.tshwane.gov.za/Tshwanesms/Map.aspx,"-25.8252,28.2724|WINGATE PARK#0",2026-09-23 15:54:26.696532+00:00,2026-10-10 12:24:06.234248+00:00,404.49
-25.8529182,28.1451085,WIERDAPARK,MEYER STREET,TSH,79900070,https://powerfailure.tshwane.gov.za/Tshwanesms/Map.aspx,"-25.8529,28.1451|WIERDAPARK#0",2026-10-10 12:24:06.234248+00:00,2026-10-10 12:24:06.234248+00:00,0.0
-25.8548804,28.1452379,WIERDAPARK,SPRINGBOK STREET,TSH,79900070,https://powerfailure.tshwane.gov.za/Tshwanesms/Map.aspx,"-25.8549,28.1452|WIERDAPARK#0",2026-09-23 15:54:26.696532+00:00,2026-10-10 12:24:06.234248+00:00,404.49
-25.852003,28.1481117,WIERDAPARK,RUIMTE ROAD,TSH,79900070,https://powerfailure.tshwane.gov.za/Tshwanesms/Map.aspx,"-25.8520,28.1481|WIERDAPARK#0",2026-10-10 12:24:06.234248+00:00,2026-10-10 12:24:06.234248+00:00,0.0
-25.8547361,28.1498783,WIERDAPARK,KOEDOE STREET,TSH,79900070,https://powerfailure.tshwane.gov.za/Tshwanesms/Map.aspx,"-25.8547,28.1499|WIERDAPARK#0",2026-10-10 12:24:06.234248+00:00,2026-10-10 12:24:06.234248+00:00,0.0
-25.8554587,28.1489084,WIERDAPARK,KOEDOE STREET,TSH,79900070,https://powerfailure.tshwane.gov.za/Tshwanesms/Map.aspx,"-25.8555,28.1489|WIERDAPARK#0",2026-10-10 12:24:06.234248+00:00,2026-10-10 12:24:06.234248+00:00,0.0
-25.8570081,28.1488052,WIERDAPARK,FRIEDERICHE STREET,TSH,79900070,https://powerfailure.tshwane.gov.za/Tshwanesms/Map.aspx,"-25.8570,28.1488|WIERDAPARK#0",2026-10-10 12:24:06.234248+00:00,2026-10-10 12:24:06.234248+00:00,0.0
-25.85989,28.1499063,WIERDAPARK,WILLEM BOTHA STREET,TSH,79900070,https://powerfailure.tshwane.gov.za/Tshwanesms/Map.aspx,"-25.8599,28.1499|WIERDAPARK#0",2026-10-10 12:24:06.234248+00:00,2026-10-10 12:24:06.234248+00:00,0.0
-25.8595204,28.144692,WIERDAPARK,ELAND STREET,TSH,79900070,https://powerfailure.tshwane.gov.za/Tshwanesms/Map.aspx,"-25.8595,28.1447|WIERDAPARK#0",2026-10-10 12:24:06.234248+00:00,2026-10-10 12:24:06.234248+00:00,0.0
-25.8605456,28.1482137,WIERDAPARK,WILLEM BOTHA STREET,TSH,79900070,https://powerfailure.tshwane.gov.za/Tshwanesms/Map.aspx,"-25.8605,28.1482|WIERDAPARK#0",2026-10-10 12:24:06.234248+00:00,2026-10-10 12:24:06.234248+00:00,0.0
-25.8624768,28.1505897,WIERDAPARK,SUSAN STREET,TSH,79900070,https://powerfailure.tshwane.gov.za/Tshwanesms/Map.aspx,"-25.8625,28.1506|WIERDAPARK#0",2026-10-10 12:24:06.234248+00:00,2026-10-10 12:24:06.234248+00:00,0.0
-25.8554084,28.136801,WIERDAPARK,OCKERT STREET,TSH,79900070,https://powerfailure.tshwane.gov.za/Tshwanesms/Map.aspx,"-25.8554,28.1368|WIERDAPARK#0",2026-10-10 12:24:06.234248+00:00,2026-10-10 12:24:06.234248+00:00,0.0
-25.8561542,28.1395991,WIERDAPARK,ELIZABETH STREET,TSH,79900070,https://powerfailure.tshwane.gov.za/Tshwanesms/Map.aspx,"-25.8562,28.1396|WIERDAPARK#0",2026-10-10 12:24:06.234248+00:00,2026-10-10 12:24:06.234248+00:00,0.0
-25.8570059,28.1394324,WIERDAPARK,RUIMTE ROAD,TSH,79900070,https://powerfailure.tshwane.gov.za/Tshwanesms/Map.aspx,"-25.8570,28.1394|WIERDAPARK#0",2026-10-10 12:24:06.234248+00:00,2026-10-10 12:24:06.234248+00:00,0.0
-25.8588924,28.1392417,WIERDAPARK,THEUNS VAN NIEKERK STREET,TSH,79900070,https://powerfailure.tshwane.gov.za/Tshwanesms/Map.aspx,"-25.8589,28.1392|WIERDAPARK#0",2026-10-10 12:24:06.234248+00:00,2026-10-10 12:24:06.234248+00:00,0.0
-25.858906,28.142058,WIERDAPARK,KOEDOE STREET,TSH,79900070,https://powerfailure.tshwane.gov.za/Tshwanesms/Map.aspx,"-25.8589,28.1421|WIERDAPARK#0",2026-10-10 12:24:06.234248+00:00,2026-10-10 12:24:06.234248+00:00,0.0
-25.8612868,28.1433092,WIERDAPARK,GEMSBOK STREET,TSH,79900070,https://powerfailure.tshwane.gov.za/Tshwanesms/Map.aspx,"-25.8613,28.1433|WIERDAPARK#0",2026-10-10 12:24:06.234248+00:00,2026-10-10 12:24:06.234248+00:00,0.0
-25.8624889,28.1436281,WIERDAPARK,THEUNS VAN NIEKERK STREET,TSH,79900070,https://powerfailure.tshwane.gov.za/Tshwanesms/Map.aspx,"-25.8625,28.1436|WIERDAPARK#0",2026-10-10 12:24:06.234248+00:00,2026-10-10 12:24:06.234248+00:00,0.0
-25.8658892,28.1500033,WIERDAPARK,THEUNS VAN NIEKERK STREET,TSH,79900070,https://powerfailure.tshwane.gov.za/Tshwanesms/Map.aspx,"-25.8659,28.1500|WIERDAPARK#0",2026-10-10 12:24:06.234248+00:00,2026-10-10 12:24:06.234248+00:00,0.0
-25.866163,28.1397944,WIERDAPARK,BADENHORST STREET,TSH,79900070,https://powerfailure.tshwane.gov.za/Tshwanesms/Map.aspx,"-25.8662,28.1398|WIERDAPARK#0",2026-10-10 12:24:06.234248+00:00,2026-10-10 12:24:06.234248+00:00,0.0
-25.8633743,28.1434223,WIERDAPARK,THEUNS VAN NIEKERK STREET,TSH,79900070,https://powerfailure.tshwane.gov.za/Tshwanesms/Map.aspx,"-25.8634,28.1434|WIERDAPARK#0",2026-10-10 12:24:06.234248+00:00,2026-10-10 12:24:06.234248+00:00,0.0
-25.866747,28.1427612,WIERDAPARK,LEVITON STREET,TSH,79900070,https://powerfailure.tshwane.gov.za/Tshwanesms/Map.aspx,"-25.8667,28.1428|WIERDAPARK#0",2026-10-10 12:24:06.234248+00:00,2026-10-10 12:24:06.234248+00:00,0.0
-25.8659302,28.1439465,WIERDAPARK,THEUNISSEN STREET,TSH,79900070,https://powerfailure.tshwane.gov.za/Tshwanesms/Map.aspx,"-25.8659,28.1439|WIERDAPARK#0",2026-10-10 12:24:06.234248+00:00,2026-10-10 12:24:06.234248+00:00,0.0
-25.8662286,28.1472571,WIERDAPARK,WILHELMINA STREET,TSH,79900070,https://powerfailure.tshwane.gov.za/Tshwanesms/Map.aspx,"-25.8662,28.1473|WIERDAPARK#0",2026-10-10 12:24:06.234248+00:00,2026-10-10 12:24:06.234248+00:00,0.0
-25.852254,28.1390914,WIERDAPARK X01,THEO STREET,TSH,79900070,https://powerfailure.tshwane.gov.za/Tshwanesms/Map.aspx,"-25.8523,28.1391|WIERDAPARK X01#0",2026-10-10 12:24:06.234248+00:00,2026-10-10 12:24:06.234248+00:00,0.0
-25.8470663,28.1367615,WIERDAPARK X01,FLAMINGO ROAD,TSH,79900070,https://powerfailure.tshwane.gov.za/Tshwanesms/Map.aspx,"-25.8471,28.1368|WIERDAPARK X01#0",2026-10-10 12:24:06.234248+00:00,2026-10-10 12:24:06.234248+00:00,0.0
-25.8449573,28.1397298,WIERDAPARK X01,GANNET CRESCENT,TSH,79900070,https://powerfailure.tshwane.gov.za/Tshwanesms/Map.aspx,"-25.8450,28.1397|WIERDAPARK X01#0",2026-10-10 12:24:06.234248+00:00,2026-10-10 12:24:06.234248+00:00,0.0
-25.8470866,28.1381105,WIERDAPARK X01,FLAMINGO ROAD,TSH,79900070,https://powerfailure.tshwane.gov.za/Tshwanesms/Map.aspx,"-25.8471,28.1381|WIERDAPARK X01#0",2026-10-10 12:24:06.234248+00:00,2026-10-10 12:24:06.234248+00:00,0.0
-25.8483631,28.137979,WIERDAPARK X01,CORMORANT CRESCENT,TSH,79900070,https://powerfailure.tshwane.gov.za/Tshwanesms/Map.aspx,"-25.8484,28.1380|WIERDAPARK X01#0",2026-10-10 12:24:06.234248+00:00,2026-10-10 12:24:06.234248+00:00,0.0
-25.8445994,28.1411732,WIERDAPARK X01,PENGUIN CRESCENT,TSH,79900070,https://powerfailure.tshwane.gov.za/Tshwanesms/Map.aspx,"-25.8446,28.1412|WIERDAPARK X01#0",2026-10-10 12:24:06.234248+00:00,2026-10-10 12:24:06.234248+00:00,0.0
-25.8446256,28.1418009,WIERDAPARK X01,PENQUIN CRESCENT,TSH,79900070,https://powerfailure.tshwane.gov.za/Tshwanesms/Map.aspx,"-25.8446,28.1418|WIERDAPARK X01#0",2026-10-10 12:24:06.234248+00:00,2026-10-10 12:24:06.234248+00:00,0.0
-25.8442903,28.1459737,WIERDAPARK X01,PENQUIN CRESCENT,TSH,79900070,https://powerfailure.tshwane.gov.za/Tshwanesms/Map.aspx,"-25.8443,28.1460|WIERDAPARK X01#0",2026-10-10 12:24:06.234248+00:00,2026-10-10 12:24:06.234248+00:00,0.0
-25.5377251,28.1556243,HONINGNESTKRANS 269-JR,PL HK-92-17N-28W-5N,TSH,79900096,https://powerfailure.tshwane.gov.za/Tshwanesms/Map.aspx,"-25.5377,28.1556|HONINGNESTKRANS 269-JR#0",2026-09-29 20:42:53.961596+00:00,2026-10-10 12:24:06.234248+00:00,255.69
-25.8431559,28.3248543,MOOIKLOOF RIDGE X10,AUGRABIES STREET,TSH,79900091,https://powerfailure.tshwane.gov.za/Tshwanesms/Map.aspx,"-25.8432,28.3249|MOOIKLOOF RIDGE X10#0",2026-10-10 12:24:06.234248+00:00,2026-10-10 12:24:06.234248+00:00,0.0
-25.6686036,28.5181772,CULLINAN,PARK ROAD,TSH,79900100,https://powerfailure.tshwane.gov.za/Tshwanesms/Map.aspx,"-25.6686,28.5182|CULLINAN#0",2026-10-04 06:47:51.169722+00:00,2026-10-10 12:24:06.234248+00:00,149.6
-25.6687782,28.531878,CULLINAN,3RD STREET,TSH,79900100,https://powerfailure.tshwane.gov.za/Tshwanesms/Map.aspx,"-25.6688,28.5319|CULLINAN#0",2026-10-03 21:09:40.415928+00:00,2026-10-10 12:24:06.234248+00:00,159.24
-25.903804,28.6674467,SUMMER PLACE,HAMERKOP STREET,TSH,79900105,https://powerfailure.tshwane.gov.za/Tshwanesms/Map.aspx,"-25.9038,28.6674|SUMMER PLACE#0",2026-09-30 06:38:52.006832+00:00,2026-10-10 12:24:06.234248+00:00,245.75
-25.9023157,28.6650268,SUMMER PLACE,SUMMER PLACE,TSH,79900105,https://powerfailure.tshwane.gov.za/Tshwanesms/Map.aspx,"-25.9023,28.6650|SUMMER PLACE#0",2026-09-30 13:37:49.273392+00:00,2026-10-10 12:24:06.234248+00:00,238.77
-25.5721933,28.0956338,SOSHANGUVE EAST X04,STAND,TSH,79900036,https://powerfailure.tshwane.gov.za/Tshwanesms/Map.aspx,"-25.5722,28.0956|SOSHANGUVE EAST X04#0",2026-10-06 17:09:53.951304+00:00,2026-10-10 12:24:06.234248+00:00,91.24
-25.5843457,28.0795594,SOSHANGUVE SOUTH X04,STAND 5864,TSH,79900089,https://powerfailure.tshwane.gov.za/Tshwanesms/Map.aspx,"-25.5843,28.0796|SOSHANGUVE SOUTH X04#0",2026-10-05 15:56:27.539408+00:00,2026-10-10 12:24:06.234248+00:00,116.46
-25.7781968,28.2167804,GROENKLOOF,HERBERT BAKER STREET,TSH,79900059,https://powerfailure.tshwane.gov.za/Tshwanesms/Map.aspx,"-25.7782,28.2168|GROENKLOOF#0",2026-09-23 15:54:26.696532+00:00,2026-10-10 12:24:06.234248+00:00,404.49
-25.7772044,28.2128419,GROENKLOOF,HERBERT BAKER STREET,TSH,79900059,https://powerfailure.tshwane.gov.za/Tshwanesms/Map.aspx,"-25.7772,28.2128|GROENKLOOF#0",2026-09-23 15:54:26.696532+00:00,2026-10-10 12:24:06.234248+00:00,404.49
-25.7751521,28.2113759,GROENKLOOF,HERBERT BAKER STREET,TSH,79900059,https://powerfailure.tshwane.gov.za/Tshwanesms/Map.aspx,"-25.7752,28.2114|GROENKLOOF#0",2026-09-23 15:54:26.696532+00:00,2026-10-10 12:24:06.234248+00:00,404.49
-25.7727461,28.211389,GROENKLOOF,WENNING STREET,TSH,79900059,https://powerfailure.tshwane.gov.za/Tshwanesms/Map.aspx,"-25.7727,28.2114|GROENKLOOF#0",2026-09-23 15:54:26.696532+00:00,2026-10-10 12:24:06.234248+00:00,404.49
-25.7727461,28.211389,GROENKLOOF,WENNING STREET,TSH,79900059,https://powerfailure.tshwane.gov.za/Tshwanesms/Map.aspx,"-25.7727,28.2114|GROENKLOOF#1",2026-09-23 15:54:26.696532+00:00,2026-10-10 12:24:06.234248+00:00,404.49
-25.7725849,28.2126928,GROENKLOOF,FRANS OERDER STREET,TSH,79900059,https://powerfailure.tshwane.gov.za/Tshwanesms/Map.aspx,"-25.7726,28.2127|GROENKLOOF#0",2026-09-23 15:54:26.696532+00:00,2026-10-10 12:24:06.234248+00:00,404.49
-25.7729898,28.2130379,GROENKLOOF,FRANS OERDER STREET,TSH,79900059,https://powerfailure.tshwane.gov.za/Tshwanesms/Map.aspx,"-25.7730,28.2130|GROENKLOOF#0",2026-09-23 15:54:26.696532+00:00,2026-10-10 12:24:06.234248+00:00,404.49
-25.773416,28.2133883,GROENKLOOF,FRANS OERDER STREET,TSH,79900059,https://powerfailure.tshwane.gov.za/Tshwanesms/Map.aspx,"-25.7734,28.2134|GROENKLOOF#0",2026-09-23 15:54:26.696532+00:00,2026-10-10 12:24:06.234248+00:00,404.49
-25.7743637,28.2143629,GROENKLOOF,WENNING STREET,TSH,79900059,https://powerfailure.tshwane.gov.za/Tshwanesms/Map.aspx,"-25.7744,28.2144|GROENKLOOF#0",2026-09-23 15:54:26.696532+00:00,2026-10-10 12:24:06.234248+00:00,404.49
-25.6658732,28.021343,WILDEBEESTHOEK 309-JR,PL BVS-211-01S (STAND 6),TSH,79900031,https://powerfailure.tshwane.gov.za/Tshwanesms/Map.aspx,"-25.6659,28.0213|WILDEBEESTHOEK 309-JR#0",2026-10-05 15:56:27.539408+00:00,2026-10-10 12:24:06.234248+00:00,116.46
-25.7585975,28.2540618,HARTEBEESTPOORT 362-JR,KING'S HIGHWAY,TSH,79900082,https://powerfailure.tshwane.gov.za/Tshwanesms/Map.aspx,"-25.7586,28.2541|HARTEBEESTPOORT 362-JR#0",2026-10-01 18:51:09.084613+00:00,2026-10-10 12:24:06.234248+00:00,209.55
-25.8483629,28.171237,HENNOPSPARK,BLACKWOOD ROAD,TSH,79900066,https://powerfailure.tshwane.gov.za/Tshwanesms/Map.aspx,"-25.8484,28.1712|HENNOPSPARK#0",2026-10-10 12:24:06.234248+00:00,2026-10-10 12:24:06.234248+00:00,0.0
-25.8492343,28.1727145,HENNOPSPARK,MAROELA ROAD,TSH,79900066,https://powerfailure.tshwane.gov.za/Tshwanesms/Map.aspx,"-25.8492,28.1727|HENNOPSPARK#0",2026-10-10 12:24:06.234248+00:00,2026-10-10 12:24:06.234248+00:00,0.0
-25.8546372,28.1722533,HENNOPSPARK X02,WINTERWOOD,TSH,79900066,https://powerfailure.tshwane.gov.za/Tshwanesms/Map.aspx,"-25.8546,28.1723|HENNOPSPARK X02#0",2026-10-10 12:24:06.234248+00:00,2026-10-10 12:24:06.234248+00:00,0.0
-25.8466311,28.1710911,HENNOPSPARK X39,WITSTINKHOUT ROAD,TSH,79900066,https://powerfailure.tshwane.gov.za/Tshwanesms/Map.aspx,"-25.8466,28.1711|HENNOPSPARK X39#0",2026-10-10 12:24:06.234248+00:00,2026-10-10 12:24:06.234248+00:00,0.0
-25.7474962,28.3161344,LA MONTAGNE,JOAN AVENUE,TSH,79900041,https://powerfailure.tshwane.gov.za/Tshwanesms/Map.aspx,"-25.7475,28.3161|LA MONTAGNE#0",2026-10-09 19:30:15.533813+00:00,2026-10-10 12:24:06.234248+00:00,16.9
-25.7572649,28.2656388,LYNNWOOD,KING'S HIGHWAY,TSH,79900082,https://powerfailure.tshwane.gov.za/Tshwanesms/Map.aspx,"-25.7573,28.2656|LYNNWOOD#0",2026-10-08 17:51:27.458247+00:00,2026-10-10 12:24:06.234248+00:00,42.54
-25.7620132,28.2629427,LYNNWOOD,ELIZABETH GROVE ELIZABETH GROVE,TSH,79900082,https://powerfailure.tshwane.gov.za/Tshwanesms/Map.aspx,"-25.7620,28.2629|LYNNWOOD#0",2026-10-07 23:02:05.111773+00:00,2026-10-10 12:24:06.234248+00:00,61.37
-25.7591117,28.27182,LYNNWOOD,DEREKS LANE,TSH,79900082,https://powerfailure.tshwane.gov.za/Tshwanesms/Map.aspx,"-25.7591,28.2718|LYNNWOOD#0",2026-09-23 15:54:26.696532+00:00,2026-10-10 12:24:06.234248+00:00,404.49
-25.8268223,28.3028125,MORELETAPARK X63,CORKWOOD CLOSE,TSH,79900045,https://powerfailure.tshwane.gov.za/Tshwanesms/Map.aspx,"-25.8268,28.3028|MORELETAPARK X63#0",2026-09-29 08:23:13.536342+00:00,2026-10-10 12:24:06.234248+00:00,268.01
-25.8252402,28.302561,MORELETAPARK X63,ROSEWOOD CLOSE,TSH,79900045,https://powerfailure.tshwane.gov.za/Tshwanesms/Map.aspx,"-25.8252,28.3026|MORELETAPARK X63#0",2026-09-29 08:23:13.536342+00:00,2026-10-10 12:24:06.234248+00:00,268.01
-25.8239275,28.3043961,MORELETAPARK X63,CORALWOOD CLOSE,TSH,79900045,https://powerfailure.tshwane.gov.za/Tshwanesms/Map.aspx,"-25.8239,28.3044|MORELETAPARK X63#0",2026-09-29 08:23:13.536342+00:00,2026-10-10 12:24:06.234248+00:00,268.01
-25.8242294,28.3072156,MORELETAPARK X63,ROCKWOOD CRESCENT,TSH,79900045,https://powerfailure.tshwane.gov.za/Tshwanesms/Map.aspx,"-25.8242,28.3072|MORELETAPARK X63#0",2026-09-29 08:23:13.536342+00:00,2026-10-10 12:24:06.234248+00:00,268.01
-25.8436984,28.2961682,MORELETAPARK X51,MALAMALA CRESCENT,TSH,79900091,https://powerfailure.tshwane.gov.za/Tshwanesms/Map.aspx,"-25.8437,28.2962|MORELETAPARK X51#0",2026-09-29 08:23:13.536342+00:00,2026-10-10 12:24:06.234248+00:00,268.01
-25.8408915,28.3039179,MORELETAPARK X47,CAMILLA,TSH,79900091,https://powerfailure.tshwane.gov.za/Tshwanesms/Map.aspx,"-25.8409,28.3039|MORELETAPARK X47#0",2026-09-29 20:42:53.961596+00:00,2026-10-10 12:24:06.234248+00:00,255.69
-25.7684105,28.2329242,MUCKLENEUK,NICOLSON STREET,TSH,79900056,https://powerfailure.tshwane.gov.za/Tshwanesms/Map.aspx,"-25.7684,28.2329|MUCKLENEUK#0",2026-10-07 23:02:05.111773+00:00,2026-10-10 12:24:06.234248+00:00,61.37
-25.6608373,28.1717797,PRETORIA NORTH,BURGER STREET,TSH,79900002,https://powerfailure.tshwane.gov.za/Tshwanesms/Map.aspx,"-25.6608,28.1718|PRETORIA NORTH#0",2026-10-04 06:47:51.169722+00:00,2026-10-10 12:24:06.234248+00:00,149.6
-25.6613986,28.1726106,PRETORIA NORTH,BURGER STREET,TSH,79900002,https://powerfailure.tshwane.gov.za/Tshwanesms/Map.aspx,"-25.6614,28.1726|PRETORIA NORTH#0",2026-10-04 06:47:51.169722+00:00,2026-10-10 12:24:06.234248+00:00,149.6
-25.6619983,28.1694114,PRETORIA NORTH,JACK HINDON STREET,TSH,79900002,https://powerfailure.tshwane.gov.za/Tshwanesms/Map.aspx,"-25.6620,28.1694|PRETORIA NORTH#0",2026-10-04 06:47:51.169722+00:00,2026-10-10 12:24:06.234248+00:00,149.6
-25.6633284,28.1773304,PRETORIA NORTH,WONDERBOOM STREET,TSH,79900002,https://powerfailure.tshwane.gov.za/Tshwanesms/Map.aspx,"-25.6633,28.1773|PRETORIA NORTH#0",2026-10-04 06:47:51.169722+00:00,2026-10-10 12:24:06.234248+00:00,149.6
-25.6639693,28.1791924,PRETORIA NORTH,WONDERBOOM STREET,TSH,79900002,https://powerfailure.tshwane.gov.za/Tshwanesms/Map.aspx,"-25.6640,28.1792|PRETORIA NORTH#0",2026-10-04 06:47:51.169722+00:00,2026-10-10 12:24:06.234248+00:00,149.6
-25.6652771,28.1754109,PRETORIA NORTH,BEN VILJOEN STREET,TSH,79900002,https://powerfailure.tshwane.gov.za/Tshwanesms/Map.aspx,"-25.6653,28.1754|PRETORIA NORTH#0",2026-10-04 06:47:51.169722+00:00,2026-10-10 12:24:06.234248+00:00,149.6
-25.6679957,28.1783148,PRETORIA NORTH,GENL BEYERS STREET,TSH,79900002,https://powerfailure.tshwane.gov.za/Tshwanesms/Map.aspx,"-25.6680,28.1783|PRETORIA NORTH#0",2026-10-04 06:47:51.169722+00:00,2026-10-10 12:24:06.234248+00:00,149.6
-25.6701805,28.1693469,PRETORIA NORTH,EEUFEES STREET,TSH,79900002,https://powerfailure.tshwane.gov.za/Tshwanesms/Map.aspx,"-25.6702,28.1693|PRETORIA NORTH#0",2026-10-04 06:47:51.169722+00:00,2026-10-10 12:24:06.234248+00:00,149.6
-25.6708672,28.1787513,PRETORIA NORTH,JAN VAN RIEBEECK STREET,TSH,79900002,https://powerfailure.tshwane.gov.za/Tshwanesms/Map.aspx,"-25.6709,28.1788|PRETORIA NORTH#0",2026-10-04 13:09:40.651455+00:00,2026-10-10 12:24:06.234248+00:00,143.24
-25.6717814,28.1660855,PRETORIA NORTH,WEST STREET,TSH,79900002,https://powerfailure.tshwane.gov.za/Tshwanesms/Map.aspx,"-25.6718,28.1661|PRETORIA NORTH#0",2026-10-04 06:47:51.169722+00:00,2026-10-10 12:24:06.234248+00:00,149.6
-25.6726889,28.1738699,PRETORIA NORTH,BEN VILJOEN STREET,TSH,79900002,https://powerfailure.tshwane.gov.za/Tshwanesms/Map.aspx,"-25.6727,28.1739|PRETORIA NORTH#0",2026-10-04 06:47:51.169722+00:00,2026-10-10 12:24:06.234248+00:00,149.6
-25.6727446,28.1692667,PRETORIA NORTH,EEUFEES STREET,TSH,79900002,https://powerfailure.tshwane.gov.za/Tshwanesms/Map.aspx,"-25.6727,28.1693|PRETORIA NORTH#0",2026-10-04 06:47:51.169722+00:00,2026-10-10 12:24:06.234248+00:00,149.6
-25.6728879,28.16756,PRETORIA NORTH,JACK HINDON STREET,TSH,79900002,https://powerfailure.tshwane.gov.za/Tshwanesms/Map.aspx,"-25.6729,28.1676|PRETORIA NORTH#0",2026-10-04 06:47:51.169722+00:00,2026-10-10 12:24:06.234248+00:00,149.6
-25.6790638,28.1789024,PRETORIA NORTH,JAN VAN RIEBEECK STREET,TSH,79900002,https://powerfailure.tshwane.gov.za/Tshwanesms/Map.aspx,"-25.6791,28.1789|PRETORIA NORTH#0",2026-10-04 06:47:51.169722+00:00,2026-10-10 12:24:06.234248+00:00,149.6
-25.6789356,28.1717043,PRETORIA NORTH,EMILY HOBHOUSE AVENUE,TSH,79900002,https://powerfailure.tshwane.gov.za/Tshwanesms/Map.aspx,"-25.6789,28.1717|PRETORIA NORTH#0",2026-10-02 12:24:50.491552+00:00,2026-10-10 12:24:06.234248+00:00,191.99
-25.6789356,28.1717043,PRETORIA NORTH,EMILY HOBHOUSE AVENUE,TSH,79900002,https://powerfailure.tshwane.gov.za/Tshwanesms/Map.aspx,"-25.6789,28.1717|PRETORIA NORTH#1",2026-10-04 06:47:51.169722+00:00,2026-10-10 12:24:06.234248+00:00,149.6
-25.6795997,28.1748274,PRETORIA NORTH,DANIE THERON STREET,TSH,79900002,https://powerfailure.tshwane.gov.za/Tshwanesms/Map.aspx,"-25.6796,28.1748|PRETORIA NORTH#0",2026-10-02 12:24:50.491552+00:00,2026-10-10 12:24:06.234248+00:00,191.99
-25.6800071,28.1655253,PRETORIA NORTH,BRITS ROAD,TSH,79900002,https://powerfailure.tshwane.gov.za/Tshwanesms/Map.aspx,"-25.6800,28.1655|PRETORIA NORTH#0",2026-10-02 12:24:50.491552+00:00,2026-10-10 12:24:06.234248+00:00,191.99
-25.6806433,28.1742153,PRETORIA NORTH,BRITS ROAD,TSH,79900002,https://powerfailure.tshwane.gov.za/Tshwanesms/Map.aspx,"-25.6806,28.1742|PRETORIA NORTH#0",2026-10-02 18:22:22.786014+00:00,2026-10-10 12:24:06.234248+00:00,186.03
-25.6820508,28.1786364,PRETORIA NORTH,JAN VAN RIEBEECK STREET,TSH,79900002,https://powerfailure.tshwane.gov.za/Tshwanesms/Map.aspx,"-25.6821,28.1786|PRETORIA NORTH#0",2026-10-04 00:33:07.418287+00:00,2026-10-10 12:24:06.234248+00:00,155.85
-25.6838323,28.178992,PRETORIA NORTH,SUIDER STREET,TSH,79900002,https://powerfailure.tshwane.gov.za/Tshwanesms/Map.aspx,"-25.6838,28.1790|PRETORIA NORTH#0",2026-10-04 00:33:07.418287+00:00,2026-10-10 12:24:06.234248+00:00,155.85
-25.6837952,28.1743067,PRETORIA NORTH,DANIE THERON STREET,TSH,79900002,https://powerfailure.tshwane.gov.za/Tshwanesms/Map.aspx,"-25.6838,28.1743|PRETORIA NORTH#0",2026-10-04 06:47:51.169722+00:00,2026-10-10 12:24:06.234248+00:00,149.6
-25.6857835,28.178304,PRETORIA NORTH,JAN VAN RIEBEECK STREET,TSH,79900002,https://powerfailure.tshwane.gov.za/Tshwanesms/Map.aspx,"-25.6858,28.1783|PRETORIA NORTH#0",2026-09-25 10:58:56.127220+00:00,2026-10-10 12:24:06.234248+00:00,361.42
-25.6801734,28.1758303,PRETORIA NORTH,BRITS ROAD,TSH,79900002,https://powerfailure.tshwane.gov.za/Tshwanesms/Map.aspx,"-25.6802,28.1758|PRETORIA NORTH#0",2026-10-02 12:24:50.491552+00:00,2026-10-10 12:24:06.234248+00:00,191.99
-25.6820711,28.1775259,PRETORIA NORTH,JAN VAN RIEBEECK STREET,TSH,79900002,https://powerfailure.tshwane.gov.za/Tshwanesms/Map.aspx,"-25.6821,28.1775|PRETORIA NORTH#0",2026-10-04 06:47:51.169722+00:00,2026-10-10 12:24:06.234248+00:00,149.6
-25.7091495,28.2276686,VILLIERIA,24TH AVENUE,TSH,79900053,https://powerfailure.tshwane.gov.za/Tshwanesms/Map.aspx,"-25.7091,28.2277|VILLIERIA#0",2026-10-09 19:30:15.533813+00:00,2026-10-10 12:24:06.234248+00:00,16.9
-25.7163792,28.2321572,VILLIERIA,27TH AVENUE,TSH,79900052,https://powerfailure.tshwane.gov.za/Tshwanesms/Map.aspx,"-25.7164,28.2322|VILLIERIA#0",2026-10-10 05:43:32.746880+00:00,2026-10-10 12:24:06.234248+00:00,6.68
-25.7172124,28.2321654,VILLIERIA,27TH AVENUE,TSH,79900052,https://powerfailure.tshwane.gov.za/Tshwanesms/Map.aspx,"-25.7172,28.2322|VILLIERIA#0",2026-10-10 12:24:06.234248+00:00,2026-10-10 12:24:06.234248+00:00,0.0
-25.719961,28.3268985,WALTLOO,ZASM STREET,TSH,79900041,https://powerfailure.tshwane.gov.za/Tshwanesms/Map.aspx,"-25.7200,28.3269|WALTLOO#0",2026-09-29 20:42:53.961596+00:00,2026-10-10 12:24:06.234248+00:00,255.69
-25.7294417,28.3233141,WALTLOO X01,FLAP STREET,TSH,79900041,https://powerfailure.tshwane.gov.za/Tshwanesms/Map.aspx,"-25.7294,28.3233|WALTLOO X01#0",2026-10-10 12:24:06.234248+00:00,2026-10-10 12:24:06.234248+00:00,0.0
-25.7776433,28.3371644,WAPADRAND X01,THONG PLACE,TSH,79900085,https://powerfailure.tshwane.gov.za/Tshwanesms/Map.aspx,"-25.7776,28.3372|WAPADRAND X01#0",2026-09-29 08:23:13.536342+00:00,2026-10-10 12:24:06.234248+00:00,268.01
-25.6538793,28.0900326,THE ORCHARDS X11,SMITHERS ROAD,TSH,79900004,https://powerfailure.tshwane.gov.za/Tshwanesms/Map.aspx,"-25.6539,28.0900|THE ORCHARDS X11#0",2026-09-23 15:54:26.696532+00:00,2026-10-10 12:24:06.234248+00:00,404.49
-25.6535244,28.0899593,THE ORCHARDS X11,SMITHERS ROAD,TSH,79900004,https://powerfailure.tshwane.gov.za/Tshwanesms/Map.aspx,"-25.6535,28.0900|THE ORCHARDS X11#0",2026-10-06 22:37:35.817764+00:00,2026-10-10 12:24:06.234248+00:00,85.78
-25.6474694,28.0939905,THE ORCHARDS X11,LINDEQUE AVENUE,TSH,79900004,https://powerfailure.tshwane.gov.za/Tshwanesms/Map.aspx,"-25.6475,28.0940|THE ORCHARDS X11#0",2026-10-08 17:51:27.458247+00:00,2026-10-10 12:24:06.234248+00:00,42.54
-25.652642,28.1081544,THE ORCHARDS X17,DALMAN AVENUE,TSH,79900004,https://powerfailure.tshwane.gov.za/Tshwanesms/Map.aspx,"-25.6526,28.1082|THE ORCHARDS X17#0",2026-09-23 15:54:26.696532+00:00,2026-10-10 12:24:06.234248+00:00,404.49
-25.8074723,28.279518,CONSTANTIA PARK,ANDREW MURRAY STREET,TSH,79900083,https://powerfailure.tshwane.gov.za/Tshwanesms/Map.aspx,"-25.8075,28.2795|CONSTANTIA PARK#0",2026-10-04 18:07:06.777167+00:00,2026-10-10 12:24:06.234248+00:00,138.28
-25.8055577,28.2883583,CONSTANTIA PARK,COERT STEYNBERG STREET,TSH,79900083,https://powerfailure.tshwane.gov.za/Tshwanesms/Map.aspx,"-25.8056,28.2884|CONSTANTIA PARK#0",2026-10-04 21:21:41.422087+00:00,2026-10-10 12:24:06.234248+00:00,135.04
-25.6431356,28.1919394,DE ONDERSTEPOORT 300-JR,A21233,TSH,79900096,https://powerfailure.tshwane.gov.za/Tshwanesms/Map.aspx,"-25.6431,28.1919|DE ONDERSTEPOORT 300-JR#0",2026-10-07 23:02:05.111773+00:00,2026-10-10 12:24:06.234248+00:00,61.37
-25.6853049,28.33183,DERDEPOORT 326-JR,PL BP-130-01-15-05 (PORTION 133),TSH,79900087,https://powerfailure.tshwane.gov.za/Tshwanesms/Map.aspx,"-25.6853,28.3318|DERDEPOORT 326-JR#0",2026-10-08 10:27:19.292786+00:00,2026-10-10 12:24:06.234248+00:00,49.95
-25.6915607,28.2810963,DERDEPOORT 326-JR,HAWK STREET,TSH,79900087,https://powerfailure.tshwane.gov.za/Tshwanesms/Map.aspx,"-25.6916,28.2811|DERDEPOORT 326-JR#0",2026-10-05 15:56:27.539408+00:00,2026-10-10 12:24:06.234248+00:00,116.46
-25.6795902,28.3024805,DERDEPOORT 326-JR,PL BP-088-09N-04E,TSH,79900087,https://powerfailure.tshwane.gov.za/Tshwanesms/Map.aspx,"-25.6796,28.3025|DERDEPOORT 326-JR#0",2026-10-08 17:51:27.458247+00:00,2026-10-10 12:24:06.234248+00:00,42.54
-25.6809858,28.3244984,DERDEPOORT 326-JR,PL BP-130-01-04 (PORTION 415),TSH,79900087,https://powerfailure.tshwane.gov.za/Tshwanesms/Map.aspx,"-25.6810,28.3245|DERDEPOORT 326-JR#0",2026-10-08 02:40:40.316635+00:00,2026-10-10 12:24:06.234248+00:00,57.72
-25.8083373,28.2792064,CONSTANTIA PARK,ANDREW MURRAY STREET,TSH,79900083,https://powerfailure.tshwane.gov.za/Tshwanesms/Map.aspx,"-25.8083,28.2792|CONSTANTIA PARK#0",2026-10-04 18:07:06.777167+00:00,2026-10-10 12:24:06.234248+00:00,138.28
-25.8457735,28.1649893,CRANBROOKVALE,SUMMIT AVENUE,TSH,79900066,https://powerfailure.tshwane.gov.za/Tshwanesms/Map.aspx,"-25.8458,28.1650|CRANBROOKVALE#0",2026-10-10 12:24:06.234248+00:00,2026-10-10 12:24:06.234248+00:00,0.0
-25.8473401,28.1650522,CRANBROOKVALE,VALLEY ROAD,TSH,79900066,https://powerfailure.tshwane.gov.za/Tshwanesms/Map.aspx,"-25.8473,28.1651|CRANBROOKVALE#0",2026-10-10 12:24:06.234248+00:00,2026-10-10 12:24:06.234248+00:00,0.0
-25.4782845,28.0990775,SOSHANGUVE-FF,STAND 286/21,TSH,79900094,https://powerfailure.tshwane.gov.za/Tshwanesms/Map.aspx,"-25.4783,28.0991|SOSHANGUVE-FF#0",2026-09-29 20:42:53.961596+00:00,2026-10-10 12:24:06.234248+00:00,255.69
-25.6112948,28.1824697,DE ONDERSTEPOORT 300-JR,STAND 215,TSH,79900096,https://powerfailure.tshwane.gov.za/Tshwanesms/Map.aspx,"-25.6113,28.1825|DE ONDERSTEPOORT 300-JR#0",2026-10-05 15:56:27.539408+00:00,2026-10-10 12:24:06.234248+00:00,116.46
-25.6834153,28.3268264,DERDEPOORT 326-JR,PL BP-130-12-1,TSH,79900087,https://powerfailure.tshwane.gov.za/Tshwanesms/Map.aspx,"-25.6834,28.3268|DERDEPOORT 326-JR#0",2026-10-08 10:27:19.292786+00:00,2026-10-10 12:24:06.234248+00:00,49.95
-25.6950429,28.2918739,DERDEPOORT 326-JR,TALITHA KUMI STREET (STAND 305),TSH,79900087,https://powerfailure.tshwane.gov.za/Tshwanesms/Map.aspx,"-25.6950,28.2919|DERDEPOORT 326-JR#0",2026-09-23 15:54:26.696532+00:00,2026-10-10 12:24:06.234248+00:00,404.49
-25.6741535,28.3014514,DERDEPOORT 326-JR,A12413,TSH,79900087,https://powerfailure.tshwane.gov.za/Tshwanesms/Map.aspx,"-25.6742,28.3015|DERDEPOORT 326-JR#0",2026-10-08 10:27:19.292786+00:00,2026-10-10 12:24:06.234248+00:00,49.95
-25.6859965,28.2981776,DERDEPOORT 326-JR,"NTABA STREET,PORTION 333/R",TSH,79900087,https://powerfailure.tshwane.gov.za/Tshwanesms/Map.aspx,"-25.6860,28.2982|DERDEPOORT 326-JR#0",2026-10-08 10:27:19.292786+00:00,2026-10-10 12:24:06.234248+00:00,49.95
-25.6979043,28.2926546,DERDEPOORTPARK X03,DRAWWER CRESCENT,TSH,79900087,https://powerfailure.tshwane.gov.za/Tshwanesms/Map.aspx,"-25.6979,28.2927|DERDEPOORTPARK X03#0",2026-10-05 15:56:27.539408+00:00,2026-10-10 12:24:06.234248+00:00,116.46
-25.7554824,28.3191559,DIE WILGERS X09,WITOGIE STREET,TSH,79900085,https://powerfailure.tshwane.gov.za/Tshwanesms/Map.aspx,"-25.7555,28.3192|DIE WILGERS X09#0",2026-10-05 15:56:27.539408+00:00,2026-10-10 12:24:06.234248+00:00,116.46
-25.6729146,28.1590609,DORANDIA X04,ANGELICA STREET,TSH,79900098,https://powerfailure.tshwane.gov.za/Tshwanesms/Map.aspx,"-25.6729,28.1591|DORANDIA X04#0",2026-10-05 15:56:27.539408+00:00,2026-10-10 12:24:06.234248+00:00,116.46
-25.6728201,28.1577873,DORANDIA X04,ANGELICA STREET,TSH,79900098,https://powerfailure.tshwane.gov.za/Tshwanesms/Map.aspx,"-25.6728,28.1578|DORANDIA X04#0",2026-10-09 13:08:42.013082+00:00,2026-10-10 12:24:06.234248+00:00,23.26
-25.6724512,28.1542883,DORANDIA X05,DYERI AVENUE,TSH,79900098,https://powerfailure.tshwane.gov.za/Tshwanesms/Map.aspx,"-25.6725,28.1543|DORANDIA X05#0",2026-10-09 13:08:42.013082+00:00,2026-10-10 12:24:06.234248+00:00,23.26
-25.8621173,28.2005499,DORINGKLOOF,THEA AVENUE,TSH,79900078,https://powerfailure.tshwane.gov.za/Tshwanesms/Map.aspx,"-25.8621,28.2005|DORINGKLOOF#0",2026-09-23 15:54:26.696532+00:00,2026-10-10 12:24:06.234248+00:00,404.49
-25.8592212,28.2061392,DORINGKLOOF,KARIN AVENUE,TSH,79900078,https://powerfailure.tshwane.gov.za/Tshwanesms/Map.aspx,"-25.8592,28.2061|DORINGKLOOF#0",2026-09-23 15:54:26.696532+00:00,2026-10-10 12:24:06.234248+00:00,404.49
-25.4762894,28.0835352,SOSHANGUVE-NN,STAND 1218,TSH,79900011,https://powerfailure.tshwane.gov.za/Tshwanesms/Map.aspx,"-25.4763,28.0835|SOSHANGUVE-NN#0",2026-09-23 15:54:26.696532+00:00,2026-10-10 12:24:06.234248+00:00,404.49
-25.4743061,28.0849097,SOSHANGUVE-NN,STAND 1299,TSH,79900011,https://powerfailure.tshwane.gov.za/Tshwanesms/Map.aspx,"-25.4743,28.0849|SOSHANGUVE-NN#0",2026-09-23 15:54:26.696532+00:00,2026-10-10 12:24:06.234248+00:00,404.49
-25.4745657,28.0851478,SOSHANGUVE-NN,STAND 1324,TSH,79900011,https://powerfailure.tshwane.gov.za/Tshwanesms/Map.aspx,"-25.4746,28.0851|SOSHANGUVE-NN#0",2026-09-23 15:54:26.696532+00:00,2026-10-10 12:24:06.234248+00:00,404.49
-25.7162177,28.2607397,KILNER PARK X01,GRETA STREET,TSH,79900084,https://powerfailure.tshwane.gov.za/Tshwanesms/Map.aspx,"-25.7162,28.2607|KILNER PARK X01#0",2026-10-02 18:22:22.786014+00:00,2026-10-10 12:24:06.234248+00:00,186.03
-25.7944265,28.1037995,LAUDIUM,PENDANT STREET,TSH,79900061,https://powerfailure.tshwane.gov.za/Tshwanesms/Map.aspx,"-25.7944,28.1038|LAUDIUM#0",2026-10-09 19:30:15.533813+00:00,2026-10-10 12:24:06.234248+00:00,16.9
-25.7864994,28.1052859,LAUDIUM,PEARL STREET,TSH,79900061,https://powerfailure.tshwane.gov.za/Tshwanesms/Map.aspx,"-25.7865,28.1053|LAUDIUM#0",2026-10-09 19:30:15.533813+00:00,2026-10-10 12:24:06.234248+00:00,16.9
-25.7944104,28.1032546,LAUDIUM,THIRTEENTH AVENUE,TSH,79900061,https://powerfailure.tshwane.gov.za/Tshwanesms/Map.aspx,"-25.7944,28.1033|LAUDIUM#0",2026-10-09 19:30:15.533813+00:00,2026-10-10 12:24:06.234248+00:00,16.9
-25.7951782,28.1059465,LAUDIUM,FIFTH AVENUE,TSH,79900061,https://powerfailure.tshwane.gov.za/Tshwanesms/Map.aspx,"-25.7952,28.1059|LAUDIUM#0",2026-10-09 13:08:42.013082+00:00,2026-10-10 12:24:06.234248+00:00,23.26
-25.7151672,28.3908299,MAMELODI X02,INYATHI STREET,TSH,79900016,https://powerfailure.tshwane.gov.za/Tshwanesms/Map.aspx,"-25.7152,28.3908|MAMELODI X02#0",2026-09-23 15:54:26.696532+00:00,2026-10-10 12:24:06.234248+00:00,404.49
-25.7234512,28.4355932,MAMELODI X22,RAMOKAKA CRESCENT,TSH,79900010,https://powerfailure.tshwane.gov.za/Tshwanesms/Map.aspx,"-25.7235,28.4356|MAMELODI X22#0",2026-09-23 15:54:26.696532+00:00,2026-10-10 12:24:06.234248+00:00,404.49
-25.7133219,28.4351464,MAMELODI X22,MOGASWA STREET,TSH,79900010,https://powerfailure.tshwane.gov.za/Tshwanesms/Map.aspx,"-25.7133,28.4351|MAMELODI X22#0",2026-10-08 17:51:27.458247+00:00,2026-10-10 12:24:06.234248+00:00,42.54
-25.7979017,28.2358115,MONUMENTPARK,STAND,TSH,79900042,https://powerfailure.tshwane.gov.za/Tshwanesms/Map.aspx,"-25.7979,28.2358|MONUMENTPARK#0",2026-10-08 10:27:19.292786+00:00,2026-10-10 12:24:06.234248+00:00,49.95
-25.8321628,28.2905399,MORELETAPARK X27,CHRISTALLER STREET,TSH,79900047,https://powerfailure.tshwane.gov.za/Tshwanesms/Map.aspx,"-25.8322,28.2905|MORELETAPARK X27#0",2026-09-29 08:23:13.536342+00:00,2026-10-10 12:24:06.234248+00:00,268.01
-25.8315456,28.2905931,MORELETAPARK X27,WITDORING AVENUE,TSH,79900047,https://powerfailure.tshwane.gov.za/Tshwanesms/Map.aspx,"-25.8315,28.2906|MORELETAPARK X27#0",2026-09-29 20:42:53.961596+00:00,2026-10-10 12:24:06.234248+00:00,255.69
-25.8317048,28.2891586,MORELETAPARK X27,BURGESS AVENUE,TSH,79900047,https://powerfailure.tshwane.gov.za/Tshwanesms/Map.aspx,"-25.8317,28.2892|MORELETAPARK X27#0",2026-09-29 08:23:13.536342+00:00,2026-10-10 12:24:06.234248+00:00,268.01
-25.9218924,28.0938052,OLIEVENHOUTBOS X24,IMBONGOLO AVENUE,TSH,79900106,https://powerfailure.tshwane.gov.za/Tshwanesms/Map.aspx,"-25.9219,28.0938|OLIEVENHOUTBOS X24#0",2026-10-09 19:30:15.533813+00:00,2026-10-10 12:24:06.234248+00:00,16.9
-25.8974799,28.0994717,OLIEVENHOUTBOS X36,CLAYPOT STREET,TSH,79900077,https://powerfailure.tshwane.gov.za/Tshwanesms/Map.aspx,"-25.8975,28.0995|OLIEVENHOUTBOS X36#0",2026-09-23 15:54:26.696532+00:00,2026-10-10 12:24:06.234248+00:00,404.49
-25.8293753,28.3280141,RIETFONTEIN 375-JR,FLAMING ROCK CRESCENT,TSH,79900091,https://powerfailure.tshwane.gov.za/Tshwanesms/Map.aspx,"-25.8294,28.3280|RIETFONTEIN 375-JR#0",2026-09-23 15:54:26.696532+00:00,2026-10-10 12:24:06.234248+00:00,404.49
-25.8379997,28.3276683,RIETFONTEIN 375-JR,JOLLIFY MAIN ROAD,TSH,79900091,https://powerfailure.tshwane.gov.za/Tshwanesms/Map.aspx,"-25.8380,28.3277|RIETFONTEIN 375-JR#0",2026-09-23 15:54:26.696532+00:00,2026-10-10 12:24:06.234248+00:00,404.49
-25.8492282,28.3354065,RIETFONTEIN 375-JR,BIG CHARLES AVENUE,TSH,79900091,https://powerfailure.tshwane.gov.za/Tshwanesms/Map.aspx,"-25.8492,28.3354|RIETFONTEIN 375-JR#0",2026-09-23 15:54:26.696532+00:00,2026-10-10 12:24:06.234248+00:00,404.49
-25.7352345,28.2166527,RIVIERA,MERLE STREET,TSH,79900053,https://powerfailure.tshwane.gov.za/Tshwanesms/Map.aspx,"-25.7352,28.2167|RIVIERA#0",2026-10-07 23:02:05.111773+00:00,2026-10-10 12:24:06.234248+00:00,61.37
-25.7359645,28.2118266,RIVIERA,WELL STREET,TSH,79900053,https://powerfailure.tshwane.gov.za/Tshwanesms/Map.aspx,"-25.7360,28.2118|RIVIERA#0",2026-10-07 10:10:01.835441+00:00,2026-10-10 12:24:06.234248+00:00,74.23
-25.7350799,28.2125667,RIVIERA,WELL STREET,TSH,79900053,https://powerfailure.tshwane.gov.za/Tshwanesms/Map.aspx,"-25.7351,28.2126|RIVIERA#0",2026-10-07 10:10:01.835441+00:00,2026-10-10 12:24:06.234248+00:00,74.23
-25.7356198,28.2139204,RIVIERA,PIETER BOUWER STREET,TSH,79900053,https://powerfailure.tshwane.gov.za/Tshwanesms/Map.aspx,"-25.7356,28.2139|RIVIERA#0",2026-10-07 10:10:01.835441+00:00,2026-10-10 12:24:06.234248+00:00,74.23
-25.7787829,28.3403776,WAPADRAND X01,JUK STREET,TSH,79900085,https://powerfailure.tshwane.gov.za/Tshwanesms/Map.aspx,"-25.7788,28.3404|WAPADRAND X01#0",2026-09-29 08:23:13.536342+00:00,2026-10-10 12:24:06.234248+00:00,268.01
-25.7827646,28.3401782,WAPADRAND X04,DISSELBOOM AVENUE,TSH,79900085,https://powerfailure.tshwane.gov.za/Tshwanesms/Map.aspx,"-25.7828,28.3402|WAPADRAND X04#0",2026-09-29 08:23:13.536342+00:00,2026-10-10 12:24:06.234248+00:00,268.01
-25.7988289,28.2834172,WATERKLOOF GLEN X06,WATERGLEN,TSH,79900083,https://powerfailure.tshwane.gov.za/Tshwanesms/Map.aspx,"-25.7988,28.2834|WATERKLOOF GLEN X06#0",2026-10-08 10:27:19.292786+00:00,2026-10-10 12:24:06.234248+00:00,49.95
-25.8235646,28.2550778,WATERKLOOF 378-JR,PL R-100-12-03-02,TSH,79900079,https://powerfailure.tshwane.gov.za/Tshwanesms/Map.aspx,"-25.8236,28.2551|WATERKLOOF 378-JR#0",2026-09-23 15:54:26.696532+00:00,2026-10-10 12:24:06.234248+00:00,404.49
-25.8120254,28.2487653,WATERKLOOF RIDGE X02,POLARIS AVENUE,TSH,79900042,https://powerfailure.tshwane.gov.za/Tshwanesms/Map.aspx,"-25.8120,28.2488|WATERKLOOF RIDGE X02#0",2026-10-09 19:30:15.533813+00:00,2026-10-10 12:24:06.234248+00:00,16.9
-25.7692557,28.3586957,WILLOW ACRES X07,SHRIKE STREET,TSH,79900101,https://powerfailure.tshwane.gov.za/Tshwanesms/Map.aspx,"-25.7693,28.3587|WILLOW ACRES X07#0",2026-10-03 08:01:40.485595+00:00,2026-10-10 12:24:06.234248+00:00,172.37
-25.7637097,28.3679613,WILLOW ACRES X10,GEORGE BOULEVARD,TSH,79900101,https://powerfailure.tshwane.gov.za/Tshwanesms/Map.aspx,"-25.7637,28.3680|WILLOW ACRES X10#0",2026-10-03 08:01:40.485595+00:00,2026-10-10 12:24:06.234248+00:00,172.37
-25.7647363,28.3671213,WILLOW ACRES X11,GEORGE BOULEVARD,TSH,79900101,https://powerfailure.tshwane.gov.za/Tshwanesms/Map.aspx,"-25.7647,28.3671|WILLOW ACRES X11#0",2026-10-03 08:01:40.485595+00:00,2026-10-10 12:24:06.234248+00:00,172.37
-25.6495227,28.1262579,WINTERNEST AH,RENE ROAD,TSH,79900098,https://powerfailure.tshwane.gov.za/Tshwanesms/Map.aspx,"-25.6495,28.1263|WINTERNEST AH#0",2026-10-03 17:56:38.270365+00:00,2026-10-10 12:24:06.234248+00:00,162.46
-25.6484698,28.098898,THE ORCHARDS,PLANTAIN AVENUE,TSH,79900004,https://powerfailure.tshwane.gov.za/Tshwanesms/Map.aspx,"-25.6485,28.0989|THE ORCHARDS#0",2026-10-05 06:56:42.468331+00:00,2026-10-10 12:24:06.234248+00:00,125.46
-25.808484,28.7190408,RIAMARPARK,ROOS STREET,TSH,79900102,https://powerfailure.tshwane.gov.za/Tshwanesms/Map.aspx,"-25.8085,28.7190|RIAMARPARK#0",2026-09-28 06:45:25.816546+00:00,2026-10-10 12:24:06.234248+00:00,293.64
-25.7399291,28.2455674,COLBYN,AMOS STREET,TSH,79900092,https://powerfailure.tshwane.gov.za/Tshwanesms/Map.aspx,"-25.7399,28.2456|COLBYN#0",2026-10-02 12:24:50.491552+00:00,2026-10-10 12:24:06.234248+00:00,191.99
-25.4822741,28.1104058,SOSHANGUVE-DD,STAND 205,TSH,79900088,https://powerfailure.tshwane.gov.za/Tshwanesms/Map.aspx,"-25.4823,28.1104|SOSHANGUVE-DD#0",2026-09-23 15:54:26.696532+00:00,2026-10-10 12:24:06.234248+00:00,404.49
-25.4906153,28.1084842,SOSHANGUVE-DD,STAND 611,TSH,79900088,https://powerfailure.tshwane.gov.za/Tshwanesms/Map.aspx,"-25.4906,28.1085|SOSHANGUVE-DD#0",2026-09-30 23:43:30.173884+00:00,2026-10-10 12:24:06.234248+00:00,228.68
-25.5141103,28.096189,SOSHANGUVE-F,STAND 1133,TSH,79900029,https://powerfailure.tshwane.gov.za/Tshwanesms/Map.aspx,"-25.5141,28.0962|SOSHANGUVE-F#0",2026-09-29 20:42:53.961596+00:00,2026-10-10 12:24:06.234248+00:00,255.69
-25.6753952,28.3030497,DERDEPOORT 326-JR,PLOT,TSH,79900087,https://powerfailure.tshwane.gov.za/Tshwanesms/Map.aspx,"-25.6754,28.3030|DERDEPOORT 326-JR#0",2026-10-08 17:51:27.458247+00:00,2026-10-10 12:24:06.234248+00:00,42.54
-25.6729712,28.1598765,DORANDIA X03,PETRICOLA STREET,TSH,79900098,https://powerfailure.tshwane.gov.za/Tshwanesms/Map.aspx,"-25.6730,28.1599|DORANDIA X03#0",2026-10-09 13:08:42.013082+00:00,2026-10-10 12:24:06.234248+00:00,23.26
-25.6716098,28.1576009,DORANDIA X04,FEROX STREET,TSH,79900098,https://powerfailure.tshwane.gov.za/Tshwanesms/Map.aspx,"-25.6716,28.1576|DORANDIA X04#0",2026-10-09 13:08:42.013082+00:00,2026-10-10 12:24:06.234248+00:00,23.26
-25.6728708,28.1536576,DORANDIA X05,DYERI AVENUE,TSH,79900098,https://powerfailure.tshwane.gov.za/Tshwanesms/Map.aspx,"-25.6729,28.1537|DORANDIA X05#0",2026-10-09 13:08:42.013082+00:00,2026-10-10 12:24:06.234248+00:00,23.26
-25.6739625,28.1633613,DORANDIA X08,MODESTA STREET,TSH,79900002,https://powerfailure.tshwane.gov.za/Tshwanesms/Map.aspx,"-25.6740,28.1634|DORANDIA X08#0",2026-10-09 13:08:42.013082+00:00,2026-10-10 12:24:06.234248+00:00,23.26
-25.6710586,28.1566662,DORANDIA X09,FEROX STREET,TSH,79900098,https://powerfailure.tshwane.gov.za/Tshwanesms/Map.aspx,"-25.6711,28.1567|DORANDIA X09#0",2026-10-09 13:08:42.013082+00:00,2026-10-10 12:24:06.234248+00:00,23.26
-25.6564965,28.1539502,DORANDIA X10,GWENDOLEN ROAD,TSH,79900002,https://powerfailure.tshwane.gov.za/Tshwanesms/Map.aspx,"-25.6565,28.1540|DORANDIA X10#0",2026-10-09 13:08:42.013082+00:00,2026-10-10 12:24:06.234248+00:00,23.26
-25.8546021,28.2148352,DORINGKLOOF,TUGELA AVENUE,TSH,79900078,https://powerfailure.tshwane.gov.za/Tshwanesms/Map.aspx,"-25.8546,28.2148|DORINGKLOOF#0",2026-09-23 15:54:26.696532+00:00,2026-10-10 12:24:06.234248+00:00,404.49
-25.8543927,28.2117205,DORINGKLOOF,SONJA STREET,TSH,79900078,https://powerfailure.tshwane.gov.za/Tshwanesms/Map.aspx,"-25.8544,28.2117|DORINGKLOOF#0",2026-09-23 15:54:26.696532+00:00,2026-10-10 12:24:06.234248+00:00,404.49
-25.8553035,28.211676,DORINGKLOOF,SELATI STREET,TSH,79900078,https://powerfailure.tshwane.gov.za/Tshwanesms/Map.aspx,"-25.8553,28.2117|DORINGKLOOF#0",2026-09-23 15:54:26.696532+00:00,2026-10-10 12:24:06.234248+00:00,404.49
-25.6748643,27.9089708,ZILKAATSNEK 439-JQ,ZN-074-02N,NW372,63702019,https://powerfailure.tshwane.gov.za/Tshwanesms/Map.aspx,"-25.6749,27.9090|ZILKAATSNEK 439-JQ#0",2026-10-08 23:17:48.201218+00:00,2026-10-10 12:24:06.234248+00:00,37.11
-25.471964,28.0811001,SOSHANGUVE,ILIGQIBA STREET,TSH,79900011,https://powerfailure.tshwane.gov.za/Tshwanesms/Map.aspx,"-25.4720,28.0811|SOSHANGUVE#0",2026-09-23 15:54:26.696532+00:00,2026-10-10 12:24:06.234248+00:00,404.49
-25.471964,28.0811001,SOSHANGUVE,.,TSH,79900011,https://powerfailure.tshwane.gov.za/Tshwanesms/Map.aspx,"-25.4720,28.0811|SOSHANGUVE#1",2026-10-09 19:30:15.533813+00:00,2026-10-10 12:24:06.234248+00:00,16.9
-25.4751883,28.0813384,SOSHANGUVE-NN,STAND 996,TSH,79900011,https://powerfailure.tshwane.gov.za/Tshwanesms/Map.aspx,"-25.4752,28.0813|SOSHANGUVE-NN#0",2026-09-23 15:54:26.696532+00:00,2026-10-10 12:24:06.234248+00:00,404.49
-25.4773963,28.0829927,SOSHANGUVE-NN,STAND 1251,TSH,79900011,https://powerfailure.tshwane.gov.za/Tshwanesms/Map.aspx,"-25.4774,28.0830|SOSHANGUVE-NN#0",2026-09-29 20:42:53.961596+00:00,2026-10-10 12:24:06.234248+00:00,255.69
-25.4746778,28.0850837,SOSHANGUVE-NN,STAND 1323,TSH,79900011,https://powerfailure.tshwane.gov.za/Tshwanesms/Map.aspx,"-25.4747,28.0851|SOSHANGUVE-NN#0",2026-09-23 15:54:26.696532+00:00,2026-10-10 12:24:06.234248+00:00,404.49
-25.7323842,28.2643629,KILNER PARK,MATTERSON ROAD,TSH,79900084,https://powerfailure.tshwane.gov.za/Tshwanesms/Map.aspx,"-25.7324,28.2644|KILNER PARK#0",2026-10-08 10:27:19.292786+00:00,2026-10-10 12:24:06.234248+00:00,49.95
-25.7853487,28.1090178,LAUDIUM,FIRST AVENUE,TSH,79900061,https://powerfailure.tshwane.gov.za/Tshwanesms/Map.aspx,"-25.7853,28.1090|LAUDIUM#0",2026-10-09 19:30:15.533813+00:00,2026-10-10 12:24:06.234248+00:00,16.9
-25.7847006,28.1079747,LAUDIUM,AQUAMARINE STREET,TSH,79900061,https://powerfailure.tshwane.gov.za/Tshwanesms/Map.aspx,"-25.7847,28.1080|LAUDIUM#0",2026-10-09 19:30:15.533813+00:00,2026-10-10 12:24:06.234248+00:00,16.9
-25.7949448,28.1066181,LAUDIUM,FIFTH AVENUE,TSH,79900061,https://powerfailure.tshwane.gov.za/Tshwanesms/Map.aspx,"-25.7949,28.1066|LAUDIUM#0",2026-10-09 13:08:42.013082+00:00,2026-10-10 12:24:06.234248+00:00,23.26
-25.7851312,28.0792917,LAUDIUM X03,BENGAL STREET,TSH,79900061,https://powerfailure.tshwane.gov.za/Tshwanesms/Map.aspx,"-25.7851,28.0793|LAUDIUM X03#0",2026-10-08 17:51:27.458247+00:00,2026-10-10 12:24:06.234248+00:00,42.54
-25.7157434,28.388458,MAMELODI X02,KUBU STREET,TSH,79900018,https://powerfailure.tshwane.gov.za/Tshwanesms/Map.aspx,"-25.7157,28.3885|MAMELODI X02#0",2026-10-10 12:24:06.234248+00:00,2026-10-10 12:24:06.234248+00:00,0.0
-25.7046252,28.3765059,MAMELODI,STAND 11038,TSH,79900023,https://powerfailure.tshwane.gov.za/Tshwanesms/Map.aspx,"-25.7046,28.3765|MAMELODI#0",2026-10-09 19:30:15.533813+00:00,2026-10-10 12:24:06.234248+00:00,16.9
-25.7174354,28.4099909,MAMELODI X06,MONEE PLACE,TSH,79900040,https://powerfailure.tshwane.gov.za/Tshwanesms/Map.aspx,"-25.7174,28.4100|MAMELODI X06#0",2026-09-23 15:54:26.696532+00:00,2026-10-10 12:24:06.234248+00:00,404.49
-25.6642215,28.2673104,MONTANA TUINE X53,EREMOMELA AVENUE,TSH,79900096,https://powerfailure.tshwane.gov.za/Tshwanesms/Map.aspx,"-25.6642,28.2673|MONTANA TUINE X53#0",2026-10-03 08:01:40.485595+00:00,2026-10-10 12:24:06.234248+00:00,172.37
-25.8111681,28.2264964,MONUMENTPARK X07,COETZER AVENUE,TSH,79900042,https://powerfailure.tshwane.gov.za/Tshwanesms/Map.aspx,"-25.8112,28.2265|MONUMENTPARK X07#0",2026-10-07 10:10:01.835441+00:00,2026-10-10 12:24:06.234248+00:00,74.23
-25.8298587,28.2981364,MORELETAPARK X09,AMESHOFF STREET,TSH,79900091,https://powerfailure.tshwane.gov.za/Tshwanesms/Map.aspx,"-25.8299,28.2981|MORELETAPARK X09#0",2026-09-29 08:23:13.536342+00:00,2026-10-10 12:24:06.234248+00:00,268.01
-25.8331777,28.2896269,MORELETAPARK X27,CHRISTALLER STREET,TSH,79900047,https://powerfailure.tshwane.gov.za/Tshwanesms/Map.aspx,"-25.8332,28.2896|MORELETAPARK X27#0",2026-09-29 08:23:13.536342+00:00,2026-10-10 12:24:06.234248+00:00,268.01
-25.831912,28.2892794,MORELETAPARK X27,BURGESS AVENUE,TSH,79900047,https://powerfailure.tshwane.gov.za/Tshwanesms/Map.aspx,"-25.8319,28.2893|MORELETAPARK X27#0",2026-09-23 15:54:26.696532+00:00,2026-10-10 12:24:06.234248+00:00,404.49
-25.8323659,28.2959993,MORELETAPARK X24,MORICE STREET,TSH,79900091,https://powerfailure.tshwane.gov.za/Tshwanesms/Map.aspx,"-25.8324,28.2960|MORELETAPARK X24#0",2026-09-29 08:23:13.536342+00:00,2026-10-10 12:24:06.234248+00:00,268.01
-25.8303143,28.2940648,MORELETAPARK X21,PICASSO STREET,TSH,79900047,https://powerfailure.tshwane.gov.za/Tshwanesms/Map.aspx,"-25.8303,28.2941|MORELETAPARK X21#0",2026-09-29 08:23:13.536342+00:00,2026-10-10 12:24:06.234248+00:00,268.01
-25.8335512,28.3317788,RIETFONTEIN 375-JR,SPANISH GALLIARD AVENUE,TSH,79900091,https://powerfailure.tshwane.gov.za/Tshwanesms/Map.aspx,"-25.8336,28.3318|RIETFONTEIN 375-JR#0",2026-09-23 15:54:26.696532+00:00,2026-10-10 12:24:06.234248+00:00,404.49
-25.8392646,28.3374042,RIETFONTEIN 375-JR,JAMAICAN MUSIC AVENUE,TSH,79900091,https://powerfailure.tshwane.gov.za/Tshwanesms/Map.aspx,"-25.8393,28.3374|RIETFONTEIN 375-JR#0",2026-09-23 15:54:26.696532+00:00,2026-10-10 12:24:06.234248+00:00,404.49
-25.852486,28.2677909,RIETVALLEIRAND X33,BEDFORD STREET,TSH,79900047,https://powerfailure.tshwane.gov.za/Tshwanesms/Map.aspx,"-25.8525,28.2678|RIETVALLEIRAND X33#0",2026-10-01 13:04:14.443671+00:00,2026-10-10 12:24:06.234248+00:00,215.33
-25.7347549,28.2119159,RIVIERA,SOUTPANSBERG ROAD,TSH,79900053,https://powerfailure.tshwane.gov.za/Tshwanesms/Map.aspx,"-25.7348,28.2119|RIVIERA#0",2026-10-07 10:10:01.835441+00:00,2026-10-10 12:24:06.234248+00:00,74.23
-25.7783141,28.3366134,WAPADRAND X01,THONG PLACE,TSH,79900085,https://powerfailure.tshwane.gov.za/Tshwanesms/Map.aspx,"-25.7783,28.3366|WAPADRAND X01#0",2026-09-29 08:23:13.536342+00:00,2026-10-10 12:24:06.234248+00:00,268.01
-25.7752034,28.3377403,WAPADRAND X01,SPEEK STREET,TSH,79900085,https://powerfailure.tshwane.gov.za/Tshwanesms/Map.aspx,"-25.7752,28.3377|WAPADRAND X01#0",2026-09-29 08:23:13.536342+00:00,2026-10-10 12:24:06.234248+00:00,268.01
-25.7750791,28.244097,WATERKLOOF,PREMIER AVENUE,TSH,79900082,https://powerfailure.tshwane.gov.za/Tshwanesms/Map.aspx,"-25.7751,28.2441|WATERKLOOF#0",2026-10-07 23:02:05.111773+00:00,2026-10-10 12:24:06.234248+00:00,61.37
-25.7764174,28.2364336,WATERKLOOF,SILVER OAK AVENUE,TSH,79900042,https://powerfailure.tshwane.gov.za/Tshwanesms/Map.aspx,"-25.7764,28.2364|WATERKLOOF#0",2026-10-07 10:10:01.835441+00:00,2026-10-10 12:24:06.234248+00:00,74.23
-25.7920355,28.2845585,WATERKLOOF GLEN X05,ROOIGRAS STREET,TSH,79900083,https://powerfailure.tshwane.gov.za/Tshwanesms/Map.aspx,"-25.7920,28.2846|WATERKLOOF GLEN X05#0",2026-10-10 12:24:06.234248+00:00,2026-10-10 12:24:06.234248+00:00,0.0
-25.791663,28.2831439,WATERKLOOF GLEN X05,CELESTE STREET,TSH,79900083,https://powerfailure.tshwane.gov.za/Tshwanesms/Map.aspx,"-25.7917,28.2831|WATERKLOOF GLEN X05#0",2026-10-10 12:24:06.234248+00:00,2026-10-10 12:24:06.234248+00:00,0.0
-25.7950009,28.2531784,WATERKLOOF HEIGHTS X03,NONDELA ROAD,TSH,79900042,https://powerfailure.tshwane.gov.za/Tshwanesms/Map.aspx,"-25.7950,28.2532|WATERKLOOF HEIGHTS X03#0",2026-10-02 18:22:22.786014+00:00,2026-10-10 12:24:06.234248+00:00,186.03
-25.7924746,28.2486408,WATERKLOOF RIDGE,RAYMOND AVENUE,TSH,79900042,https://powerfailure.tshwane.gov.za/Tshwanesms/Map.aspx,"-25.7925,28.2486|WATERKLOOF RIDGE#0",2026-10-05 22:35:03.937620+00:00,2026-10-10 12:24:06.234248+00:00,109.82
-25.7638577,28.3689747,WILLOW ACRES X10,GEORGE BOULEVARD,TSH,79900101,https://powerfailure.tshwane.gov.za/Tshwanesms/Map.aspx,"-25.7639,28.3690|WILLOW ACRES X10#0",2026-10-02 22:56:53.748764+00:00,2026-10-10 12:24:06.234248+00:00,181.45
-25.7635469,28.3666484,WILLOW ACRES X10,GEORGE BOULEVARD,TSH,79900101,https://powerfailure.tshwane.gov.za/Tshwanesms/Map.aspx,"-25.7635,28.3666|WILLOW ACRES X10#0",2026-10-01 05:43:47.300229+00:00,2026-10-10 12:24:06.234248+00:00,222.67
-25.7621407,28.3640768,WILLOW ACRES X10,GEORGE BOULEVARD,TSH,79900101,https://powerfailure.tshwane.gov.za/Tshwanesms/Map.aspx,"-25.7621,28.3641|WILLOW ACRES X10#0",2026-10-03 08:01:40.485595+00:00,2026-10-10 12:24:06.234248+00:00,172.37
-25.7638785,28.3683619,WILLOW ACRES X10,GEORGE BOULEVARD,TSH,79900101,https://powerfailure.tshwane.gov.za/Tshwanesms/Map.aspx,"-25.7639,28.3684|WILLOW ACRES X10#0",2026-10-03 08:01:40.485595+00:00,2026-10-10 12:24:06.234248+00:00,172.37
-25.7659858,28.365238,WILLOW ACRES X11,GEORGE BOULEVARD,TSH,79900101,https://powerfailure.tshwane.gov.za/Tshwanesms/Map.aspx,"-25.7660,28.3652|WILLOW ACRES X11#0",2026-10-03 08:01:40.485595+00:00,2026-10-10 12:24:06.234248+00:00,172.37
-25.7645101,28.3658439,WILLOW ACRES X11,GEORGE BOULEVARD,TSH,79900101,https://powerfailure.tshwane.gov.za/Tshwanesms/Map.aspx,"-25.7645,28.3658|WILLOW ACRES X11#0",2026-10-03 08:01:40.485595+00:00,2026-10-10 12:24:06.234248+00:00,172.37
-25.7670951,28.3636414,WILLOW ACRES X12,GEORGE BOULEVARD,TSH,79900101,https://powerfailure.tshwane.gov.za/Tshwanesms/Map.aspx,"-25.7671,28.3636|WILLOW ACRES X12#0",2026-09-30 23:43:30.173884+00:00,2026-10-10 12:24:06.234248+00:00,228.68
-25.624793,28.0977814,ROSSLYN,KOTZENBERG STREET,TSH,79900037,https://powerfailure.tshwane.gov.za/Tshwanesms/Map.aspx,"-25.6248,28.0978|ROSSLYN#0",2026-10-08 23:17:48.201218+00:00,2026-10-10 12:24:06.234248+00:00,37.11
-25.6496195,28.1055015,THE ORCHARDS X03,DORFLING STREET,TSH,79900004,https://powerfailure.tshwane.gov.za/Tshwanesms/Map.aspx,"-25.6496,28.1055|THE ORCHARDS X03#0",2026-09-23 15:54:26.696532+00:00,2026-10-10 12:24:06.234248+00:00,404.49
-25.8156602,28.7464166,ERASMUS X04,EERSTE AVENUE,TSH,79900105,https://powerfailure.tshwane.gov.za/Tshwanesms/Map.aspx,"-25.8157,28.7464|ERASMUS X04#0",2026-10-09 19:30:15.533813+00:00,2026-10-10 12:24:06.234248+00:00,16.9
-25.8156602,28.7464166,ERASMUS X04,EERSTE AVENUE,TSH,79900105,https://powerfailure.tshwane.gov.za/Tshwanesms/Map.aspx,"-25.8157,28.7464|ERASMUS X04#1",2026-10-09 19:30:15.533813+00:00,2026-10-10 12:24:06.234248+00:00,16.9
-25.8158856,28.7535255,ERASMUS X15,ERASMUS,TSH,79900105,https://powerfailure.tshwane.gov.za/Tshwanesms/Map.aspx,"-25.8159,28.7535|ERASMUS X15#0",2026-09-23 16:31:26.744960+00:00,2026-10-10 12:24:06.234248+00:00,403.88
-25.8106847,28.7165153,RIAMARPARK,VILETTE STREET,TSH,79900102,https://powerfailure.tshwane.gov.za/Tshwanesms/Map.aspx,"-25.8107,28.7165|RIAMARPARK#0",2026-09-30 06:38:52.006832+00:00,2026-10-10 12:24:06.234248+00:00,245.75
-25.807336,28.7027285,RIAMARPARK X04,DAHLIA STREET,TSH,79900102,https://powerfailure.tshwane.gov.za/Tshwanesms/Map.aspx,"-25.8073,28.7027|RIAMARPARK X04#0",2026-09-23 15:54:26.696532+00:00,2026-10-10 12:24:06.234248+00:00,404.49
-25.8057187,28.7092628,RIAMARPARK X04,POPPY STREET,TSH,79900102,https://powerfailure.tshwane.gov.za/Tshwanesms/Map.aspx,"-25.8057,28.7093|RIAMARPARK X04#0",2026-09-29 20:42:53.961596+00:00,2026-10-10 12:24:06.234248+00:00,255.69
-25.7954202,28.1103348,CLAUDIUS X01,SIMLA STREET,TSH,79900061,https://powerfailure.tshwane.gov.za/Tshwanesms/Map.aspx,"-25.7954,28.1103|CLAUDIUS X01#0",2026-10-09 19:30:15.533813+00:00,2026-10-10 12:24:06.234248+00:00,16.9
-25.4914313,28.1115932,SOSHANGUVE-DD,STAND 877,TSH,79900088,https://powerfailure.tshwane.gov.za/Tshwanesms/Map.aspx,"-25.4914,28.1116|SOSHANGUVE-DD#0",2026-10-08 17:51:27.458247+00:00,2026-10-10 12:24:06.234248+00:00,42.54
-25.5115299,28.0941225,SOSHANGUVE-F,STAND 611,TSH,79900029,https://powerfailure.tshwane.gov.za/Tshwanesms/Map.aspx,"-25.5115,28.0941|SOSHANGUVE-F#0",2026-09-30 23:43:30.173884+00:00,2026-10-10 12:24:06.234248+00:00,228.68
-25.6713578,28.1755612,PRETORIA NORTH,DANIE THERON STREET,TSH,79900002,https://powerfailure.tshwane.gov.za/Tshwanesms/Map.aspx,"-25.6714,28.1756|PRETORIA NORTH#0",2026-10-02 12:24:50.491552+00:00,2026-10-10 12:24:06.234248+00:00,191.99
-25.6713578,28.1755612,PRETORIA NORTH,DANIE THERON STREET,TSH,79900002,https://powerfailure.tshwane.gov.za/Tshwanesms/Map.aspx,"-25.6714,28.1756|PRETORIA NORTH#1",2026-10-02 12:24:50.491552+00:00,2026-10-10 12:24:06.234248+00:00,191.99
-25.6713578,28.1755612,PRETORIA NORTH,DANIE THERON STREET,TSH,79900002,https://powerfailure.tshwane.gov.za/Tshwanesms/Map.aspx,"-25.6714,28.1756|PRETORIA NORTH#2",2026-10-02 12:24:50.491552+00:00,2026-10-10 12:24:06.234248+00:00,191.99
-25.7158827,28.2321523,VILLIERIA,27TH AVENUE,TSH,79900052,https://powerfailure.tshwane.gov.za/Tshwanesms/Map.aspx,"-25.7159,28.2322|VILLIERIA#0",2026-10-10 12:24:06.234248+00:00,2026-10-10 12:24:06.234248+00:00,0.0
-25.725019,28.22273,VILLIERIA,21ST AVENUE,TSH,79900053,https://powerfailure.tshwane.gov.za/Tshwanesms/Map.aspx,"-25.7250,28.2227|VILLIERIA#0",2026-10-09 19:30:15.533813+00:00,2026-10-10 12:24:06.234248+00:00,16.9
-25.6376238,28.0749905,THE ORCHARDS X50,STAND,TSH,79900004,https://powerfailure.tshwane.gov.za/Tshwanesms/Map.aspx,"-25.6376,28.0750|THE ORCHARDS X50#0",2026-10-06 17:09:53.951304+00:00,2026-10-10 12:24:06.234248+00:00,91.24
-25.6426787,28.0941615,THE ORCHARDS X36,DEETLEFS AVENUE,TSH,79900004,https://powerfailure.tshwane.gov.za/Tshwanesms/Map.aspx,"-25.6427,28.0942|THE ORCHARDS X36#0",2026-10-09 19:30:15.533813+00:00,2026-10-10 12:24:06.234248+00:00,16.9
-25.7416927,28.2024746,ARCADIA,BAILEY STREET,TSH,79900058,https://powerfailure.tshwane.gov.za/Tshwanesms/Map.aspx,"-25.7417,28.2025|ARCADIA#0",2026-10-10 00:00:01.978931+00:00,2026-10-10 12:24:06.234248+00:00,12.4
-25.8115614,28.2772658,CONSTANTIA PARK,WILLIAM NICOL STREET,TSH,79900083,https://powerfailure.tshwane.gov.za/Tshwanesms/Map.aspx,"-25.8116,28.2773|CONSTANTIA PARK#0",2026-10-07 10:10:01.835441+00:00,2026-10-10 12:24:06.234248+00:00,74.23
-25.8057441,28.28578,CONSTANTIA PARK X01,ALKEN STREET,TSH,79900083,https://powerfailure.tshwane.gov.za/Tshwanesms/Map.aspx,"-25.8057,28.2858|CONSTANTIA PARK X01#0",2026-10-06 10:08:41.992184+00:00,2026-10-10 12:24:06.234248+00:00,98.26
-25.8088216,28.2858459,CONSTANTIA PARK X02,ROVER ROAD,TSH,79900083,https://powerfailure.tshwane.gov.za/Tshwanesms/Map.aspx,"-25.8088,28.2858|CONSTANTIA PARK X02#0",2026-10-01 13:04:14.443671+00:00,2026-10-10 12:24:06.234248+00:00,215.33
-25.6479321,28.2092125,DE ONDERSTEPOORT 300-JR,"PTN,SIOUX AVENUE, PL GV-20-02",TSH,79900096,https://powerfailure.tshwane.gov.za/Tshwanesms/Map.aspx,"-25.6479,28.2092|DE ONDERSTEPOORT 300-JR#0",2026-10-06 10:08:41.992184+00:00,2026-10-10 12:24:06.234248+00:00,98.26
-25.6449937,28.1984251,DE ONDERSTEPOORT 300-JR,"APACHE AVE, PL GV-007",TSH,79900096,https://powerfailure.tshwane.gov.za/Tshwanesms/Map.aspx,"-25.6450,28.1984|DE ONDERSTEPOORT 300-JR#0",2026-10-06 10:08:41.992184+00:00,2026-10-10 12:24:06.234248+00:00,98.26
-25.6403899,28.191608,DE ONDERSTEPOORT 300-JR,PL GV-01-02N,TSH,79900096,https://powerfailure.tshwane.gov.za/Tshwanesms/Map.aspx,"-25.6404,28.1916|DE ONDERSTEPOORT 300-JR#0",2026-10-06 10:08:41.992184+00:00,2026-10-10 12:24:06.234248+00:00,98.26
-25.6459171,28.1920499,DE ONDERSTEPOORT 300-JR,PL GV-01-05,TSH,79900096,https://powerfailure.tshwane.gov.za/Tshwanesms/Map.aspx,"-25.6459,28.1920|DE ONDERSTEPOORT 300-JR#0",2026-10-05 22:35:03.937620+00:00,2026-10-10 12:24:06.234248+00:00,109.82
-25.6773343,28.3089942,DERDEPOORT 326-JR,"DEERDEPOORT,PL BP-109-03",TSH,79900087,https://powerfailure.tshwane.gov.za/Tshwanesms/Map.aspx,"-25.6773,28.3090|DERDEPOORT 326-JR#0",2026-10-09 13:08:42.013082+00:00,2026-10-10 12:24:06.234248+00:00,23.26
-25.6817264,28.3201382,DERDEPOORT 326-JR,SEFAKO MAKGATHO DRIVE,TSH,79900087,https://powerfailure.tshwane.gov.za/Tshwanesms/Map.aspx,"-25.6817,28.3201|DERDEPOORT 326-JR#0",2026-10-09 13:08:42.013082+00:00,2026-10-10 12:24:06.234248+00:00,23.26
-25.7599937,28.3075677,DIE WILGERS,ERLON STREET,TSH,79900046,https://powerfailure.tshwane.gov.za/Tshwanesms/Map.aspx,"-25.7600,28.3076|DIE WILGERS#0",2026-10-02 18:22:22.786014+00:00,2026-10-10 12:24:06.234248+00:00,186.03
-25.6724283,28.1616436,DORANDIA X01,VERECUNDA STREET,TSH,79900002,https://powerfailure.tshwane.gov.za/Tshwanesms/Map.aspx,"-25.6724,28.1616|DORANDIA X01#0",2026-10-09 13:08:42.013082+00:00,2026-10-10 12:24:06.234248+00:00,23.26
-25.6718439,28.160524,DORANDIA X02,PETRICOLA STREET,TSH,79900002,https://powerfailure.tshwane.gov.za/Tshwanesms/Map.aspx,"-25.6718,28.1605|DORANDIA X02#0",2026-10-09 13:08:42.013082+00:00,2026-10-10 12:24:06.234248+00:00,23.26
-25.674661,28.1592352,DORANDIA X03,VAANDRAGER STREET,TSH,79900002,https://powerfailure.tshwane.gov.za/Tshwanesms/Map.aspx,"-25.6747,28.1592|DORANDIA X03#0",2026-10-09 13:08:42.013082+00:00,2026-10-10 12:24:06.234248+00:00,23.26
-25.6743982,28.1592641,DORANDIA X03,LINEATA STREET,TSH,79900002,https://powerfailure.tshwane.gov.za/Tshwanesms/Map.aspx,"-25.6744,28.1593|DORANDIA X03#0",2026-10-09 13:08:42.013082+00:00,2026-10-10 12:24:06.234248+00:00,23.26
-25.673354,28.1580145,DORANDIA X04,ANGELICA STREET,TSH,79900098,https://powerfailure.tshwane.gov.za/Tshwanesms/Map.aspx,"-25.6734,28.1580|DORANDIA X04#0",2026-10-09 13:08:42.013082+00:00,2026-10-10 12:24:06.234248+00:00,23.26
-25.6746243,28.1580543,DORANDIA X04,LUCAS MEYER STREET,TSH,79900098,https://powerfailure.tshwane.gov.za/Tshwanesms/Map.aspx,"-25.6746,28.1581|DORANDIA X04#0",2026-10-09 13:08:42.013082+00:00,2026-10-10 12:24:06.234248+00:00,23.26
-25.673413,28.1517404,DORANDIA X06,CAMPERI STREET,TSH,79900098,https://powerfailure.tshwane.gov.za/Tshwanesms/Map.aspx,"-25.6734,28.1517|DORANDIA X06#0",2026-10-09 13:08:42.013082+00:00,2026-10-10 12:24:06.234248+00:00,23.26
-25.6719409,28.1521671,DORANDIA X06,MARLOTHI STREET,TSH,79900098,https://powerfailure.tshwane.gov.za/Tshwanesms/Map.aspx,"-25.6719,28.1522|DORANDIA X06#0",2026-10-09 13:08:42.013082+00:00,2026-10-10 12:24:06.234248+00:00,23.26
-25.6705029,28.1535787,DORANDIA X11,CILIARIS STREET,TSH,79900098,https://powerfailure.tshwane.gov.za/Tshwanesms/Map.aspx,"-25.6705,28.1536|DORANDIA X11#0",2026-10-09 13:08:42.013082+00:00,2026-10-10 12:24:06.234248+00:00,23.26
-25.6568159,28.1533706,DORANDIA X10,GWENDOLEN ROAD,TSH,79900002,https://powerfailure.tshwane.gov.za/Tshwanesms/Map.aspx,"-25.6568,28.1534|DORANDIA X10#0",2026-10-09 13:08:42.013082+00:00,2026-10-10 12:24:06.234248+00:00,23.26
-25.8592837,28.2008429,DORINGKLOOF,LEONIE STREET,TSH,79900078,https://powerfailure.tshwane.gov.za/Tshwanesms/Map.aspx,"-25.8593,28.2008|DORINGKLOOF#0",2026-09-23 15:54:26.696532+00:00,2026-10-10 12:24:06.234248+00:00,404.49
-25.8569312,28.203119,DORINGKLOOF,LOUISE STREET,TSH,79900078,https://powerfailure.tshwane.gov.za/Tshwanesms/Map.aspx,"-25.8569,28.2031|DORINGKLOOF#0",2026-09-23 15:54:26.696532+00:00,2026-10-10 12:24:06.234248+00:00,404.49
-25.4848781,28.1217904,SOSHANGUVE-P,STAND 164,TSH,79900088,https://powerfailure.tshwane.gov.za/Tshwanesms/Map.aspx,"-25.4849,28.1218|SOSHANGUVE-P#0",2026-10-09 19:30:15.533813+00:00,2026-10-10 12:24:06.234248+00:00,16.9
-25.7271986,28.2671728,KILNER PARK,WATERSON AVENUE,TSH,79900084,https://powerfailure.tshwane.gov.za/Tshwanesms/Map.aspx,"-25.7272,28.2672|KILNER PARK#0",2026-10-09 19:30:15.533813+00:00,2026-10-10 12:24:06.234248+00:00,16.9
-25.7906124,28.1038541,LAUDIUM,JET STREET,TSH,79900061,https://powerfailure.tshwane.gov.za/Tshwanesms/Map.aspx,"-25.7906,28.1039|LAUDIUM#0",2026-10-09 19:30:15.533813+00:00,2026-10-10 12:24:06.234248+00:00,16.9
-25.7857912,28.1076042,LAUDIUM,PEARL STREET,TSH,79900061,https://powerfailure.tshwane.gov.za/Tshwanesms/Map.aspx,"-25.7858,28.1076|LAUDIUM#0",2026-10-09 19:30:15.533813+00:00,2026-10-10 12:24:06.234248+00:00,16.9
-25.7149973,28.3445128,MAMELODI,STAND  7091,TSH,79900038,https://powerfailure.tshwane.gov.za/Tshwanesms/Map.aspx,"-25.7150,28.3445|MAMELODI#0",2026-09-23 15:54:26.696532+00:00,2026-10-10 12:24:06.234248+00:00,404.49
-25.7130188,28.388606,MAMELODI X02,MUZI STREET,TSH,79900018,https://powerfailure.tshwane.gov.za/Tshwanesms/Map.aspx,"-25.7130,28.3886|MAMELODI X02#0",2026-09-23 15:54:26.696532+00:00,2026-10-10 12:24:06.234248+00:00,404.49
-25.7245582,28.3950681,MAMELODI X02,THAGA STREET,TSH,79900018,https://powerfailure.tshwane.gov.za/Tshwanesms/Map.aspx,"-25.7246,28.3951|MAMELODI X02#0",2026-10-07 23:02:05.111773+00:00,2026-10-10 12:24:06.234248+00:00,61.37
-25.7157239,28.4085401,MAMELODI X06,MOTSHIDI CRESCENT,TSH,79900040,https://powerfailure.tshwane.gov.za/Tshwanesms/Map.aspx,"-25.7157,28.4085|MAMELODI X06#0",2026-09-23 15:54:26.696532+00:00,2026-10-10 12:24:06.234248+00:00,404.49
-25.7210273,28.4069494,MAMELODI X06,MOTOLO STREET,TSH,79900040,https://powerfailure.tshwane.gov.za/Tshwanesms/Map.aspx,"-25.7210,28.4069|MAMELODI X06#0",2026-09-23 15:54:26.696532+00:00,2026-10-10 12:24:06.234248+00:00,404.49
-25.7320408,28.4394137,MAMELODI X18,MOTLADI MASERE AVENUE,TSH,79900097,https://powerfailure.tshwane.gov.za/Tshwanesms/Map.aspx,"-25.7320,28.4394|MAMELODI X18#0",2026-09-23 15:54:26.696532+00:00,2026-10-10 12:24:06.234248+00:00,404.49
-25.7139476,28.2511232,MOREGLOED,JAPONICA AVENUE,TSH,79900084,https://powerfailure.tshwane.gov.za/Tshwanesms/Map.aspx,"-25.7139,28.2511|MOREGLOED#0",2026-10-06 17:09:53.951304+00:00,2026-10-10 12:24:06.234248+00:00,91.24
-25.7139476,28.2511232,MOREGLOED,JAPONICA AVENUE,TSH,79900084,https://powerfailure.tshwane.gov.za/Tshwanesms/Map.aspx,"-25.7139,28.2511|MOREGLOED#1",2026-10-10 12:24:06.234248+00:00,2026-10-10 12:24:06.234248+00:00,0.0
-25.8289536,28.2854935,MORELETAPARK X17,MILLIGAL STREET,TSH,79900047,https://powerfailure.tshwane.gov.za/Tshwanesms/Map.aspx,"-25.8290,28.2855|MORELETAPARK X17#0",2026-09-29 20:42:53.961596+00:00,2026-10-10 12:24:06.234248+00:00,255.69
-25.8310356,28.2958156,MORELETAPARK X09,MORICE STREET,TSH,79900091,https://powerfailure.tshwane.gov.za/Tshwanesms/Map.aspx,"-25.8310,28.2958|MORELETAPARK X09#0",2026-09-29 08:23:13.536342+00:00,2026-10-10 12:24:06.234248+00:00,268.01
-25.8297374,28.2867555,MORELETAPARK X27,TIMEBALL AVENUE,TSH,79900047,https://powerfailure.tshwane.gov.za/Tshwanesms/Map.aspx,"-25.8297,28.2868|MORELETAPARK X27#0",2026-09-29 20:42:53.961596+00:00,2026-10-10 12:24:06.234248+00:00,255.69
-25.830521,28.2876844,MORELETAPARK X27,MURPHY PLACE,TSH,79900047,https://powerfailure.tshwane.gov.za/Tshwanesms/Map.aspx,"-25.8305,28.2877|MORELETAPARK X27#0",2026-09-29 08:23:13.536342+00:00,2026-10-10 12:24:06.234248+00:00,268.01
-25.8323483,28.288649,MORELETAPARK X27,FREEDMANN AVENUE,TSH,79900047,https://powerfailure.tshwane.gov.za/Tshwanesms/Map.aspx,"-25.8323,28.2886|MORELETAPARK X27#0",2026-09-29 08:23:13.536342+00:00,2026-10-10 12:24:06.234248+00:00,268.01
-25.8354114,28.2969023,MORELETAPARK X24,PAUL STREET,TSH,79900091,https://powerfailure.tshwane.gov.za/Tshwanesms/Map.aspx,"-25.8354,28.2969|MORELETAPARK X24#0",2026-09-29 08:23:13.536342+00:00,2026-10-10 12:24:06.234248+00:00,268.01
-25.8277227,28.2993126,MORELETAPARK X23,KAMASSIE CRESCENT,TSH,79900047,https://powerfailure.tshwane.gov.za/Tshwanesms/Map.aspx,"-25.8277,28.2993|MORELETAPARK X23#0",2026-09-29 08:23:13.536342+00:00,2026-10-10 12:24:06.234248+00:00,268.01
-25.8322011,28.2948849,MORELETAPARK X21,CRAIG STREET,TSH,79900091,https://powerfailure.tshwane.gov.za/Tshwanesms/Map.aspx,"-25.8322,28.2949|MORELETAPARK X21#0",2026-09-29 08:23:13.536342+00:00,2026-10-10 12:24:06.234248+00:00,268.01
-25.8346559,28.2916962,MORELETAPARK X37,WAINWRIGHT STREET,TSH,79900091,https://powerfailure.tshwane.gov.za/Tshwanesms/Map.aspx,"-25.8347,28.2917|MORELETAPARK X37#0",2026-09-29 08:23:13.536342+00:00,2026-10-10 12:24:06.234248+00:00,268.01
-25.8351079,28.2935061,MORELETAPARK X37,SANDY PLACE,TSH,79900091,https://powerfailure.tshwane.gov.za/Tshwanesms/Map.aspx,"-25.8351,28.2935|MORELETAPARK X37#0",2026-09-29 08:23:13.536342+00:00,2026-10-10 12:24:06.234248+00:00,268.01
-25.8351079,28.2935061,MORELETAPARK X37,SANDY PLACE,TSH,79900091,https://powerfailure.tshwane.gov.za/Tshwanesms/Map.aspx,"-25.8351,28.2935|MORELETAPARK X37#1",2026-09-29 08:23:13.536342+00:00,2026-10-10 12:24:06.234248+00:00,268.01
-25.9207262,28.1037664,OLIEVENHOUTBOS X22,STAND 05887,TSH,79900077,https://powerfailure.tshwane.gov.za/Tshwanesms/Map.aspx,"-25.9207,28.1038|OLIEVENHOUTBOS X22#0",2026-10-08 10:27:19.292786+00:00,2026-10-10 12:24:06.234248+00:00,49.95
-25.8955413,28.0957438,OLIEVENHOUTBOS X36,LUSELO STREET,TSH,79900077,https://powerfailure.tshwane.gov.za/Tshwanesms/Map.aspx,"-25.8955,28.0957|OLIEVENHOUTBOS X36#0",2026-10-08 17:51:27.458247+00:00,2026-10-10 12:24:06.234248+00:00,42.54
-25.8454479,28.3315216,RIETFONTEIN 375-JR,SPACE WALK STREET,TSH,79900091,https://powerfailure.tshwane.gov.za/Tshwanesms/Map.aspx,"-25.8454,28.3315|RIETFONTEIN 375-JR#0",2026-09-23 15:54:26.696532+00:00,2026-10-10 12:24:06.234248+00:00,404.49
-25.8537158,28.336846,RIETFONTEIN 375-JR,KING WILLOW AVENUE,TSH,79900091,https://powerfailure.tshwane.gov.za/Tshwanesms/Map.aspx,"-25.8537,28.3368|RIETFONTEIN 375-JR#0",2026-09-23 15:54:26.696532+00:00,2026-10-10 12:24:06.234248+00:00,404.49
-25.733319,28.211703,RIVIERA,ANNIE BOTHA AVENUE,TSH,79900053,https://powerfailure.tshwane.gov.za/Tshwanesms/Map.aspx,"-25.7333,28.2117|RIVIERA#0",2026-10-07 10:10:01.835441+00:00,2026-10-10 12:24:06.234248+00:00,74.23
-25.7343992,28.2194198,RIVIERA,BETTY STREET,TSH,79900053,https://powerfailure.tshwane.gov.za/Tshwanesms/Map.aspx,"-25.7344,28.2194|RIVIERA#0",2026-10-07 10:10:01.835441+00:00,2026-10-10 12:24:06.234248+00:00,74.23
-25.7350147,28.2201414,RIVIERA,BETTY STREET,TSH,79900084,https://powerfailure.tshwane.gov.za/Tshwanesms/Map.aspx,"-25.7350,28.2201|RIVIERA#0",2026-10-07 23:02:05.111773+00:00,2026-10-10 12:24:06.234248+00:00,61.37
-25.7822098,28.3404406,WAPADRAND X04,DISSELBOOM AVENUE,TSH,79900085,https://powerfailure.tshwane.gov.za/Tshwanesms/Map.aspx,"-25.7822,28.3404|WAPADRAND X04#0",2026-09-29 08:23:13.536342+00:00,2026-10-10 12:24:06.234248+00:00,268.01
-25.7829175,28.3391935,WAPADRAND X04,SKEI PLACE,TSH,79900085,https://powerfailure.tshwane.gov.za/Tshwanesms/Map.aspx,"-25.7829,28.3392|WAPADRAND X04#0",2026-09-29 08:23:13.536342+00:00,2026-10-10 12:24:06.234248+00:00,268.01
-25.7795107,28.3441547,WAPADRAND X32,BUIKGORD STREET,TSH,79900085,https://powerfailure.tshwane.gov.za/Tshwanesms/Map.aspx,"-25.7795,28.3442|WAPADRAND X32#0",2026-09-29 08:23:13.536342+00:00,2026-10-10 12:24:06.234248+00:00,268.01
-25.7886477,28.2591019,WATERKLOOF X01,BANKET STREET,TSH,79900082,https://powerfailure.tshwane.gov.za/Tshwanesms/Map.aspx,"-25.7886,28.2591|WATERKLOOF X01#0",2026-10-07 10:10:01.835441+00:00,2026-10-10 12:24:06.234248+00:00,74.23
-25.7679299,28.360376,WILLOW ACRES X08,GEORGE BOULEVARD,TSH,79900101,https://powerfailure.tshwane.gov.za/Tshwanesms/Map.aspx,"-25.7679,28.3604|WILLOW ACRES X08#0",2026-10-01 13:04:14.443671+00:00,2026-10-10 12:24:06.234248+00:00,215.33
-25.7650695,28.3687726,WILLOW ACRES X11,GEORGE BOUEVARD,TSH,79900101,https://powerfailure.tshwane.gov.za/Tshwanesms/Map.aspx,"-25.7651,28.3688|WILLOW ACRES X11#0",2026-10-03 08:01:40.485595+00:00,2026-10-10 12:24:06.234248+00:00,172.37
-25.8184896,28.7454502,ERASMUS X04,SILWER,TSH,79900105,https://powerfailure.tshwane.gov.za/Tshwanesms/Map.aspx,"-25.8185,28.7455|ERASMUS X04#0",2026-10-10 05:43:32.746880+00:00,2026-10-10 12:24:06.234248+00:00,6.68
-25.8163756,28.7454464,ERASMUS X04,SILWER STRAAT,TSH,79900105,https://powerfailure.tshwane.gov.za/Tshwanesms/Map.aspx,"-25.8164,28.7454|ERASMUS X04#0",2026-10-10 12:24:06.234248+00:00,2026-10-10 12:24:06.234248+00:00,0.0
-25.8064609,28.7094564,RIAMARPARK X04,POPPY STREET,TSH,79900102,https://powerfailure.tshwane.gov.za/Tshwanesms/Map.aspx,"-25.8065,28.7095|RIAMARPARK X04#0",2026-09-29 20:42:53.961596+00:00,2026-10-10 12:24:06.234248+00:00,255.69
-25.5130918,28.1006422,SOSHANGUVE-F,STAND 1440,TSH,79900029,https://powerfailure.tshwane.gov.za/Tshwanesms/Map.aspx,"-25.5131,28.1006|SOSHANGUVE-F#0",2026-09-29 20:42:53.961596+00:00,2026-10-10 12:24:06.234248+00:00,255.69
-25.8608232,28.2032119,DORINGKLOOF,CECILE STREET,TSH,79900078,https://powerfailure.tshwane.gov.za/Tshwanesms/Map.aspx,"-25.8608,28.2032|DORINGKLOOF#0",2026-09-23 15:54:26.696532+00:00,2026-10-10 12:24:06.234248+00:00,404.49
-25.6992018,27.8844183,ZILKAATSNEK 439-JQ,ZN 50/15/5E/1S,NW372,63702019,https://powerfailure.tshwane.gov.za/Tshwanesms/Map.aspx,"-25.6992,27.8844|ZILKAATSNEK 439-JQ#0",2026-10-09 13:08:42.013082+00:00,2026-10-10 12:24:06.234248+00:00,23.26
-25.473633,28.0852941,SOSHANGUVE-NN,STAND 1293,TSH,79900011,https://powerfailure.tshwane.gov.za/Tshwanesms/Map.aspx,"-25.4736,28.0853|SOSHANGUVE-NN#0",2026-09-23 15:54:26.696532+00:00,2026-10-10 12:24:06.234248+00:00,404.49
-25.4744183,28.0848456,SOSHANGUVE-NN,STAND 1300,TSH,79900011,https://powerfailure.tshwane.gov.za/Tshwanesms/Map.aspx,"-25.4744,28.0848|SOSHANGUVE-NN#0",2026-09-23 15:54:26.696532+00:00,2026-10-10 12:24:06.234248+00:00,404.49
-25.4744535,28.0852119,SOSHANGUVE-NN,STAND 1325,TSH,79900011,https://powerfailure.tshwane.gov.za/Tshwanesms/Map.aspx,"-25.4745,28.0852|SOSHANGUVE-NN#0",2026-09-23 15:54:26.696532+00:00,2026-10-10 12:24:06.234248+00:00,404.49
-25.7102783,28.2903053,JAN NIEMANDPARK,SUIKERBEKKIE STREET,TSH,79900043,https://powerfailure.tshwane.gov.za/Tshwanesms/Map.aspx,"-25.7103,28.2903|JAN NIEMANDPARK#0",2026-10-06 10:08:41.992184+00:00,2026-10-10 12:24:06.234248+00:00,98.26
-25.7155259,28.296088,JAN NIEMANDPARK,STORMVOEL ROAD,TSH,79900043,https://powerfailure.tshwane.gov.za/Tshwanesms/Map.aspx,"-25.7155,28.2961|JAN NIEMANDPARK#0",2026-10-08 17:51:27.458247+00:00,2026-10-10 12:24:06.234248+00:00,42.54
-25.7035964,28.2919265,JAN NIEMANDPARK,SPRINGKAANVOEL STREET,TSH,79900087,https://powerfailure.tshwane.gov.za/Tshwanesms/Map.aspx,"-25.7036,28.2919|JAN NIEMANDPARK#0",2026-10-08 17:51:27.458247+00:00,2026-10-10 12:24:06.234248+00:00,42.54
-25.7840527,28.1078798,LAUDIUM,CRIMSON STREET,TSH,79900061,https://powerfailure.tshwane.gov.za/Tshwanesms/Map.aspx,"-25.7841,28.1079|LAUDIUM#0",2026-10-10 00:00:01.978931+00:00,2026-10-10 12:24:06.234248+00:00,12.4
-25.7897609,28.1056324,LAUDIUM,JET STREET,TSH,79900061,https://powerfailure.tshwane.gov.za/Tshwanesms/Map.aspx,"-25.7898,28.1056|LAUDIUM#0",2026-10-09 19:30:15.533813+00:00,2026-10-10 12:24:06.234248+00:00,16.9
-25.7060324,28.3738049,MAMELODI,STAND 10597,TSH,79900023,https://powerfailure.tshwane.gov.za/Tshwanesms/Map.aspx,"-25.7060,28.3738|MAMELODI#0",2026-09-27 21:17:44.521064+00:00,2026-10-10 12:24:06.234248+00:00,303.11
-25.7031787,28.3751287,MAMELODI,STAND 10887,TSH,79900023,https://powerfailure.tshwane.gov.za/Tshwanesms/Map.aspx,"-25.7032,28.3751|MAMELODI#0",2026-09-27 21:17:44.521064+00:00,2026-10-10 12:24:06.234248+00:00,303.11
-25.7164341,28.4079873,MAMELODI X06,TSHOANE STREET,TSH,79900040,https://powerfailure.tshwane.gov.za/Tshwanesms/Map.aspx,"-25.7164,28.4080|MAMELODI X06#0",2026-09-23 15:54:26.696532+00:00,2026-10-10 12:24:06.234248+00:00,404.49
-25.7128558,28.2548713,MOREGLOED,KEURBOOM STREET,TSH,79900084,https://powerfailure.tshwane.gov.za/Tshwanesms/Map.aspx,"-25.7129,28.2549|MOREGLOED#0",2026-10-10 12:24:06.234248+00:00,2026-10-10 12:24:06.234248+00:00,0.0
-25.8316486,28.2868764,MORELETAPARK X27,MYRA STREET,TSH,79900047,https://powerfailure.tshwane.gov.za/Tshwanesms/Map.aspx,"-25.8316,28.2869|MORELETAPARK X27#0",2026-09-29 08:23:13.536342+00:00,2026-10-10 12:24:06.234248+00:00,268.01
-25.8306426,28.2900904,MORELETAPARK X27,MYRA STREET,TSH,79900047,https://powerfailure.tshwane.gov.za/Tshwanesms/Map.aspx,"-25.8306,28.2901|MORELETAPARK X27#0",2026-09-29 08:23:13.536342+00:00,2026-10-10 12:24:06.234248+00:00,268.01
-25.832266,28.289955,MORELETAPARK X27,CHRISTALLER STREET,TSH,79900047,https://powerfailure.tshwane.gov.za/Tshwanesms/Map.aspx,"-25.8323,28.2900|MORELETAPARK X27#0",2026-09-29 08:23:13.536342+00:00,2026-10-10 12:24:06.234248+00:00,268.01
-25.8314977,28.2890378,MORELETAPARK X27,BURGESS AVENUE,TSH,79900047,https://powerfailure.tshwane.gov.za/Tshwanesms/Map.aspx,"-25.8315,28.2890|MORELETAPARK X27#0",2026-09-29 08:23:13.536342+00:00,2026-10-10 12:24:06.234248+00:00,268.01
-25.8293334,28.2938798,MORELETAPARK X28,PICASSO STREET,TSH,79900047,https://powerfailure.tshwane.gov.za/Tshwanesms/Map.aspx,"-25.8293,28.2939|MORELETAPARK X28#0",2026-09-29 20:42:53.961596+00:00,2026-10-10 12:24:06.234248+00:00,255.69
-25.828329,28.2977508,MORELETAPARK X23,KAMASSIE CRESCENT,TSH,79900047,https://powerfailure.tshwane.gov.za/Tshwanesms/Map.aspx,"-25.8283,28.2978|MORELETAPARK X23#0",2026-09-29 08:23:13.536342+00:00,2026-10-10 12:24:06.234248+00:00,268.01
-25.91831,28.0836485,OLIEVENHOUTBOS X26,LEKKERHOEK STREET,TSH,79900106,https://powerfailure.tshwane.gov.za/Tshwanesms/Map.aspx,"-25.9183,28.0836|OLIEVENHOUTBOS X26#0",2026-10-08 10:27:19.292786+00:00,2026-10-10 12:24:06.234248+00:00,49.95
-25.7339434,28.2117371,RIVIERA,SOUTPANSBERG ROAD,TSH,79900053,https://powerfailure.tshwane.gov.za/Tshwanesms/Map.aspx,"-25.7339,28.2117|RIVIERA#0",2026-10-07 10:10:01.835441+00:00,2026-10-10 12:24:06.234248+00:00,74.23
-25.735665,28.2205285,RIVIERA,BETTY STREET,TSH,79900084,https://powerfailure.tshwane.gov.za/Tshwanesms/Map.aspx,"-25.7357,28.2205|RIVIERA#0",2026-10-07 23:02:05.111773+00:00,2026-10-10 12:24:06.234248+00:00,61.37
-25.5847422,27.9757188,GA-RANKUWA,ZONE 14,TSH,79900030,https://powerfailure.tshwane.gov.za/Tshwanesms/Map.aspx,"-25.5847,27.9757|GA-RANKUWA#0",2026-10-09 13:08:42.013082+00:00,2026-10-10 12:24:06.234248+00:00,23.26
-25.7780089,28.3360993,WAPADRAND X01,THONG PLACE,TSH,79900085,https://powerfailure.tshwane.gov.za/Tshwanesms/Map.aspx,"-25.7780,28.3361|WAPADRAND X01#0",2026-09-29 08:23:13.536342+00:00,2026-10-10 12:24:06.234248+00:00,268.01
-25.7795379,28.3386689,WAPADRAND X01,PIVOT PLATE STREET,TSH,79900085,https://powerfailure.tshwane.gov.za/Tshwanesms/Map.aspx,"-25.7795,28.3387|WAPADRAND X01#0",2026-09-29 08:23:13.536342+00:00,2026-10-10 12:24:06.234248+00:00,268.01
-25.8010791,28.2730258,WATERKLOOF GLEN,JILL STREET,TSH,79900083,https://powerfailure.tshwane.gov.za/Tshwanesms/Map.aspx,"-25.8011,28.2730|WATERKLOOF GLEN#0",2026-10-08 17:51:27.458247+00:00,2026-10-10 12:24:06.234248+00:00,42.54
-25.7965701,28.2840607,WATERKLOOF GLEN,NEVELING STREET,TSH,79900083,https://powerfailure.tshwane.gov.za/Tshwanesms/Map.aspx,"-25.7966,28.2841|WATERKLOOF GLEN#0",2026-10-08 10:27:19.292786+00:00,2026-10-10 12:24:06.234248+00:00,49.95
-25.7986757,28.2586593,WATERKLOOF HEIGHTS X07,ANSELLIA DRIVE,TSH,79900042,https://powerfailure.tshwane.gov.za/Tshwanesms/Map.aspx,"-25.7987,28.2587|WATERKLOOF HEIGHTS X07#0",2026-10-10 00:00:01.978931+00:00,2026-10-10 12:24:06.234248+00:00,12.4
-25.8147636,28.2502372,WATERKLOOF RIDGE X02,POLARIS AVENUE,TSH,79900042,https://powerfailure.tshwane.gov.za/Tshwanesms/Map.aspx,"-25.8148,28.2502|WATERKLOOF RIDGE X02#0",2026-10-07 23:02:05.111773+00:00,2026-10-10 12:24:06.234248+00:00,61.37
-25.7662355,28.3609822,WILLOW ACRES X08,GEORGE BOULEVARD,TSH,79900101,https://powerfailure.tshwane.gov.za/Tshwanesms/Map.aspx,"-25.7662,28.3610|WILLOW ACRES X08#0",2026-10-03 08:01:40.485595+00:00,2026-10-10 12:24:06.234248+00:00,172.37
-25.765935,28.3618895,WILLOW ACRES X08,GEORGE BOULEVARD,TSH,79900101,https://powerfailure.tshwane.gov.za/Tshwanesms/Map.aspx,"-25.7659,28.3619|WILLOW ACRES X08#0",2026-10-03 08:01:40.485595+00:00,2026-10-10 12:24:06.234248+00:00,172.37
-25.7657683,28.3628994,WILLOW ACRES X09,LOURIE STREET,TSH,79900101,https://powerfailure.tshwane.gov.za/Tshwanesms/Map.aspx,"-25.7658,28.3629|WILLOW ACRES X09#0",2026-10-03 08:01:40.485595+00:00,2026-10-10 12:24:06.234248+00:00,172.37
-25.7632399,28.3687242,WILLOW ACRES X10,GEORGE BOULEVARD,TSH,79900101,https://powerfailure.tshwane.gov.za/Tshwanesms/Map.aspx,"-25.7632,28.3687|WILLOW ACRES X10#0",2026-10-03 08:01:40.485595+00:00,2026-10-10 12:24:06.234248+00:00,172.37
-25.7642175,28.3652862,WILLOW ACRES X11,GEORGE BOULEVARD,TSH,79900101,https://powerfailure.tshwane.gov.za/Tshwanesms/Map.aspx,"-25.7642,28.3653|WILLOW ACRES X11#0",2026-10-03 08:01:40.485595+00:00,2026-10-10 12:24:06.234248+00:00,172.37
-25.6519332,28.0442442,PATRYSHOEK AH,PL BVS-173-16N,TSH,79900031,https://powerfailure.tshwane.gov.za/Tshwanesms/Map.aspx,"-25.6519,28.0442|PATRYSHOEK AH#0",2026-10-03 08:01:40.485595+00:00,2026-10-10 12:24:06.234248+00:00,172.37
-25.8146325,28.7534627,ERASMUS X15,A32315 (1971/96),TSH,79900105,https://powerfailure.tshwane.gov.za/Tshwanesms/Map.aspx,"-25.8146,28.7535|ERASMUS X15#0",2026-10-02 18:22:22.786014+00:00,2026-10-10 12:24:06.234248+00:00,186.03
-25.8087798,28.7108187,RIAMARPARK,VERBENA STREET,TSH,79900102,https://powerfailure.tshwane.gov.za/Tshwanesms/Map.aspx,"-25.8088,28.7108|RIAMARPARK#0",2026-10-09 19:30:15.533813+00:00,2026-10-10 12:24:06.234248+00:00,16.9
-25.8071776,28.7095139,RIAMARPARK X04,PANSY STREET,TSH,79900102,https://powerfailure.tshwane.gov.za/Tshwanesms/Map.aspx,"-25.8072,28.7095|RIAMARPARK X04#0",2026-09-29 20:42:53.961596+00:00,2026-10-10 12:24:06.234248+00:00,255.69
-25.4817279,28.1119771,SOSHANGUVE-DD,STAND 177,TSH,79900088,https://powerfailure.tshwane.gov.za/Tshwanesms/Map.aspx,"-25.4817,28.1120|SOSHANGUVE-DD#0",2026-09-23 15:54:26.696532+00:00,2026-10-10 12:24:06.234248+00:00,404.49
-25.515241,28.0978627,SOSHANGUVE-F,STAND 1115,TSH,79900029,https://powerfailure.tshwane.gov.za/Tshwanesms/Map.aspx,"-25.5152,28.0979|SOSHANGUVE-F#0",2026-09-29 20:42:53.961596+00:00,2026-10-10 12:24:06.234248+00:00,255.69
-25.5159499,28.1000145,SOSHANGUVE-F,STAND 1876,TSH,79900029,https://powerfailure.tshwane.gov.za/Tshwanesms/Map.aspx,"-25.5159,28.1000|SOSHANGUVE-F#0",2026-09-27 17:42:36.624279+00:00,2026-10-10 12:24:06.234248+00:00,306.69
-25.6789794,28.3127239,DERDEPOORT 326-JR,PL BP-115-02 (STAND 645),TSH,79900087,https://powerfailure.tshwane.gov.za/Tshwanesms/Map.aspx,"-25.6790,28.3127|DERDEPOORT 326-JR#0",2026-10-08 17:51:27.458247+00:00,2026-10-10 12:24:06.234248+00:00,42.54
-25.6976336,28.2926519,DERDEPOORTPARK X03,DRAWWER CRESCENT,TSH,79900087,https://powerfailure.tshwane.gov.za/Tshwanesms/Map.aspx,"-25.6976,28.2927|DERDEPOORTPARK X03#0",2026-10-05 22:35:03.937620+00:00,2026-10-10 12:24:06.234248+00:00,109.82
-25.7182895,28.3241928,DESPATCH,PRICE STREET,TSH,79900043,https://powerfailure.tshwane.gov.za/Tshwanesms/Map.aspx,"-25.7183,28.3242|DESPATCH#0",2026-10-10 12:24:06.234248+00:00,2026-10-10 12:24:06.234248+00:00,0.0
-25.6741536,28.1621041,DORANDIA,ANGELICA STREET,TSH,79900002,https://powerfailure.tshwane.gov.za/Tshwanesms/Map.aspx,"-25.6742,28.1621|DORANDIA#0",2026-10-09 13:08:42.013082+00:00,2026-10-10 12:24:06.234248+00:00,23.26
-25.6771161,28.1618435,DORANDIA X07,ARISTATA STREET,TSH,79900002,https://powerfailure.tshwane.gov.za/Tshwanesms/Map.aspx,"-25.6771,28.1618|DORANDIA X07#0",2026-10-09 13:08:42.013082+00:00,2026-10-10 12:24:06.234248+00:00,23.26
-25.6763821,28.1647013,DORANDIA X08,RAMENAS STREET,TSH,79900002,https://powerfailure.tshwane.gov.za/Tshwanesms/Map.aspx,"-25.6764,28.1647|DORANDIA X08#0",2026-10-09 13:08:42.013082+00:00,2026-10-10 12:24:06.234248+00:00,23.26
-25.6739897,28.1564014,DORANDIA X09,LINEATA STREET,TSH,79900098,https://powerfailure.tshwane.gov.za/Tshwanesms/Map.aspx,"-25.6740,28.1564|DORANDIA X09#0",2026-10-09 13:08:42.013082+00:00,2026-10-10 12:24:06.234248+00:00,23.26
-25.6576726,28.1562704,DORANDIA X10,JUSTIN STREET,TSH,79900002,https://powerfailure.tshwane.gov.za/Tshwanesms/Map.aspx,"-25.6577,28.1563|DORANDIA X10#0",2026-10-09 13:08:42.013082+00:00,2026-10-10 12:24:06.234248+00:00,23.26
-25.8528652,28.2084796,DORINGKLOOF,GLOVER AVENUE,TSH,79900078,https://powerfailure.tshwane.gov.za/Tshwanesms/Map.aspx,"-25.8529,28.2085|DORINGKLOOF#0",2026-09-23 15:54:26.696532+00:00,2026-10-10 12:24:06.234248+00:00,404.49
-25.8512637,28.2075064,DORINGKLOOF,GLOVER AVENUE,TSH,79900078,https://powerfailure.tshwane.gov.za/Tshwanesms/Map.aspx,"-25.8513,28.2075|DORINGKLOOF#0",2026-09-23 15:54:26.696532+00:00,2026-10-10 12:24:06.234248+00:00,404.49
-25.8527058,28.2150342,DORINGKLOOF,JASPER AVENUE,TSH,79900078,https://powerfailure.tshwane.gov.za/Tshwanesms/Map.aspx,"-25.8527,28.2150|DORINGKLOOF#0",2026-09-23 15:54:26.696532+00:00,2026-10-10 12:24:06.234248+00:00,404.49
-25.7854685,28.1079051,LAUDIUM,EMERALD STREET,TSH,79900061,https://powerfailure.tshwane.gov.za/Tshwanesms/Map.aspx,"-25.7855,28.1079|LAUDIUM#0",2026-10-09 19:30:15.533813+00:00,2026-10-10 12:24:06.234248+00:00,16.9
-25.786118,28.1048818,LAUDIUM,PEARL STREET,TSH,79900061,https://powerfailure.tshwane.gov.za/Tshwanesms/Map.aspx,"-25.7861,28.1049|LAUDIUM#0",2026-10-09 19:30:15.533813+00:00,2026-10-10 12:24:06.234248+00:00,16.9
-25.7835747,28.1069076,LAUDIUM,GARNET STREET,TSH,79900061,https://powerfailure.tshwane.gov.za/Tshwanesms/Map.aspx,"-25.7836,28.1069|LAUDIUM#0",2026-10-09 19:30:15.533813+00:00,2026-10-10 12:24:06.234248+00:00,16.9
-25.7162057,28.4082118,MAMELODI X06,TSHOANE STREET,TSH,79900040,https://powerfailure.tshwane.gov.za/Tshwanesms/Map.aspx,"-25.7162,28.4082|MAMELODI X06#0",2026-09-23 15:54:26.696532+00:00,2026-10-10 12:24:06.234248+00:00,404.49
-25.8327492,28.2862341,MORELETAPARK X01,FRHENSCH STREET,TSH,79900047,https://powerfailure.tshwane.gov.za/Tshwanesms/Map.aspx,"-25.8327,28.2862|MORELETAPARK X01#0",2026-09-29 08:23:13.536342+00:00,2026-10-10 12:24:06.234248+00:00,268.01
-25.8289704,28.2993097,MORELETAPARK X09,DE VILLEBOIS MAREUIL DRIVE,TSH,79900091,https://powerfailure.tshwane.gov.za/Tshwanesms/Map.aspx,"-25.8290,28.2993|MORELETAPARK X09#0",2026-09-29 08:23:13.536342+00:00,2026-10-10 12:24:06.234248+00:00,268.01
-25.8337255,28.2881981,MORELETAPARK X27,CHRISTALLER STREET,TSH,79900047,https://powerfailure.tshwane.gov.za/Tshwanesms/Map.aspx,"-25.8337,28.2882|MORELETAPARK X27#0",2026-09-29 08:23:13.536342+00:00,2026-10-10 12:24:06.234248+00:00,268.01
-25.8338434,28.2951693,MORELETAPARK X24,ANTON STREET,TSH,79900091,https://powerfailure.tshwane.gov.za/Tshwanesms/Map.aspx,"-25.8338,28.2952|MORELETAPARK X24#0",2026-09-29 08:23:13.536342+00:00,2026-10-10 12:24:06.234248+00:00,268.01
-25.8330936,28.2960625,MORELETAPARK X24,ANTON STREET,TSH,79900091,https://powerfailure.tshwane.gov.za/Tshwanesms/Map.aspx,"-25.8331,28.2961|MORELETAPARK X24#0",2026-09-29 08:23:13.536342+00:00,2026-10-10 12:24:06.234248+00:00,268.01
-25.8341859,28.2967027,MORELETAPARK X24,BUFFA STREET,TSH,79900091,https://powerfailure.tshwane.gov.za/Tshwanesms/Map.aspx,"-25.8342,28.2967|MORELETAPARK X24#0",2026-09-29 08:23:13.536342+00:00,2026-10-10 12:24:06.234248+00:00,268.01
-25.8285565,28.2943732,MORELETAPARK X28,PICASSO STREET,TSH,79900047,https://powerfailure.tshwane.gov.za/Tshwanesms/Map.aspx,"-25.8286,28.2944|MORELETAPARK X28#0",2026-09-29 08:23:13.536342+00:00,2026-10-10 12:24:06.234248+00:00,268.01
-25.8327476,28.2939043,MORELETAPARK X21,VAN EYCK STREET,TSH,79900091,https://powerfailure.tshwane.gov.za/Tshwanesms/Map.aspx,"-25.8327,28.2939|MORELETAPARK X21#0",2026-09-29 08:23:13.536342+00:00,2026-10-10 12:24:06.234248+00:00,268.01
-25.8369849,28.2937599,MORELETAPARK X37,PAUL STREET,TSH,79900091,https://powerfailure.tshwane.gov.za/Tshwanesms/Map.aspx,"-25.8370,28.2938|MORELETAPARK X37#0",2026-09-29 08:23:13.536342+00:00,2026-10-10 12:24:06.234248+00:00,268.01
-25.8318521,28.2998894,MORELETAPARK X41,CARLA STREET,TSH,79900091,https://powerfailure.tshwane.gov.za/Tshwanesms/Map.aspx,"-25.8319,28.2999|MORELETAPARK X41#0",2026-09-29 08:23:13.536342+00:00,2026-10-10 12:24:06.234248+00:00,268.01
-25.8345366,28.3240699,RIETFONTEIN 375-JR,BEAU ART CRESCENT,TSH,79900091,https://powerfailure.tshwane.gov.za/Tshwanesms/Map.aspx,"-25.8345,28.3241|RIETFONTEIN 375-JR#0",2026-09-23 15:54:26.696532+00:00,2026-10-10 12:24:06.234248+00:00,404.49
-25.7878853,28.3592236,PARADISO,PARADISO,TSH,79900101,https://powerfailure.tshwane.gov.za/Tshwanesms/Map.aspx,"-25.7879,28.3592|PARADISO#0",2026-10-08 17:51:27.458247+00:00,2026-10-10 12:24:06.234248+00:00,42.54
-25.7323883,28.2125448,RIVIERA,BLAKE STREET,TSH,79900053,https://powerfailure.tshwane.gov.za/Tshwanesms/Map.aspx,"-25.7324,28.2125|RIVIERA#0",2026-10-07 10:10:01.835441+00:00,2026-10-10 12:24:06.234248+00:00,74.23
-25.7357091,28.2118126,RIVIERA,WELL STREET,TSH,79900053,https://powerfailure.tshwane.gov.za/Tshwanesms/Map.aspx,"-25.7357,28.2118|RIVIERA#0",2026-10-07 10:10:01.835441+00:00,2026-10-10 12:24:06.234248+00:00,74.23
-25.7350983,28.2194923,RIVIERA,BETTY STREET,TSH,79900053,https://powerfailure.tshwane.gov.za/Tshwanesms/Map.aspx,"-25.7351,28.2195|RIVIERA#0",2026-10-07 10:10:01.835441+00:00,2026-10-10 12:24:06.234248+00:00,74.23
-25.7010884,28.1426632,SUIDERBERG,NAMBULITE STREET,TSH,79900055,https://powerfailure.tshwane.gov.za/Tshwanesms/Map.aspx,"-25.7011,28.1427|SUIDERBERG#0",2026-10-09 19:30:15.533813+00:00,2026-10-10 12:24:06.234248+00:00,16.9
-25.7767884,28.3395426,WAPADRAND X01,SPEEK STREET,TSH,79900085,https://powerfailure.tshwane.gov.za/Tshwanesms/Map.aspx,"-25.7768,28.3395|WAPADRAND X01#0",2026-09-29 08:23:13.536342+00:00,2026-10-10 12:24:06.234248+00:00,268.01
-25.7740274,28.3256184,WAPADRAND X34,HADIDA CRESCENT,TSH,79900085,https://powerfailure.tshwane.gov.za/Tshwanesms/Map.aspx,"-25.7740,28.3256|WAPADRAND X34#0",2026-09-30 13:37:49.273392+00:00,2026-10-10 12:24:06.234248+00:00,238.77
-25.7971564,28.2830375,WATERKLOOF GLEN X03,ANTON VAN WOUW STREET,TSH,79900083,https://powerfailure.tshwane.gov.za/Tshwanesms/Map.aspx,"-25.7972,28.2830|WATERKLOOF GLEN X03#0",2026-10-08 10:27:19.292786+00:00,2026-10-10 12:24:06.234248+00:00,49.95
-25.792507,28.2564401,WATERKLOOF HEIGHTS X03,OUDEBERG ROAD,TSH,79900042,https://powerfailure.tshwane.gov.za/Tshwanesms/Map.aspx,"-25.7925,28.2564|WATERKLOOF HEIGHTS X03#0",2026-10-09 13:08:42.013082+00:00,2026-10-10 12:24:06.234248+00:00,23.26
-25.7675246,28.3592573,WILLOW ACRES X08,GEORGE BOULEVARD,TSH,79900101,https://powerfailure.tshwane.gov.za/Tshwanesms/Map.aspx,"-25.7675,28.3593|WILLOW ACRES X08#0",2026-10-03 08:01:40.485595+00:00,2026-10-10 12:24:06.234248+00:00,172.37
-25.7661788,28.3617093,WILLOW ACRES X08,GEORGE BOULEVARD,TSH,79900101,https://powerfailure.tshwane.gov.za/Tshwanesms/Map.aspx,"-25.7662,28.3617|WILLOW ACRES X08#0",2026-10-03 08:01:40.485595+00:00,2026-10-10 12:24:06.234248+00:00,172.37
-25.765008,28.3632116,WILLOW ACRES X09,GEORGE BOULEVARD,TSH,79900101,https://powerfailure.tshwane.gov.za/Tshwanesms/Map.aspx,"-25.7650,28.3632|WILLOW ACRES X09#0",2026-10-02 22:56:53.748764+00:00,2026-10-10 12:24:06.234248+00:00,181.45
-25.7637006,28.3686716,WILLOW ACRES X10,GEORGE BOULEVARD,TSH,79900101,https://powerfailure.tshwane.gov.za/Tshwanesms/Map.aspx,"-25.7637,28.3687|WILLOW ACRES X10#0",2026-10-03 08:01:40.485595+00:00,2026-10-10 12:24:06.234248+00:00,172.37
-25.764275,28.3673901,WILLOW ACRES X11,GEORGE BOULEVARD,TSH,79900101,https://powerfailure.tshwane.gov.za/Tshwanesms/Map.aspx,"-25.7643,28.3674|WILLOW ACRES X11#0",2026-10-03 08:01:40.485595+00:00,2026-10-10 12:24:06.234248+00:00,172.37
-25.6260818,28.0973096,ROSSLYN,KOTZENBERG,TSH,79900037,https://powerfailure.tshwane.gov.za/Tshwanesms/Map.aspx,"-25.6261,28.0973|ROSSLYN#0",2026-10-08 23:17:48.201218+00:00,2026-10-10 12:24:06.234248+00:00,37.11
-25.7565727,28.3654837,SAVANNAH COUNTRY ESTATE X04,KIAAT PLACE,TSH,79900015,https://powerfailure.tshwane.gov.za/Tshwanesms/Map.aspx,"-25.7566,28.3655|SAVANNAH COUNTRY ESTATE X04#0",2026-09-23 15:54:26.696532+00:00,2026-10-10 12:24:06.234248+00:00,404.49
-25.8064073,28.7142913,RIAMARPARK,HORTENSIA STREET,TSH,79900102,https://powerfailure.tshwane.gov.za/Tshwanesms/Map.aspx,"-25.8064,28.7143|RIAMARPARK#0",2026-09-29 20:42:53.961596+00:00,2026-10-10 12:24:06.234248+00:00,255.69
-25.8091304,28.7138802,RIAMARPARK,ZINNIA STREET,TSH,79900102,https://powerfailure.tshwane.gov.za/Tshwanesms/Map.aspx,"-25.8091,28.7139|RIAMARPARK#0",2026-10-05 22:35:03.937620+00:00,2026-10-10 12:24:06.234248+00:00,109.82
-25.4913599,28.1094452,SOSHANGUVE-DD,STAND 712,TSH,79900088,https://powerfailure.tshwane.gov.za/Tshwanesms/Map.aspx,"-25.4914,28.1094|SOSHANGUVE-DD#0",2026-09-29 20:42:53.961596+00:00,2026-10-10 12:24:06.234248+00:00,255.69
-25.491523,28.1167204,SOSHANGUVE-DD,STAND 934,TSH,79900088,https://powerfailure.tshwane.gov.za/Tshwanesms/Map.aspx,"-25.4915,28.1167|SOSHANGUVE-DD#0",2026-10-01 18:51:09.084613+00:00,2026-10-10 12:24:06.234248+00:00,209.55
-25.5136936,28.0934513,SOSHANGUVE-F,STAND 776,TSH,79900029,https://powerfailure.tshwane.gov.za/Tshwanesms/Map.aspx,"-25.5137,28.0935|SOSHANGUVE-F#0",2026-09-28 21:54:04.654174+00:00,2026-10-10 12:24:06.234248+00:00,278.5
-25.5144982,28.0941695,SOSHANGUVE-F,STAND 818,TSH,79900029,https://powerfailure.tshwane.gov.za/Tshwanesms/Map.aspx,"-25.5145,28.0942|SOSHANGUVE-F#0",2026-09-29 20:42:53.961596+00:00,2026-10-10 12:24:06.234248+00:00,255.69
-25.5150737,28.0996546,SOSHANGUVE-F,STAND 1225,TSH,79900029,https://powerfailure.tshwane.gov.za/Tshwanesms/Map.aspx,"-25.5151,28.0997|SOSHANGUVE-F#0",2026-10-09 19:30:15.533813+00:00,2026-10-10 12:24:06.234248+00:00,16.9
-25.7857065,28.1079697,LAUDIUM,FOURTH AVENUE,TSH,79900061,https://powerfailure.tshwane.gov.za/Tshwanesms/Map.aspx,"-25.7857,28.1080|LAUDIUM#0",2026-10-09 19:30:15.533813+00:00,2026-10-10 12:24:06.234248+00:00,16.9
-25.7858118,28.107433,LAUDIUM,PEARL STREET,TSH,79900061,https://powerfailure.tshwane.gov.za/Tshwanesms/Map.aspx,"-25.7858,28.1074|LAUDIUM#0",2026-10-09 19:30:15.533813+00:00,2026-10-10 12:24:06.234248+00:00,16.9
-25.7183452,28.3618972,MAMELODI,MITLWAWA STREET,TSH,79900028,https://powerfailure.tshwane.gov.za/Tshwanesms/Map.aspx,"-25.7183,28.3619|MAMELODI#0",2026-09-23 15:54:26.696532+00:00,2026-10-10 12:24:06.234248+00:00,404.49
-25.7173743,28.4089694,MAMELODI X06,LENGANA STREET,TSH,79900040,https://powerfailure.tshwane.gov.za/Tshwanesms/Map.aspx,"-25.7174,28.4090|MAMELODI X06#0",2026-09-23 15:54:26.696532+00:00,2026-10-10 12:24:06.234248+00:00,404.49
-25.7224822,28.4079614,MAMELODI X06,MOHWELERE STREET,TSH,79900040,https://powerfailure.tshwane.gov.za/Tshwanesms/Map.aspx,"-25.7225,28.4080|MAMELODI X06#0",2026-10-02 12:24:50.491552+00:00,2026-10-10 12:24:06.234248+00:00,191.99
-25.723341,28.4047641,MAMELODI X06,MMUPUDU CRESCENT,TSH,79900040,https://powerfailure.tshwane.gov.za/Tshwanesms/Map.aspx,"-25.7233,28.4048|MAMELODI X06#0",2026-10-09 13:08:42.013082+00:00,2026-10-10 12:24:06.234248+00:00,23.26
-25.8138745,28.2976452,MORELETAPARK X07,JOHANITA STREET,TSH,79900083,https://powerfailure.tshwane.gov.za/Tshwanesms/Map.aspx,"-25.8139,28.2976|MORELETAPARK X07#0",2026-10-04 21:21:41.422087+00:00,2026-10-10 12:24:06.234248+00:00,135.04
-25.8169877,28.2874986,MORELETAPARK X02,HELIOS STREET,TSH,79900083,https://powerfailure.tshwane.gov.za/Tshwanesms/Map.aspx,"-25.8170,28.2875|MORELETAPARK X02#0",2026-10-09 19:30:15.533813+00:00,2026-10-10 12:24:06.234248+00:00,16.9
-25.8305811,28.2874515,MORELETAPARK X27,MURPHY PLACE,TSH,79900047,https://powerfailure.tshwane.gov.za/Tshwanesms/Map.aspx,"-25.8306,28.2875|MORELETAPARK X27#0",2026-09-29 08:23:13.536342+00:00,2026-10-10 12:24:06.234248+00:00,268.01
-25.8310914,28.2887871,MORELETAPARK X27,MYRA STREET,TSH,79900047,https://powerfailure.tshwane.gov.za/Tshwanesms/Map.aspx,"-25.8311,28.2888|MORELETAPARK X27#0",2026-09-29 08:23:13.536342+00:00,2026-10-10 12:24:06.234248+00:00,268.01
-25.8288001,28.2922192,MORELETAPARK X28,TANYA STREET,TSH,79900047,https://powerfailure.tshwane.gov.za/Tshwanesms/Map.aspx,"-25.8288,28.2922|MORELETAPARK X28#0",2026-09-29 08:23:13.536342+00:00,2026-10-10 12:24:06.234248+00:00,268.01
-25.8274089,28.3000606,MORELETAPARK X23,KAMASSIE CRESCENT,TSH,79900047,https://powerfailure.tshwane.gov.za/Tshwanesms/Map.aspx,"-25.8274,28.3001|MORELETAPARK X23#0",2026-09-29 08:23:13.536342+00:00,2026-10-10 12:24:06.234248+00:00,268.01
-25.8365756,28.2945707,MORELETAPARK X37,PAUL STREET,TSH,79900091,https://powerfailure.tshwane.gov.za/Tshwanesms/Map.aspx,"-25.8366,28.2946|MORELETAPARK X37#0",2026-09-29 08:23:13.536342+00:00,2026-10-10 12:24:06.234248+00:00,268.01
-25.8310921,28.3280373,RIETFONTEIN 375-JR,BEAU ART CRESCENT,TSH,79900091,https://powerfailure.tshwane.gov.za/Tshwanesms/Map.aspx,"-25.8311,28.3280|RIETFONTEIN 375-JR#0",2026-09-23 15:54:26.696532+00:00,2026-10-10 12:24:06.234248+00:00,404.49
-25.8452822,28.3287894,RIETFONTEIN 375-JR,DANCING DUEL CRESCENT,TSH,79900091,https://powerfailure.tshwane.gov.za/Tshwanesms/Map.aspx,"-25.8453,28.3288|RIETFONTEIN 375-JR#0",2026-09-23 15:54:26.696532+00:00,2026-10-10 12:24:06.234248+00:00,404.49
-25.8481101,28.3339782,RIETFONTEIN 375-JR,DEVON AIR STREET,TSH,79900091,https://powerfailure.tshwane.gov.za/Tshwanesms/Map.aspx,"-25.8481,28.3340|RIETFONTEIN 375-JR#0",2026-09-23 15:54:26.696532+00:00,2026-10-10 12:24:06.234248+00:00,404.49
-25.7344246,28.2213565,RIETONDALE,SOUTPANSBERG ROAD,TSH,79900084,https://powerfailure.tshwane.gov.za/Tshwanesms/Map.aspx,"-25.7344,28.2214|RIETONDALE#0",2026-10-07 10:10:01.835441+00:00,2026-10-10 12:24:06.234248+00:00,74.23
-25.7333272,28.2115196,RIVIERA,ANNIE BOTHA AVENUE,TSH,79900053,https://powerfailure.tshwane.gov.za/Tshwanesms/Map.aspx,"-25.7333,28.2115|RIVIERA#0",2026-10-07 10:10:01.835441+00:00,2026-10-10 12:24:06.234248+00:00,74.23
-25.7361153,28.2202246,RIVIERA,MANN STREET,TSH,79900053,https://powerfailure.tshwane.gov.za/Tshwanesms/Map.aspx,"-25.7361,28.2202|RIVIERA#0",2026-10-07 10:10:01.835441+00:00,2026-10-10 12:24:06.234248+00:00,74.23
-25.7797103,28.3390327,WAPADRAND X01,JUK STREET,TSH,79900085,https://powerfailure.tshwane.gov.za/Tshwanesms/Map.aspx,"-25.7797,28.3390|WAPADRAND X01#0",2026-09-29 08:23:13.536342+00:00,2026-10-10 12:24:06.234248+00:00,268.01
-25.7781557,28.3407894,WAPADRAND X01,JUK STREET,TSH,79900085,https://powerfailure.tshwane.gov.za/Tshwanesms/Map.aspx,"-25.7782,28.3408|WAPADRAND X01#0",2026-09-29 08:23:13.536342+00:00,2026-10-10 12:24:06.234248+00:00,268.01
-25.7974349,28.2592647,WATERKLOOF HEIGHTS X07,STAPELIA ROAD,TSH,79900042,https://powerfailure.tshwane.gov.za/Tshwanesms/Map.aspx,"-25.7974,28.2593|WATERKLOOF HEIGHTS X07#0",2026-10-08 10:27:19.292786+00:00,2026-10-10 12:24:06.234248+00:00,49.95
-25.7666861,28.3624864,WILLOW ACRES X08,GEORGE BOULEVARD,TSH,79900101,https://powerfailure.tshwane.gov.za/Tshwanesms/Map.aspx,"-25.7667,28.3625|WILLOW ACRES X08#0",2026-10-01 13:04:14.443671+00:00,2026-10-10 12:24:06.234248+00:00,215.33
-25.6524187,28.122135,WINTERNEST AH,STAND 26/1,TSH,79900098,https://powerfailure.tshwane.gov.za/Tshwanesms/Map.aspx,"-25.6524,28.1221|WINTERNEST AH#0",2026-10-03 21:09:40.415928+00:00,2026-10-10 12:24:06.234248+00:00,159.24
-25.6465615,28.1037491,THE ORCHARDS X02,KIRKNESS ROAD,TSH,79900004,https://powerfailure.tshwane.gov.za/Tshwanesms/Map.aspx,"-25.6466,28.1037|THE ORCHARDS X02#0",2026-10-04 06:47:51.169722+00:00,2026-10-10 12:24:06.234248+00:00,149.6
-25.643018,28.0989209,THE ORCHARDS X05,HITCHCOCK STREET,TSH,79900004,https://powerfailure.tshwane.gov.za/Tshwanesms/Map.aspx,"-25.6430,28.0989|THE ORCHARDS X05#0",2026-09-23 15:54:26.696532+00:00,2026-10-10 12:24:06.234248+00:00,404.49
-25.8065681,28.7132836,RIAMARPARK,KRISANT STREET,TSH,79900102,https://powerfailure.tshwane.gov.za/Tshwanesms/Map.aspx,"-25.8066,28.7133|RIAMARPARK#0",2026-09-29 20:42:53.961596+00:00,2026-10-10 12:24:06.234248+00:00,255.69
-25.8050341,28.7098408,RIAMARPARK X04,SONNEBLOM ROAD,TSH,79900102,https://powerfailure.tshwane.gov.za/Tshwanesms/Map.aspx,"-25.8050,28.7098|RIAMARPARK X04#0",2026-09-29 20:42:53.961596+00:00,2026-10-10 12:24:06.234248+00:00,255.69
-25.8051451,28.713862,RIAMARPARK X04,SONNEBLOM ROAD,TSH,79900102,https://powerfailure.tshwane.gov.za/Tshwanesms/Map.aspx,"-25.8051,28.7139|RIAMARPARK X04#0",2026-09-28 21:54:04.654174+00:00,2026-10-10 12:24:06.234248+00:00,278.5
-25.806123,28.7128496,RIAMARPARK X04,AANDBLOM STREET,TSH,79900102,https://powerfailure.tshwane.gov.za/Tshwanesms/Map.aspx,"-25.8061,28.7128|RIAMARPARK X04#0",2026-09-29 20:42:53.961596+00:00,2026-10-10 12:24:06.234248+00:00,255.69
-25.8059987,28.7131578,RIAMARPARK X04,AANDBLOM STREET,TSH,79900102,https://powerfailure.tshwane.gov.za/Tshwanesms/Map.aspx,"-25.8060,28.7132|RIAMARPARK X04#0",2026-09-29 20:42:53.961596+00:00,2026-10-10 12:24:06.234248+00:00,255.69
-25.4919505,28.0967133,SOSHANGUVE-BB,STAND 1801,TSH,79900094,https://powerfailure.tshwane.gov.za/Tshwanesms/Map.aspx,"-25.4920,28.0967|SOSHANGUVE-BB#0",2026-09-29 20:42:53.961596+00:00,2026-10-10 12:24:06.234248+00:00,255.69
-25.7945098,28.1157384,CLAUDIUS X01,SIKKEM STREET,TSH,79900061,https://powerfailure.tshwane.gov.za/Tshwanesms/Map.aspx,"-25.7945,28.1157|CLAUDIUS X01#0",2026-10-09 19:30:15.533813+00:00,2026-10-10 12:24:06.234248+00:00,16.9
-25.78463,28.1049805,LAUDIUM,AQUAMARINE STREET,TSH,79900061,https://powerfailure.tshwane.gov.za/Tshwanesms/Map.aspx,"-25.7846,28.1050|LAUDIUM#0",2026-10-10 12:24:06.234248+00:00,2026-10-10 12:24:06.234248+00:00,0.0
-25.7836195,28.1065342,LAUDIUM,GARNET STREET,TSH,79900061,https://powerfailure.tshwane.gov.za/Tshwanesms/Map.aspx,"-25.7836,28.1065|LAUDIUM#0",2026-10-09 19:30:15.533813+00:00,2026-10-10 12:24:06.234248+00:00,16.9
-25.7835075,28.1074676,LAUDIUM,GARNET STREET,TSH,79900061,https://powerfailure.tshwane.gov.za/Tshwanesms/Map.aspx,"-25.7835,28.1075|LAUDIUM#0",2026-10-09 19:30:15.533813+00:00,2026-10-10 12:24:06.234248+00:00,16.9
-25.7175427,28.3530021,MAMELODI,STAND  7759,TSH,79900006,https://powerfailure.tshwane.gov.za/Tshwanesms/Map.aspx,"-25.7175,28.3530|MAMELODI#0",2026-09-28 21:54:04.654174+00:00,2026-10-10 12:24:06.234248+00:00,278.5
-25.7204508,28.4073877,MAMELODI X06,MOKATA STREET,TSH,79900040,https://powerfailure.tshwane.gov.za/Tshwanesms/Map.aspx,"-25.7205,28.4074|MAMELODI X06#0",2026-09-23 15:54:26.696532+00:00,2026-10-10 12:24:06.234248+00:00,404.49
-25.6675857,28.2610876,MONTANA TUINE X49,TWEE RIVIERE VILLAGE,TSH,79900096,https://powerfailure.tshwane.gov.za/Tshwanesms/Map.aspx,"-25.6676,28.2611|MONTANA TUINE X49#0",2026-10-10 12:24:06.234248+00:00,2026-10-10 12:24:06.234248+00:00,0.0
-25.6628783,28.2653944,MONTANA TUINE X53,TWEE RIVIERE AFTREE OORD,TSH,79900096,https://powerfailure.tshwane.gov.za/Tshwanesms/Map.aspx,"-25.6629,28.2654|MONTANA TUINE X53#0",2026-10-09 19:30:15.533813+00:00,2026-10-10 12:24:06.234248+00:00,16.9
-25.8259913,28.2839818,MORELETAPARK X01,FRHENSCH STREET,TSH,79900047,https://powerfailure.tshwane.gov.za/Tshwanesms/Map.aspx,"-25.8260,28.2840|MORELETAPARK X01#0",2026-10-03 08:01:40.485595+00:00,2026-10-10 12:24:06.234248+00:00,172.37
-25.8296143,28.2879552,MORELETAPARK X27,TIMEBALL AVENUE,TSH,79900047,https://powerfailure.tshwane.gov.za/Tshwanesms/Map.aspx,"-25.8296,28.2880|MORELETAPARK X27#0",2026-09-29 20:42:53.961596+00:00,2026-10-10 12:24:06.234248+00:00,255.69
-25.8330215,28.2898068,MORELETAPARK X27,CHRISTALLER STREET,TSH,79900047,https://powerfailure.tshwane.gov.za/Tshwanesms/Map.aspx,"-25.8330,28.2898|MORELETAPARK X27#0",2026-09-29 08:23:13.536342+00:00,2026-10-10 12:24:06.234248+00:00,268.01
-25.8327088,28.2901664,MORELETAPARK X27,CHRISTALLER STREET,TSH,79900047,https://powerfailure.tshwane.gov.za/Tshwanesms/Map.aspx,"-25.8327,28.2902|MORELETAPARK X27#0",2026-09-29 08:23:13.536342+00:00,2026-10-10 12:24:06.234248+00:00,268.01
-25.8309321,28.2902713,MORELETAPARK X27,CHRISTALLER STREET,TSH,79900047,https://powerfailure.tshwane.gov.za/Tshwanesms/Map.aspx,"-25.8309,28.2903|MORELETAPARK X27#0",2026-09-29 08:23:13.536342+00:00,2026-10-10 12:24:06.234248+00:00,268.01
-25.8333918,28.2969615,MORELETAPARK X24,BUFFA STREET,TSH,79900091,https://powerfailure.tshwane.gov.za/Tshwanesms/Map.aspx,"-25.8334,28.2970|MORELETAPARK X24#0",2026-09-29 08:23:13.536342+00:00,2026-10-10 12:24:06.234248+00:00,268.01
-25.8311116,28.2949943,MORELETAPARK X21,VERMEER PLACE,TSH,79900091,https://powerfailure.tshwane.gov.za/Tshwanesms/Map.aspx,"-25.8311,28.2950|MORELETAPARK X21#0",2026-09-29 08:23:13.536342+00:00,2026-10-10 12:24:06.234248+00:00,268.01
-25.8325585,28.2930514,MORELETAPARK X21,DALI STREET,TSH,79900091,https://powerfailure.tshwane.gov.za/Tshwanesms/Map.aspx,"-25.8326,28.2931|MORELETAPARK X21#0",2026-09-29 20:42:53.961596+00:00,2026-10-10 12:24:06.234248+00:00,255.69
-25.831724,28.2984283,MORELETAPARK X41,WEKKER ROAD,TSH,79900091,https://powerfailure.tshwane.gov.za/Tshwanesms/Map.aspx,"-25.8317,28.2984|MORELETAPARK X41#0",2026-09-29 08:23:13.536342+00:00,2026-10-10 12:24:06.234248+00:00,268.01
-25.8334159,28.3285788,RIETFONTEIN 375-JR,JOLLIFY MAIN ROAD,TSH,79900091,https://powerfailure.tshwane.gov.za/Tshwanesms/Map.aspx,"-25.8334,28.3286|RIETFONTEIN 375-JR#0",2026-09-23 15:54:26.696532+00:00,2026-10-10 12:24:06.234248+00:00,404.49
-25.8443517,28.3363854,RIETFONTEIN 375-JR,JOLLIFY RING ROAD,TSH,79900091,https://powerfailure.tshwane.gov.za/Tshwanesms/Map.aspx,"-25.8444,28.3364|RIETFONTEIN 375-JR#0",2026-09-23 15:54:26.696532+00:00,2026-10-10 12:24:06.234248+00:00,404.49
-25.7324151,28.2128236,RIVIERA,ANNIE BOTHA AVENUE,TSH,79900053,https://powerfailure.tshwane.gov.za/Tshwanesms/Map.aspx,"-25.7324,28.2128|RIVIERA#0",2026-10-07 10:10:01.835441+00:00,2026-10-10 12:24:06.234248+00:00,74.23
-25.7783735,28.3373062,WAPADRAND X01,THONG PLACE,TSH,79900085,https://powerfailure.tshwane.gov.za/Tshwanesms/Map.aspx,"-25.7784,28.3373|WAPADRAND X01#0",2026-09-29 08:23:13.536342+00:00,2026-10-10 12:24:06.234248+00:00,268.01
-25.7796335,28.3410034,WAPADRAND X06,PIVOT PLACE,TSH,79900085,https://powerfailure.tshwane.gov.za/Tshwanesms/Map.aspx,"-25.7796,28.3410|WAPADRAND X06#0",2026-09-29 08:23:13.536342+00:00,2026-10-10 12:24:06.234248+00:00,268.01
-25.7796335,28.3410034,WAPADRAND X06,PIVOT PLACE,TSH,79900085,https://powerfailure.tshwane.gov.za/Tshwanesms/Map.aspx,"-25.7796,28.3410|WAPADRAND X06#1",2026-09-29 08:23:13.536342+00:00,2026-10-10 12:24:06.234248+00:00,268.01
-25.7803369,28.2379667,WATERKLOOF,ALBERT STREET,TSH,79900042,https://powerfailure.tshwane.gov.za/Tshwanesms/Map.aspx,"-25.7803,28.2380|WATERKLOOF#0",2026-10-09 19:30:15.533813+00:00,2026-10-10 12:24:06.234248+00:00,16.9
-25.7978017,28.2838755,WATERKLOOF GLEN X03,ANTON VAN WOUW STREET,TSH,79900083,https://powerfailure.tshwane.gov.za/Tshwanesms/Map.aspx,"-25.7978,28.2839|WATERKLOOF GLEN X03#0",2026-10-08 10:27:19.292786+00:00,2026-10-10 12:24:06.234248+00:00,49.95
-25.8077471,28.2089712,WATERKLOOF 378-JR,M10194 WATERKLOOF 387 JR POLE,TSH,79900079,https://powerfailure.tshwane.gov.za/Tshwanesms/Map.aspx,"-25.8077,28.2090|WATERKLOOF 378-JR#0",2026-10-05 15:56:27.539408+00:00,2026-10-10 12:24:06.234248+00:00,116.46
-25.7977761,28.2421311,WATERKLOOF RIDGE,INDUS STREET,TSH,79900042,https://powerfailure.tshwane.gov.za/Tshwanesms/Map.aspx,"-25.7978,28.2421|WATERKLOOF RIDGE#0",2026-10-09 19:30:15.533813+00:00,2026-10-10 12:24:06.234248+00:00,16.9
-25.6685574,27.9469282,SCHIETFONTEIN 437-JQ,DW 7,NW372,63702019,https://powerfailure.tshwane.gov.za/Tshwanesms/Map.aspx,"-25.6686,27.9469|SCHIETFONTEIN 437-JQ#0",2026-10-06 10:08:41.992184+00:00,2026-10-10 12:24:06.234248+00:00,98.26
-25.7655605,28.3621935,WILLOW ACRES X08,GEORGE BOULEVARD,TSH,79900101,https://powerfailure.tshwane.gov.za/Tshwanesms/Map.aspx,"-25.7656,28.3622|WILLOW ACRES X08#0",2026-10-03 08:01:40.485595+00:00,2026-10-10 12:24:06.234248+00:00,172.37
-25.7638044,28.3636059,WILLOW ACRES X09,GEORGE BOULEVARD,TSH,79900101,https://powerfailure.tshwane.gov.za/Tshwanesms/Map.aspx,"-25.7638,28.3636|WILLOW ACRES X09#0",2026-10-03 08:01:40.485595+00:00,2026-10-10 12:24:06.234248+00:00,172.37
-25.7645048,28.3632773,WILLOW ACRES X09,GEORGE BOULEVARD,TSH,79900101,https://powerfailure.tshwane.gov.za/Tshwanesms/Map.aspx,"-25.7645,28.3633|WILLOW ACRES X09#0",2026-10-03 08:01:40.485595+00:00,2026-10-10 12:24:06.234248+00:00,172.37
-25.7630971,28.3647335,WILLOW ACRES X09,GEORGE BOULEVARD,TSH,79900101,https://powerfailure.tshwane.gov.za/Tshwanesms/Map.aspx,"-25.7631,28.3647|WILLOW ACRES X09#0",2026-10-03 08:01:40.485595+00:00,2026-10-10 12:24:06.234248+00:00,172.37
-25.6526694,28.1230591,WINTERNEST AH,STAND 26/R,TSH,79900098,https://powerfailure.tshwane.gov.za/Tshwanesms/Map.aspx,"-25.6527,28.1231|WINTERNEST AH#0",2026-10-03 21:09:40.415928+00:00,2026-10-10 12:24:06.234248+00:00,159.24
-25.6501667,28.1058543,THE ORCHARDS X03,BERTRAM AVENUE,TSH,79900004,https://powerfailure.tshwane.gov.za/Tshwanesms/Map.aspx,"-25.6502,28.1059|THE ORCHARDS X03#0",2026-09-23 15:54:26.696532+00:00,2026-10-10 12:24:06.234248+00:00,404.49
-25.7563119,28.3741262,SAVANNAH COUNTRY ESTATE X01,SAVANNAH COUNTRY ESTATE EXT 1,TSH,79900015,https://powerfailure.tshwane.gov.za/Tshwanesms/Map.aspx,"-25.7563,28.3741|SAVANNAH COUNTRY ESTATE X01#0",2026-09-23 15:54:26.696532+00:00,2026-10-10 12:24:06.234248+00:00,404.49
-25.8112318,28.7166082,RIAMARPARK,VILETTE STREET,TSH,79900102,https://powerfailure.tshwane.gov.za/Tshwanesms/Map.aspx,"-25.8112,28.7166|RIAMARPARK#0",2026-10-05 22:35:03.937620+00:00,2026-10-10 12:24:06.234248+00:00,109.82
-25.8059661,28.7093273,RIAMARPARK X04,POPPY STREET,TSH,79900102,https://powerfailure.tshwane.gov.za/Tshwanesms/Map.aspx,"-25.8060,28.7093|RIAMARPARK X04#0",2026-09-29 20:42:53.961596+00:00,2026-10-10 12:24:06.234248+00:00,255.69
-25.7780554,28.3356931,WAPADRAND X01,BRIEKBLOK PLACE,TSH,79900085,https://powerfailure.tshwane.gov.za/Tshwanesms/Map.aspx,"-25.7781,28.3357|WAPADRAND X01#0",2026-09-29 08:23:13.536342+00:00,2026-10-10 12:24:06.234248+00:00,268.01
-25.5197465,28.0961788,SOSHANGUVE-F,STAND 2269,TSH,79900029,https://powerfailure.tshwane.gov.za/Tshwanesms/Map.aspx,"-25.5197,28.0962|SOSHANGUVE-F#0",2026-09-23 15:54:26.696532+00:00,2026-10-10 12:24:06.234248+00:00,404.49
-25.7248515,28.2150815,DEERNESS,STUART STREET,TSH,79900053,https://powerfailure.tshwane.gov.za/Tshwanesms/Map.aspx,"-25.7249,28.2151|DEERNESS#0",2026-10-07 23:02:05.111773+00:00,2026-10-10 12:24:06.234248+00:00,61.37
-25.6413631,28.191535,DE ONDERSTEPOORT 300-JR,A21233,TSH,79900096,https://powerfailure.tshwane.gov.za/Tshwanesms/Map.aspx,"-25.6414,28.1915|DE ONDERSTEPOORT 300-JR#0",2026-10-05 22:35:03.937620+00:00,2026-10-10 12:24:06.234248+00:00,109.82
-25.6800682,28.3173634,DERDEPOORT 326-JR,BP-125-05,TSH,79900087,https://powerfailure.tshwane.gov.za/Tshwanesms/Map.aspx,"-25.6801,28.3174|DERDEPOORT 326-JR#0",2026-10-09 13:08:42.013082+00:00,2026-10-10 12:24:06.234248+00:00,23.26
-25.6916626,28.3272369,DERDEPOORT 326-JR,PL BP-104-28 (STAND 347),TSH,79900087,https://powerfailure.tshwane.gov.za/Tshwanesms/Map.aspx,"-25.6917,28.3272|DERDEPOORT 326-JR#0",2026-10-08 10:27:19.292786+00:00,2026-10-10 12:24:06.234248+00:00,49.95
-25.6731094,28.27754,DERDEPOORT 326-JR,PL DW-032-14-03N,TSH,79900087,https://powerfailure.tshwane.gov.za/Tshwanesms/Map.aspx,"-25.6731,28.2775|DERDEPOORT 326-JR#0",2026-10-08 10:27:19.292786+00:00,2026-10-10 12:24:06.234248+00:00,49.95
-25.7176299,28.3261887,DESPATCH,PRICE STREET,TSH,79900043,https://powerfailure.tshwane.gov.za/Tshwanesms/Map.aspx,"-25.7176,28.3262|DESPATCH#0",2026-10-10 12:24:06.234248+00:00,2026-10-10 12:24:06.234248+00:00,0.0
-25.7603941,28.3030191,DIE WILGERS,KONTAK STREET,TSH,79900046,https://powerfailure.tshwane.gov.za/Tshwanesms/Map.aspx,"-25.7604,28.3030|DIE WILGERS#0",2026-09-30 06:38:52.006832+00:00,2026-10-10 12:24:06.234248+00:00,245.75
-25.6742159,28.1578761,DORANDIA X04,LINEATA STREET,TSH,79900098,https://powerfailure.tshwane.gov.za/Tshwanesms/Map.aspx,"-25.6742,28.1579|DORANDIA X04#0",2026-10-09 13:08:42.013082+00:00,2026-10-10 12:24:06.234248+00:00,23.26
-25.6711038,28.1549296,DORANDIA X05,STRIATA AVENUE,TSH,79900098,https://powerfailure.tshwane.gov.za/Tshwanesms/Map.aspx,"-25.6711,28.1549|DORANDIA X05#0",2026-10-09 13:08:42.013082+00:00,2026-10-10 12:24:06.234248+00:00,23.26
-25.6761979,28.1647132,DORANDIA X08,RAMENAS STREET,TSH,79900002,https://powerfailure.tshwane.gov.za/Tshwanesms/Map.aspx,"-25.6762,28.1647|DORANDIA X08#0",2026-10-09 13:08:42.013082+00:00,2026-10-10 12:24:06.234248+00:00,23.26
-25.6700209,28.1532008,DORANDIA X16,CILIARIS STREET,TSH,79900098,https://powerfailure.tshwane.gov.za/Tshwanesms/Map.aspx,"-25.6700,28.1532|DORANDIA X16#0",2026-10-09 13:08:42.013082+00:00,2026-10-10 12:24:06.234248+00:00,23.26
-25.8573346,28.2022559,DORINGKLOOF,LEONIE STREET,TSH,79900078,https://powerfailure.tshwane.gov.za/Tshwanesms/Map.aspx,"-25.8573,28.2023|DORINGKLOOF#0",2026-09-23 15:54:26.696532+00:00,2026-10-10 12:24:06.234248+00:00,404.49
-25.8512962,28.2141934,DORINGKLOOF,CALEDON AVENUE,TSH,79900078,https://powerfailure.tshwane.gov.za/Tshwanesms/Map.aspx,"-25.8513,28.2142|DORINGKLOOF#0",2026-09-23 15:54:26.696532+00:00,2026-10-10 12:24:06.234248+00:00,404.49
-25.8547186,28.2126449,DORINGKLOOF,SONJA STREET,TSH,79900078,https://powerfailure.tshwane.gov.za/Tshwanesms/Map.aspx,"-25.8547,28.2126|DORINGKLOOF#0",2026-09-23 15:54:26.696532+00:00,2026-10-10 12:24:06.234248+00:00,404.49
-25.4745305,28.0847815,SOSHANGUVE-NN,STAND 1301,TSH,79900011,https://powerfailure.tshwane.gov.za/Tshwanesms/Map.aspx,"-25.4745,28.0848|SOSHANGUVE-NN#0",2026-09-23 15:54:26.696532+00:00,2026-10-10 12:24:06.234248+00:00,404.49
-25.4760835,28.0853604,SOSHANGUVE-NN,STAND 1419,TSH,79900011,https://powerfailure.tshwane.gov.za/Tshwanesms/Map.aspx,"-25.4761,28.0854|SOSHANGUVE-NN#0",2026-09-23 15:54:26.696532+00:00,2026-10-10 12:24:06.234248+00:00,404.49
-25.7860975,28.105053,LAUDIUM,PEARL STREET,TSH,79900061,https://powerfailure.tshwane.gov.za/Tshwanesms/Map.aspx,"-25.7861,28.1051|LAUDIUM#0",2026-10-09 19:30:15.533813+00:00,2026-10-10 12:24:06.234248+00:00,16.9
-25.7861338,28.0981519,LAUDIUM,EMERALD STREET,TSH,79900061,https://powerfailure.tshwane.gov.za/Tshwanesms/Map.aspx,"-25.7861,28.0982|LAUDIUM#0",2026-10-09 19:30:15.533813+00:00,2026-10-10 12:24:06.234248+00:00,16.9
-25.7053671,28.3826643,MAMELODI,MAKGATHOLELA STREET,TSH,79900023,https://powerfailure.tshwane.gov.za/Tshwanesms/Map.aspx,"-25.7054,28.3827|MAMELODI#0",2026-10-09 13:08:42.013082+00:00,2026-10-10 12:24:06.234248+00:00,23.26
-25.7204077,28.4068803,MAMELODI X06,MOKATA STREET,TSH,79900040,https://powerfailure.tshwane.gov.za/Tshwanesms/Map.aspx,"-25.7204,28.4069|MAMELODI X06#0",2026-09-23 15:54:26.696532+00:00,2026-10-10 12:24:06.234248+00:00,404.49
-25.7301464,28.4408322,MAMELODI X18,MICHEAL  XOLO AVENUE,TSH,79900097,https://powerfailure.tshwane.gov.za/Tshwanesms/Map.aspx,"-25.7301,28.4408|MAMELODI X18#0",2026-09-23 15:54:26.696532+00:00,2026-10-10 12:24:06.234248+00:00,404.49
-25.8175192,28.2915419,MORELETAPARK X02,PALMIET STREET,TSH,79900083,https://powerfailure.tshwane.gov.za/Tshwanesms/Map.aspx,"-25.8175,28.2915|MORELETAPARK X02#0",2026-09-29 08:23:13.536342+00:00,2026-10-10 12:24:06.234248+00:00,268.01
-25.83025,28.2875603,MORELETAPARK X27,MURPHY PLACE,TSH,79900047,https://powerfailure.tshwane.gov.za/Tshwanesms/Map.aspx,"-25.8302,28.2876|MORELETAPARK X27#0",2026-09-29 08:23:13.536342+00:00,2026-10-10 12:24:06.234248+00:00,268.01
-25.8328502,28.2879222,MORELETAPARK X27,BERRY PLACE,TSH,79900047,https://powerfailure.tshwane.gov.za/Tshwanesms/Map.aspx,"-25.8329,28.2879|MORELETAPARK X27#0",2026-09-29 08:23:13.536342+00:00,2026-10-10 12:24:06.234248+00:00,268.01
-25.8344853,28.2872022,MORELETAPARK X27,FREEDMANN AVENUE,TSH,79900047,https://powerfailure.tshwane.gov.za/Tshwanesms/Map.aspx,"-25.8345,28.2872|MORELETAPARK X27#0",2026-09-29 08:23:13.536342+00:00,2026-10-10 12:24:06.234248+00:00,268.01
-25.8315152,28.2901288,MORELETAPARK X27,CHRISTALLER STREET,TSH,79900047,https://powerfailure.tshwane.gov.za/Tshwanesms/Map.aspx,"-25.8315,28.2901|MORELETAPARK X27#0",2026-09-29 08:23:13.536342+00:00,2026-10-10 12:24:06.234248+00:00,268.01
-25.8239869,28.2872723,MORELETAPARK X19,VINCENT STREET,TSH,79900047,https://powerfailure.tshwane.gov.za/Tshwanesms/Map.aspx,"-25.8240,28.2873|MORELETAPARK X19#0",2026-10-08 10:27:19.292786+00:00,2026-10-10 12:24:06.234248+00:00,49.95
-25.8279933,28.2986155,MORELETAPARK X23,KAMMASSIE CRESCENT,TSH,79900047,https://powerfailure.tshwane.gov.za/Tshwanesms/Map.aspx,"-25.8280,28.2986|MORELETAPARK X23#0",2026-09-29 20:42:53.961596+00:00,2026-10-10 12:24:06.234248+00:00,255.69
-25.8335583,28.3008435,MORELETAPARK X41,LYNTON STREET,TSH,79900091,https://powerfailure.tshwane.gov.za/Tshwanesms/Map.aspx,"-25.8336,28.3008|MORELETAPARK X41#0",2026-09-29 08:23:13.536342+00:00,2026-10-10 12:24:06.234248+00:00,268.01
-25.8320856,28.3003918,MORELETAPARK X41,CARLA PLACE,TSH,79900091,https://powerfailure.tshwane.gov.za/Tshwanesms/Map.aspx,"-25.8321,28.3004|MORELETAPARK X41#0",2026-09-29 08:23:13.536342+00:00,2026-10-10 12:24:06.234248+00:00,268.01
-25.8322607,28.3308074,RIETFONTEIN 375-JR,SPANISH GALLIARD AVENUE,TSH,79900091,https://powerfailure.tshwane.gov.za/Tshwanesms/Map.aspx,"-25.8323,28.3308|RIETFONTEIN 375-JR#0",2026-09-23 15:54:26.696532+00:00,2026-10-10 12:24:06.234248+00:00,404.49
-25.835318,28.3345792,RIETFONTEIN 375-JR,SPANISH GALLIARD AVENUE,TSH,79900091,https://powerfailure.tshwane.gov.za/Tshwanesms/Map.aspx,"-25.8353,28.3346|RIETFONTEIN 375-JR#0",2026-09-23 15:54:26.696532+00:00,2026-10-10 12:24:06.234248+00:00,404.49
-25.7331505,28.2119694,RIVIERA,ANNIE BOTHA AVENUE,TSH,79900053,https://powerfailure.tshwane.gov.za/Tshwanesms/Map.aspx,"-25.7332,28.2120|RIVIERA#0",2026-10-07 10:10:01.835441+00:00,2026-10-10 12:24:06.234248+00:00,74.23
-25.7351248,28.2178763,RIVIERA,BRIAN STREET,TSH,79900053,https://powerfailure.tshwane.gov.za/Tshwanesms/Map.aspx,"-25.7351,28.2179|RIVIERA#0",2026-10-07 23:02:05.111773+00:00,2026-10-10 12:24:06.234248+00:00,61.37
-25.7356915,28.219875,RIVIERA,BETTY STREET,TSH,79900053,https://powerfailure.tshwane.gov.za/Tshwanesms/Map.aspx,"-25.7357,28.2199|RIVIERA#0",2026-10-07 23:02:05.111773+00:00,2026-10-10 12:24:06.234248+00:00,61.37
-25.7131797,28.178696,ROSEVILLE,SMOOK AVENUE,TSH,79900001,https://powerfailure.tshwane.gov.za/Tshwanesms/Map.aspx,"-25.7132,28.1787|ROSEVILLE#0",2026-10-07 23:02:05.111773+00:00,2026-10-10 12:24:06.234248+00:00,61.37
-25.7586725,28.2174449,SUNNYSIDE,COMPANY STREET,TSH,79900092,https://powerfailure.tshwane.gov.za/Tshwanesms/Map.aspx,"-25.7587,28.2174|SUNNYSIDE#0",2026-09-23 15:54:26.696532+00:00,2026-10-10 12:24:06.234248+00:00,404.49
-25.7555815,28.2073438,SUNNYSIDE,LEYDS STREET,TSH,79900059,https://powerfailure.tshwane.gov.za/Tshwanesms/Map.aspx,"-25.7556,28.2073|SUNNYSIDE#0",2026-10-05 22:35:03.937620+00:00,2026-10-10 12:24:06.234248+00:00,109.82
-25.8009319,28.2734279,WATERKLOOF GLEN,JILL STREET,TSH,79900083,https://powerfailure.tshwane.gov.za/Tshwanesms/Map.aspx,"-25.8009,28.2734|WATERKLOOF GLEN#0",2026-10-08 10:27:19.292786+00:00,2026-10-10 12:24:06.234248+00:00,49.95
-25.7997819,28.2818147,WATERKLOOF GLEN X06,DUNHILL STREET,TSH,79900083,https://powerfailure.tshwane.gov.za/Tshwanesms/Map.aspx,"-25.7998,28.2818|WATERKLOOF GLEN X06#0",2026-09-23 15:54:26.696532+00:00,2026-10-10 12:24:06.234248+00:00,404.49
-25.793627,28.2838654,WATERKLOOF GLEN X05,ROOIGRAS STREET,TSH,79900083,https://powerfailure.tshwane.gov.za/Tshwanesms/Map.aspx,"-25.7936,28.2839|WATERKLOOF GLEN X05#0",2026-10-10 12:24:06.234248+00:00,2026-10-10 12:24:06.234248+00:00,0.0
-25.7655203,28.3633851,WILLOW ACRES X09,GEORGE BOULEVARD,TSH,79900101,https://powerfailure.tshwane.gov.za/Tshwanesms/Map.aspx,"-25.7655,28.3634|WILLOW ACRES X09#0",2026-10-02 22:56:53.748764+00:00,2026-10-10 12:24:06.234248+00:00,181.45
-25.7656443,28.3627032,WILLOW ACRES X09,GEORGE BOULEVARD,TSH,79900101,https://powerfailure.tshwane.gov.za/Tshwanesms/Map.aspx,"-25.7656,28.3627|WILLOW ACRES X09#0",2026-10-03 08:01:40.485595+00:00,2026-10-10 12:24:06.234248+00:00,172.37
-25.7632627,28.3633715,WILLOW ACRES X09,GEORGE BOULEVARD,TSH,79900101,https://powerfailure.tshwane.gov.za/Tshwanesms/Map.aspx,"-25.7633,28.3634|WILLOW ACRES X09#0",2026-10-03 08:01:40.485595+00:00,2026-10-10 12:24:06.234248+00:00,172.37
-25.7623156,28.363728,WILLOW ACRES X10,GEORGE BOULEVARD,TSH,79900101,https://powerfailure.tshwane.gov.za/Tshwanesms/Map.aspx,"-25.7623,28.3637|WILLOW ACRES X10#0",2026-10-03 08:01:40.485595+00:00,2026-10-10 12:24:06.234248+00:00,172.37
-25.7627239,28.3647912,WILLOW ACRES X10,GEORGE BOULEVARD,TSH,79900101,https://powerfailure.tshwane.gov.za/Tshwanesms/Map.aspx,"-25.7627,28.3648|WILLOW ACRES X10#0",2026-10-03 08:01:40.485595+00:00,2026-10-10 12:24:06.234248+00:00,172.37
-25.7630916,28.3674447,WILLOW ACRES X10,GEORGE BOULEVARD,TSH,79900101,https://powerfailure.tshwane.gov.za/Tshwanesms/Map.aspx,"-25.7631,28.3674|WILLOW ACRES X10#0",2026-10-03 08:01:40.485595+00:00,2026-10-10 12:24:06.234248+00:00,172.37
-25.7679625,28.3624007,WILLOW ACRES X12,GEORGE BOULEVARD,TSH,79900101,https://powerfailure.tshwane.gov.za/Tshwanesms/Map.aspx,"-25.7680,28.3624|WILLOW ACRES X12#0",2026-10-01 05:43:47.300229+00:00,2026-10-10 12:24:06.234248+00:00,222.67
-25.7669338,28.3630717,WILLOW ACRES X12,GEORGE BOULEVARD,TSH,79900101,https://powerfailure.tshwane.gov.za/Tshwanesms/Map.aspx,"-25.7669,28.3631|WILLOW ACRES X12#0",2026-10-03 08:01:40.485595+00:00,2026-10-10 12:24:06.234248+00:00,172.37
-25.6452475,28.1308333,KLERKSOORD AH,CNR DIAMANT & WILLEM CRUYWAGEN,TSH,79900098,https://powerfailure.tshwane.gov.za/Tshwanesms/Map.aspx,"-25.6452,28.1308|KLERKSOORD AH#0",2026-10-07 23:02:05.111773+00:00,2026-10-10 12:24:06.234248+00:00,61.37
-25.6722853,28.1383656,THERESAPARK X02,ROOIHARTBEES,TSH,79900098,https://powerfailure.tshwane.gov.za/Tshwanesms/Map.aspx,"-25.6723,28.1384|THERESAPARK X02#0",2026-10-05 15:56:27.539408+00:00,2026-10-10 12:24:06.234248+00:00,116.46
-25.8184974,28.7510266,ERASMUS X05,LILA AVENUE,TSH,79900105,https://powerfailure.tshwane.gov.za/Tshwanesms/Map.aspx,"-25.8185,28.7510|ERASMUS X05#0",2026-09-28 15:21:37.292442+00:00,2026-10-10 12:24:06.234248+00:00,285.04
-25.8166519,28.7548011,ERASMUS X15,ERASMUS,TSH,79900105,https://powerfailure.tshwane.gov.za/Tshwanesms/Map.aspx,"-25.8167,28.7548|ERASMUS X15#0",2026-10-09 19:30:15.533813+00:00,2026-10-10 12:24:06.234248+00:00,16.9
-25.806943,28.7137561,RIAMARPARK,HORTENSIA STREET,TSH,79900102,https://powerfailure.tshwane.gov.za/Tshwanesms/Map.aspx,"-25.8069,28.7138|RIAMARPARK#0",2026-09-29 20:42:53.961596+00:00,2026-10-10 12:24:06.234248+00:00,255.69
-25.8067149,28.7095204,RIAMARPARK X04,PANSY STREET,TSH,79900102,https://powerfailure.tshwane.gov.za/Tshwanesms/Map.aspx,"-25.8067,28.7095|RIAMARPARK X04#0",2026-09-28 15:21:37.292442+00:00,2026-10-10 12:24:06.234248+00:00,285.04
-25.4820718,28.1107538,SOSHANGUVE-DD,STAND 203,TSH,79900088,https://powerfailure.tshwane.gov.za/Tshwanesms/Map.aspx,"-25.4821,28.1108|SOSHANGUVE-DD#0",2026-09-23 15:54:26.696532+00:00,2026-10-10 12:24:06.234248+00:00,404.49
-25.4903941,28.111169,SOSHANGUVE-DD,STAND 793,TSH,79900088,https://powerfailure.tshwane.gov.za/Tshwanesms/Map.aspx,"-25.4904,28.1112|SOSHANGUVE-DD#0",2026-09-30 23:43:30.173884+00:00,2026-10-10 12:24:06.234248+00:00,228.68
-25.5186832,28.0972618,SOSHANGUVE-F,STAND 979,TSH,79900029,https://powerfailure.tshwane.gov.za/Tshwanesms/Map.aspx,"-25.5187,28.0973|SOSHANGUVE-F#0",2026-09-29 20:42:53.961596+00:00,2026-10-10 12:24:06.234248+00:00,255.69
